facility_id,facility_name,facility_type,ward_name,lga_name,sen_district,state_name,ownership,longitude,latitude,longitude_clean,lon_format,latitude_clean,lat_format,coord_status,duplicate_of,mif_lon,mif_lat,med_officers,nurses_midwives,chews,lab_scientists,pharm_techs,personnel_score,sen_rank,_merge,canonical_lon,canonical_lat,geometry_source,geometry_note
HF00260,Uzoyosa Primary Health Centre,Primary Health Centre,Agbratu,Agbmita,Agbzatu North,Agbzatu State,Public,7.908017,7.950908,7.908017,plain,7.950908,plain,ok,,7.908017,7.950908,0.0,4.0,4.0,2.0,0.0,20.9,40.0,both,7.908017,7.950908,mif_consistent_with_register,
HF00805,Baungowa Primary Health Centre,Primary Health Centre,Uzoyodu,Tamwata-South,Uzojina Central,Uzojina State,Public,10.148729,8.435272,10.148729,plain,8.435272,plain,ok,,10.148729,8.435272,0.0,3.0,1.0,2.0,1.0,18.4,39.0,both,10.148729,8.435272,mif_consistent_with_register,
HF00465,Enungoshi Primary Health Centre,Primary Health Centre,Olulusa,Umumayi,Agbzatu South,Agbzatu State,Public,7.805461,9.003807,7.805461,plain,9.003807,plain,ok,,,,,,,,,,,left_only,7.805461,9.003807,register,
HF01015,Riykema Primary Health Centre,Primary Health Centre,Soktiba,Funkedu,Supwasa Central,Supwasa State,Public,10.373417,11.38859,10.373417,plain,11.38859,plain,ok,,10.373417,11.38859,0.0,7.0,6.0,2.0,3.0,39.8,40.0,both,10.373417,11.38859,mif_consistent_with_register,
HF01201,Kadnami Comprehensive Health Centre,Comprehensive Health Centre,Adeketu,Daibewo,Agbkeko Central,Agbkeko State,Private,9.177497,9.482001,9.177497,plain,9.482001,plain,ok,,9.177497,9.482001,6.0,3.0,11.0,4.0,3.0,75.3,6.0,both,9.177497,9.482001,mif_consistent_with_register,
HF00273,Supnuwa Primary Health Centre,Primary Health Centre,Katlano,Malmaba,Agbzatu North,Agbzatu State,Public,7.565845,7.982768,7.565845,plain,7.982768,plain,ok,,7.565845,7.982768,0.0,3.0,3.0,2.0,0.0,17.6,52.0,both,7.565845,7.982768,mif_consistent_with_register,
HF00627,Iroduna Primary Health Centre,Primary Health Centre,Hanradu,Daidefa,Tivbetu Central,Tivbetu State,Public,7.045256,11.00942,7.045256,plain,11.00942,plain,ok,,7.045256,11.00942,2.0,5.0,3.0,1.0,0.0,34.4,22.0,both,7.045256,11.00942,mif_consistent_with_register,
HF00670,Duttiko Health Post,Health Post,Zamwari,Hanjiko,Tivbetu South,Tivbetu State,Public,8.619,11.144178,8.619,plain,11.144178,plain,ok,,8.619,11.144178,1.0,2.0,2.0,1.0,1.0,22.0,45.0,both,8.619,11.144178,mif_consistent_with_register,
HF01243,Sokzayi Comprehensive Health Centre,Comprehensive Health Centre,Irowani,Hanjile,Agbkeko Central,Agbkeko State,Public,9.890179,9.661979,9.890179,plain,9.661979,plain,ok,,9.890179,9.661979,0.0,7.0,2.0,0.0,3.0,27.1,35.0,both,9.890179,9.661979,mif_consistent_with_register,
HF01067,Wurbesa Primary Health Centre,Primary Health Centre,Hantsishi,Okeyoru-South,Supwasa Central,Supwasa State,Public,9.875497,10.846114,9.875497,plain,10.846114,plain,ok,,9.875497,10.846114,3.0,8.0,10.0,0.0,1.0,57.4,14.0,both,9.875497,10.846114,mif_consistent_with_register,
HF00948,Kukrini Primary Health Centre,Primary Health Centre,Uzotsija,Adekeni,Supwasa North,Supwasa State,Public,"9°38'33.6""E","10°56'19.9""N",9.642666666666669,dms,10.93886111111111,dms,ok,,9.64267,10.938854,1.0,1.0,1.0,0.0,0.0,11.6,24.0,both,9.64267,10.938854,mif_consistent_with_register,
HF00985,Hanluko Primary Health Centre,Primary Health Centre,Adesale,ZAMBANI,Supwasa Central,Supwasa State,Public,10.04905,11.212248,10.04905,plain,11.212248,plain,ok,,10.04905,11.212248,2.0,4.0,12.0,2.0,1.0,50.9,23.0,both,10.04905,11.212248,mif_consistent_with_register,
HF00573,Funrayi Primary Health Centre,Primary Health Centre,Adewadu,Dutwano,Tivbetu Central,Tivbetu State,Public,7.630692,11.172943,7.630692,plain,11.172943,plain,ok,,7.630692,11.172943,1.0,4.0,3.0,0.0,0.0,20.4,42.0,both,7.630692,11.172943,mif_consistent_with_register,
HF00512,Oluyota Primary Health Centre,Primary Health Centre,Adetsile,Bauzani,Tivbetu North,Tivbetu State,Public,8.1,10.52,8.1,plain,10.52,plain,ok,,8.10157,10.518407,0.0,0.0,6.0,1.0,1.0,14.8,58.0,both,8.10157,10.518407,mif_consistent_with_register,
HF00003,Sokriba Cottage Hospital,Cottage Hospital,Katzano,Maltsimi,Kukrima North,Kukrima State,Public,6.207094,9.310755,6.207094,plain,9.310755,plain,ok,,6.207094,9.310755,4.0,13.0,14.0,5.0,2.0,94.6,2.0,both,6.207094,9.310755,mif_consistent_with_register,
HF00770,Gwozaba Health Post,Health Post,Uzosawo,Tamluni,Uzojina North,Uzojina State,Public,8.442248,7.967341,8.442248,plain,7.967341,plain,ok,,8.442248,7.967341,0.0,1.0,2.0,0.0,0.0,4.6,83.0,both,8.442248,7.967341,mif_consistent_with_register,
HF00622,Okedushi Health Post,Health Post,Supsani,Daidefa ,Tivbetu Central,Tivbetu State,Public,6.945808,10.924193,6.945808,plain,10.924193,plain,ok,,6.945808,10.924193,0.0,2.0,2.0,0.0,0.0,6.7,54.0,both,6.945808,10.924193,mif_consistent_with_register,
HF00892,Yobludu Health Post,Health Post,Yeldena,Loksayi,Uzojina South,Uzojina State,Public,8.376408,9.003115,8.376408,plain,9.003115,plain,ok,,8.376408,9.003115,1.0,0.0,2.0,0.0,0.0,10.8,58.0,both,8.376408,9.003115,mif_consistent_with_register,
HF00611,Funnufa Health Post,Health Post,Josnata,Ironama,Tivbetu Central,Tivbetu State,Public,7.713948,10.9272,7.713948,plain,10.9272,plain,ok,,7.713948,10.9272,0.0,1.0,0.0,0.0,0.0,2.1,62.0,both,7.713948,10.9272,mif_consistent_with_register,
HF00268,Umuwama Health Post,Health Post,Enunayi,Agbmita,Agbzatu North,Agbzatu State,Private,8.235656,8.049994,8.235656,plain,8.049994,plain,ok,,8.235656,8.049994,0.0,2.0,1.0,0.0,0.0,5.4,80.0,both,8.235656,8.049994,mif_consistent_with_register,
HF00667,Soksharu Primary Health Centre,Primary Health Centre,Sokyowa,Hanjiko,Tivbetu South,Tivbetu State,Public,8.611593,10.999355,8.611593,plain,10.999355,plain,ok,,8.611593,10.999355,0.0,5.0,3.0,0.0,1.0,17.6,55.0,both,8.611593,10.999355,mif_consistent_with_register,
HF00557,Kuklawa Primary Health Centre,Primary Health Centre,Birtima,Soktimi,Tivbetu North,Tivbetu State,Private,7.585153,10.02703,7.585153,plain,10.02703,plain,ok,,7.585153,10.02703,0.0,1.0,3.0,0.0,1.0,9.3,68.0,both,7.585153,10.02703,mif_consistent_with_register,
HF00890,Irowaru Cottage Hospital,Cottage Hospital,Nasrari,Loksayi,Uzojina South,Uzojina State,Public,8.143249,8.751841,8.143249,plain,8.751841,plain,ok,,8.143249,8.751841,1.0,5.0,9.0,2.0,6.0,47.6,11.0,both,8.143249,8.751841,mif_consistent_with_register,
HF00762,Ibamano Health Post,Health Post,Riylale,Tamluni,Uzojina North,Uzojina State,Public,8.397973,7.799525,8.397973,plain,7.799525,plain,ok,,8.397973,7.799525,1.0,2.0,1.0,0.0,0.0,13.7,54.0,both,8.397973,7.799525,mif_consistent_with_register,
HF01107,Hanzano Health Post,Health Post,Agbdeni,Loknaba,Supwasa South,Supwasa State,Public,8.92082,11.504555,8.92082,plain,11.504555,plain,ok,,8.92082,11.504555,1.0,1.0,2.0,1.0,0.0,16.6,33.0,both,8.92082,11.504555,mif_consistent_with_register,
HF00856,Zamduru Primary Health Centre,Primary Health Centre,Wurtimi,Wurkota,Uzojina Central,Uzojina State,Public,8.980323,8.545614,8.980323,plain,8.545614,plain,ok,,8.980323,8.545614,3.0,3.0,4.0,1.0,2.0,46.4,13.0,both,8.980323,8.545614,mif_consistent_with_register,
HF00558,Zammashi Primary Health Centre,Primary Health Centre,Birtima,Soktimi,Tivbetu North,Tivbetu State,Public,7.570048,9.926803,7.570048,plain,9.926803,plain,ok,,,,,,,,,,,left_only,7.570048,9.926803,register,
HF00814,Yelmashi Primary Health Centre,Primary Health Centre,Daideli,Daishali-Central,Uzojina Central,Uzojina State,Public,9.13,8.13,9.13,plain,8.13,plain,ok,,9.130676,8.129522,2.0,1.0,4.0,2.0,0.0,31.1,18.0,both,9.130676,8.129522,mif_consistent_with_register,
HF00438,Joszano Health Post,Health Post,Daijiwa,Agbngoru,Agbzatu South,Agbzatu State,Public,7.398021,8.406092,7.398021,plain,8.406092,plain,ok,,7.398021,8.406092,0.0,1.0,1.0,0.0,0.0,3.4,61.0,both,7.398021,8.406092,mif_consistent_with_register,
HF00054,Uzowasa Health Post,Health Post,Wurjimi,Irolufa ,Kukrima North,Kukrima State,Public,6.110032,9.753453,6.110032,plain,9.753453,plain,ok,,6.110032,9.753453,1.0,2.0,1.0,0.0,0.0,13.7,55.0,both,6.110032,9.753453,mif_consistent_with_register,
HF00507,Yelrili Primary Health Centre,Primary Health Centre,Banluba,Bauzani ,Tivbetu North,Tivbetu State,Private,7.870121,10.361789,7.870121,plain,10.361789,plain,ok,,7.870121,10.361789,0.0,1.0,5.0,1.0,1.0,15.6,55.0,both,7.870121,10.361789,mif_consistent_with_register,
HF01185,Wurdude Cottage Hospital,Cottage Hospital,Iroyori,Yeltili,Agbkeko North,Agbkeko State,Faith-based,9.836989,8.910924,9.836989,plain,8.910924,plain,ok,,9.836989,8.910924,0.0,1.0,8.0,2.0,2.0,26.5,16.0,both,9.836989,8.910924,mif_consistent_with_register,
HF01076,Zamjile Primary Health Centre,Primary Health Centre,Uzojiri,Ekedeta-East,Supwasa South,Supwasa State,Private,9.287224,11.580015,9.287224,plain,11.580015,plain,ok,,,,,,,,,,,left_only,9.287224,11.580015,register,
HF00980,Katkona Health Post,Health Post,Sokdeba,Zambani,Supwasa Central,Supwasa State,Faith-based,,,,missing,,missing,missing_coordinates,,10.029337,11.067283,1.0,2.0,0.0,0.0,0.0,12.4,78.0,both,10.029337,11.067283,mif_only_register_missing,
HF00135,Enubaja Primary Health Centre,Primary Health Centre,Adetidu,Gwolama,Kukrima Central,Kukrima State,Public,6.727273,9.542573,6.727273,plain,9.542573,plain,ok,,,,,,,,,,,left_only,6.727273,9.542573,register,
HF01196,Maljini Primary Health Centre,Primary Health Centre,Kuknayi,Yeltili,Agbkeko North,Agbkeko State,Public,10.180412,9.060246,10.180412,plain,9.060246,plain,ok,,10.180412,9.060246,1.0,3.0,4.0,0.0,1.0,22.9,18.0,both,10.180412,9.060246,mif_consistent_with_register,
HF00521,Naslasa Primary Health Centre,Primary Health Centre,Supbena,Agbzawa-South,Tivbetu North,Tivbetu State,Public,8.360091,9.987065,8.360091,plain,9.987065,plain,ok,,8.360091,9.987065,1.0,6.0,0.0,1.0,1.0,27.8,30.0,both,8.360091,9.987065,mif_consistent_with_register,
HF00109,Supmino Primary Health Centre,Primary Health Centre,Katzale,Lokbaru ,Kukrima Central,Kukrima State,Public,6.640567,9.831372,6.640567,plain,9.831372,plain,ok,,6.640567,9.831372,1.0,2.0,4.0,1.0,1.0,24.6,26.0,both,6.640567,9.831372,mif_consistent_with_register,
HF00310,Wurnali Health Post,Health Post,Riyriru,Josduri-South,Agbzatu North,Agbzatu State,Public,,,,missing,,missing,missing_coordinates,,7.457069,7.461288,1.0,2.0,1.0,0.0,0.0,13.7,61.0,both,7.457069,7.461288,mif_only_register_missing,
HF00846,Ngeduli Primary Health Centre,Primary Health Centre,Gwoyowo,Adelaja-North,Uzojina Central,Uzojina State,Private,9.272512,8.539446,9.272512,plain,8.539446,plain,ok,,9.272512,8.539446,1.0,4.0,1.0,0.0,1.0,21.2,32.0,both,9.272512,8.539446,mif_consistent_with_register,
HF00517,Zamjino Primary Health Centre,Primary Health Centre,Nasbayi,Agbzawa-South,Tivbetu North,Tivbetu State,Public,8.206622,9.791996,8.206622,plain,9.791996,plain,ok,,8.206622,9.791996,0.0,3.0,7.0,1.0,0.0,18.9,49.0,both,8.206622,9.791996,mif_consistent_with_register,
HF00322,Kadkeni Primary Health Centre,Primary Health Centre,Okeshali,Gwodele-South,Agbzatu North,Agbzatu State,Public,7.959599,7.670939,7.959599,plain,7.670939,plain,ok,,7.959599,7.670939,0.0,2.0,5.0,2.0,0.0,18.1,51.0,both,7.959599,7.670939,mif_consistent_with_register,
HF00123,Tamlatu Health Post,Health Post,Wurdesa,Agbjide,Kukrima Central,Kukrima State,Public,6.821893,9.21825,6.821893,plain,9.21825,plain,ok,,6.821893,9.21825,0.0,0.0,1.0,0.0,0.0,1.3,75.0,both,6.821893,9.21825,mif_consistent_with_register,
HF01155,Ngeshashi Primary Health Centre,Primary Health Centre,Tivdewo,Jostile,Agbkeko North,Agbkeko State,Public,9.908889,9.521433,9.908889,plain,9.521433,plain,ok,,9.908889,9.521433,0.0,2.0,3.0,1.0,0.0,11.8,38.0,both,9.908889,9.521433,mif_consistent_with_register,
HF00454,Irosashi Cottage Hospital,Cottage Hospital,Okelaja,DAISHAKO,Agbzatu South,Agbzatu State,Public,7.583417,8.784474,7.583417,plain,8.784474,plain,ok,,7.583417,8.784474,5.0,3.0,8.0,0.0,4.0,56.5,7.0,both,7.583417,8.784474,mif_consistent_with_register,
HF00804,Hankoyi Cottage Hospital,Cottage Hospital,Uzoyodu,Tamwata-South,Uzojina Central,Uzojina State,Public,10.187914,8.448977,10.187914,plain,8.448977,plain,ok,,10.187914,8.448977,0.0,0.0,5.0,3.0,0.0,17.6,40.0,both,10.187914,8.448977,mif_consistent_with_register,
HF00516,Ekenufa Primary Health Centre,Primary Health Centre,Nasbayi,Agbzawa-South,Tivbetu North,Tivbetu State,Public,8.216741,9.757699,8.216741,plain,9.757699,plain,ok,,8.216741,9.757699,0.0,2.0,4.0,1.0,0.0,13.0,62.0,both,8.216741,9.757699,mif_consistent_with_register,
HF00589,Adedeta Health Post,Health Post,Yelzafa,Irongori,Tivbetu Central,Tivbetu State,Private,7.947185,10.823491,7.947185,plain,10.823491,plain,ok,,7.947185,10.823491,0.0,3.0,1.0,1.0,0.0,11.3,50.0,both,7.947185,10.823491,mif_consistent_with_register,
HF00058,Yobyole Comprehensive Health Centre,Comprehensive Health Centre,Kuknuno,Irolufa,Kukrima North,Kukrima State,Private,6.197444,10.015032,6.197444,plain,10.015032,plain,ok,,6.197444,10.015032,5.0,4.0,6.0,2.0,3.0,63.5,6.0,both,6.197444,10.015032,mif_consistent_with_register,
HF01154,Lokkeba Health Post,Health Post,Tivdewo,Jostile,Agbkeko North,Agbkeko State,Public,9.89696,9.515498,9.89696,plain,9.515498,plain,ok,,9.89696,9.515498,0.0,0.0,1.0,0.0,0.0,1.3,57.0,both,9.89696,9.515498,mif_consistent_with_register,
HF00167,Zamlawa Primary Health Centre,Primary Health Centre,Katwama,WURMASHI,Kukrima Central,Kukrima State,Public,7.411483,9.912909,7.411483,plain,9.912909,plain,ok,,7.411483,9.912909,1.0,1.0,3.0,1.0,1.0,21.2,34.0,both,7.411483,9.912909,mif_consistent_with_register,
HF00926,Uzoyori Primary Health Centre,Primary Health Centre,Malshana,Zamberi-North ,Uzojina South,Uzojina State,Public,8.501021,8.659091,8.501021,plain,8.659091,plain,ok,,8.501021,8.659091,2.0,0.0,5.0,1.0,1.0,29.9,26.0,both,8.501021,8.659091,mif_consistent_with_register,
HF00604,Oketsima Cottage Hospital,Cottage Hospital,Shatsiru,Ironama ,Tivbetu Central,Tivbetu State,Public,7.371901,10.666623,7.371901,plain,10.666623,plain,ok,,7.371901,10.666623,0.0,7.0,9.0,2.0,7.0,43.6,12.0,both,7.371901,10.666623,mif_consistent_with_register,
HF00285,Josrashi Primary Health Centre,Primary Health Centre,Daiyole,Malmaba,Agbzatu North,Agbzatu State,Public,7.768586,7.92846,7.768586,plain,7.92846,plain,ok,,7.768586,7.92846,0.0,2.0,5.0,1.0,0.0,14.3,60.0,both,7.768586,7.92846,mif_consistent_with_register,
HF00637,Zamduko Health Post,Health Post,Wurzafa,Joskeru,Tivbetu South,Tivbetu State,Public,8.683102,11.313295,8.683102,plain,11.313295,plain,ok,,8.683102,11.313295,0.0,1.0,1.0,1.0,0.0,7.1,71.0,both,8.683102,11.313295,mif_consistent_with_register,
HF01021,Katkole Primary Health Centre,Primary Health Centre,Kukngole,Funkedu ,Supwasa Central,Supwasa State,Public,10.252351,11.264894,10.252351,plain,11.264894,plain,ok,,,,,,,,,,,left_only,10.252351,11.264894,register,
HF01182,Yelbele Health Post,Health Post,Maljini,Maljiwo,Agbkeko North,Agbkeko State,Public,9.643656,9.264295,9.643656,plain,9.264295,plain,ok,,9.643656,9.264295,0.0,0.0,1.0,0.0,0.0,1.3,57.0,both,9.643656,9.264295,mif_consistent_with_register,
HF00325,Zammano Health Post,Health Post,Tamngoba,Gwodele South,Agbzatu North,Agbzatu State,Faith-based,8.059011,7.773748,8.059011,plain,7.773748,plain,ok,,8.059011,7.773748,0.0,1.0,2.0,0.0,0.0,4.6,85.0,both,8.059011,7.773748,mif_consistent_with_register,
HF00110,Yelshasa Cottage Hospital,Cottage Hospital,Ekebako,Lokbaru ,Kukrima Central,Kukrima State,Public,6.969075,9.906772,6.969075,plain,9.906772,plain,ok,,6.969075,9.906772,3.0,10.0,6.0,0.0,0.0,53.2,5.0,both,6.969075,9.906772,mif_consistent_with_register,
HF01031,Ngenaba Primary Health Centre,Primary Health Centre,Gwonashi,Josmiba,Supwasa Central,Supwasa State,Public,10.480188,10.41212,10.480188,plain,10.41212,plain,ok,,10.480188,10.41212,1.0,6.0,8.0,0.0,3.0,40.9,39.0,both,10.480188,10.41212,mif_consistent_with_register,
HF00132,Ekemaba Primary Health Centre,Primary Health Centre,Funtsiwa,Tambemi,Kukrima Central,Kukrima State,Public,7.162416,9.831472,7.162416,plain,9.831472,plain,ok,,7.162416,9.831472,1.0,4.0,5.0,2.0,1.0,33.8,14.0,both,7.162416,9.831472,mif_consistent_with_register,
HF00618,Funnuma Health Post,Health Post,Daideno,Tivbani,Tivbetu Central,Tivbetu State,Public,7.536192,10.55022,7.536192,plain,10.55022,plain,ok,,7.536192,10.55022,0.0,1.0,2.0,0.0,0.0,4.6,57.0,both,7.536192,10.55022,mif_consistent_with_register,
HF00816,Uzolude Comprehensive Health Centre,Comprehensive Health Centre,Daideli,Daishali-Central,Uzojina Central,Uzojina State,Public,9.012789,8.199683,9.012789,plain,8.199683,plain,ok,,9.012789,8.199683,2.0,8.0,10.0,4.0,0.0,60.9,7.0,both,9.012789,8.199683,mif_consistent_with_register,
HF00040,Agbritu Health Post,Health Post,Uzobele,Riylude North,Kukrima North,Kukrima State,Public,6.511429,9.595088,6.511429,plain,9.595088,plain,ok,,6.511429,9.595088,0.0,1.0,2.0,0.0,0.0,4.6,82.0,both,6.511429,9.595088,mif_consistent_with_register,
HF00760,Ngebefa Primary Health Centre,Primary Health Centre,Riylale,Tamluni LGA,Uzojina North,Uzojina State,Public,8.416999,7.909065,8.416999,plain,7.909065,plain,ok,,8.416999,7.909065,0.0,0.0,4.0,2.0,0.0,12.6,58.0,both,8.416999,7.909065,mif_consistent_with_register,
HF01239,Iromifa General Hospital,General Hospital,Irowani,Hanjile,Agbkeko Central,Agbkeko State,Public,9.834394,9.623763,9.834394,plain,9.623763,plain,ok,,9.834394,9.623763,4.0,29.0,25.0,0.0,4.0,85.0,4.0,both,9.834394,9.623763,mif_consistent_with_register,
HF00060,Ekejiru Cottage Hospital,Cottage Hospital,Nasnuri,Irolufa,Kukrima North,Kukrima State,Public,6.192201,9.933669,6.192201,plain,9.933669,plain,ok,,6.192201,9.933669,4.0,8.0,4.0,1.0,7.0,65.5,5.0,both,6.192201,9.933669,mif_consistent_with_register,
HF00377,Kukshatu Primary Health Centre,Primary Health Centre,Gwomali,Dutzama,Agbzatu Central,Agbzatu State,Public,6.944508,7.725776,6.944508,plain,7.725776,plain,ok,,6.944508,7.725776,0.0,2.0,1.0,2.0,0.0,12.9,55.0,both,6.944508,7.725776,mif_consistent_with_register,
HF00792,Umumifa Primary Health Centre,Primary Health Centre,Gwobako,Nassako-Central,Uzojina North,Uzojina State,Public,8.85898,7.509353,8.85898,plain,7.509353,plain,ok,,8.85898,7.509353,0.0,0.0,5.0,0.0,0.0,6.4,78.0,both,8.85898,7.509353,mif_consistent_with_register,
HF00954,Irongode Primary Health Centre,Primary Health Centre,Riynuna,NASRIFA,Supwasa North,Supwasa State,Public,"9,066455","10,724456",9.066455,comma_decimal,10.724456,comma_decimal,ok,,9.066455,10.724456,0.0,2.0,3.0,1.0,1.0,15.1,20.0,both,9.066455,10.724456,mif_consistent_with_register,
HF00412,Okenadu Primary Health Centre,Primary Health Centre,Zamlani,Iromashi,Agbzatu Central,Agbzatu State,Private,7.093594,8.373692,7.093594,plain,8.373692,plain,ok,,7.093594,8.373692,1.0,5.0,2.0,0.0,1.0,24.5,31.0,both,7.093594,8.373692,mif_consistent_with_register,
HF00878,Baudemi Health Post,Health Post,Wurlutu,OlubaniSouth,Uzojina South,Uzojina State,Public,8.447777,8.411938,8.447777,plain,8.411938,plain,ok,,8.447777,8.411938,0.0,1.0,0.0,0.0,1.0,5.4,69.0,both,8.447777,8.411938,mif_consistent_with_register,
HF01007,Wurkomi Health Post,Health Post,Irozari,Funkedu,Supwasa Central,Supwasa State,Public,10.260593,11.483907,10.260593,plain,11.483907,plain,ok,,10.260593,11.483907,0.0,1.0,0.0,0.0,0.0,2.1,99.0,both,10.260593,11.483907,mif_consistent_with_register,
HF00612,Agbnuni Comprehensive Health Centre,Comprehensive Health Centre,Riyshawa,Ironama LGA,Tivbetu Central,Tivbetu State,Public,7.513699,10.715796,7.513699,plain,10.715796,plain,ok,,7.513699,10.715796,2.0,7.0,6.0,0.0,2.0,45.4,10.0,both,7.513699,10.715796,mif_consistent_with_register,
HF00593,Katnale Health Post,Health Post,Banshako,Irongori,Tivbetu Central,Tivbetu State,Public,7.939329,10.562777,7.939329,plain,10.562777,plain,ok,,7.939329,10.562777,1.0,1.0,1.0,1.0,0.0,15.3,47.0,both,7.939329,10.562777,mif_consistent_with_register,
HF00327,Ibatiwo Health Post,Health Post,Tamngoba,GWODELE-SOUTH,Agbzatu North,Agbzatu State,Public,8.047543,7.748601,8.047543,plain,7.748601,plain,ok,,8.047543,7.748601,0.0,2.0,1.0,0.0,0.0,5.4,80.0,both,8.047543,7.748601,mif_consistent_with_register,
HF00474,Okemama Primary Health Centre,Primary Health Centre,Enuyona,Ngetija,Agbzatu South,Agbzatu State,Public,7.666383,9.058666,7.666383,plain,9.058666,plain,ok,,7.666383,9.058666,1.0,0.0,6.0,0.0,1.0,19.2,36.0,both,7.666383,9.058666,mif_consistent_with_register,
HF00171,Jossaja Primary Health Centre,Primary Health Centre,Riysano,Zamtsiru,Kukrima South,Kukrima State,Public,6.793008,9.99931,6.793008,plain,9.99931,plain,ok,,6.793008,9.99931,0.0,13.0,5.0,0.0,1.0,34.7,28.0,both,6.793008,9.99931,mif_consistent_with_register,
HF00272,Eketide Health Post,Health Post,Katlano,Malmaba,Agbzatu North,Agbzatu State,Public,7.495428,7.999495,7.495428,plain,7.999495,plain,ok,,7.495428,7.999495,0.0,2.0,1.0,0.0,0.0,5.4,80.0,both,7.495428,7.999495,mif_consistent_with_register,
HF00353,Katbako Primary Health Centre,Primary Health Centre,Uzoriyi,Zamkeri,Agbzatu Central,Agbzatu State,Public,6.791232,8.635882,6.791232,plain,8.635882,plain,ok,,6.791232,8.635882,1.0,0.0,8.0,1.0,0.0,22.2,37.0,both,6.791232,8.635882,mif_consistent_with_register,
HF00603,Irojini Primary Health Centre,Primary Health Centre,Shatsiru,Ironama,Tivbetu Central,Tivbetu State,Public,7.444372,10.65135,7.444372,plain,10.65135,plain,ok,,7.444372,10.65135,1.0,1.0,5.0,1.0,2.0,27.1,36.0,both,7.444372,10.65135,mif_consistent_with_register,
HF00146,Okemile Health Post,Health Post,Banrija,Wurmashi ,Kukrima Central,Kukrima State,Public,7.220868,10.195936,7.220868,plain,10.195936,plain,ok,,7.220868,10.195936,1.0,1.0,0.0,1.0,0.0,14.1,45.0,both,7.220868,10.195936,mif_consistent_with_register,
HF01189,Riymaja Primary Health Centre,Primary Health Centre,Nasmitu,YELTILI,Agbkeko North,Agbkeko State,Public,9.889611,8.750201,9.889611,plain,8.750201,plain,ok,,9.889611,8.750201,1.0,1.0,3.0,0.0,0.0,14.1,34.0,both,9.889611,8.750201,mif_consistent_with_register,
HF00872,Adenana Health Post,Health Post,Kukmiyi,Olubani-South,Uzojina South,Uzojina State,Private,8.11253,8.376772,8.11253,plain,8.376772,plain,ok,,8.11253,8.376772,0.0,0.0,2.0,1.0,0.0,6.3,67.0,both,8.11253,8.376772,mif_consistent_with_register,
HF00590,Birtisa Primary Health Centre,Primary Health Centre,Yelzafa,Irongori LGA,Tivbetu Central,Tivbetu State,Public,7.910697,10.762373,7.910697,plain,10.762373,plain,ok,,7.910697,10.762373,1.0,5.0,7.0,0.0,1.0,30.9,27.0,both,7.910697,10.762373,mif_consistent_with_register,
HF01233,Funmima Primary Health Centre,Primary Health Centre,Umuwari,Hanjile,Agbkeko Central,Agbkeko State,Public,9.707219,9.752334,9.707219,plain,9.752334,plain,ok,,9.707219,9.752334,0.0,5.0,6.0,1.0,1.0,25.2,37.0,both,9.707219,9.752334,mif_consistent_with_register,
HF01184,Daideko Primary Health Centre,Primary Health Centre,Oluwaba,Maljiwo,Agbkeko North,Agbkeko State,Public,9.648737,9.487315,9.648737,plain,9.487315,plain,ok,,9.648737,9.487315,0.0,2.0,2.0,0.0,1.0,10.1,40.0,both,9.648737,9.487315,mif_consistent_with_register,
HF00696,Funnuwa Primary Health Centre,Primary Health Centre,Dutrama,Adekowo,Tivbetu South,Tivbetu State,Public,8.457193,11.509368,8.457193,plain,11.509368,plain,ok,,8.457193,11.509368,0.0,7.0,4.0,2.0,1.0,30.5,32.0,both,8.457193,11.509368,mif_consistent_with_register,
HF00078,Wursawo Health Post,Health Post,Fundeyi,Ibabani,Kukrima North,Kukrima State,Public,6.600693,9.210301,6.600693,plain,9.210301,plain,ok,,,,,,,,,,,left_only,6.600693,9.210301,register,
HF00430,Okenuwa Comprehensive Health Centre,Comprehensive Health Centre,Oludude,Oketsifa,Agbzatu South,Agbzatu State,Public,7.978672,8.463104,7.978672,plain,8.463104,plain,ok,,7.978672,8.463104,0.0,0.0,10.0,3.0,0.0,24.0,29.0,both,7.978672,8.463104,mif_consistent_with_register,
HF00232,Irowadu Health Post,Health Post,Hanzami,Enumade-West,Kukrima South,Kukrima State,Public,6.669143,10.501108,6.669143,plain,10.501108,plain,ok,,6.669143,10.501108,0.0,0.0,1.0,1.0,1.0,8.4,60.0,both,6.669143,10.501108,mif_consistent_with_register,
HF00280,Ekengowa Primary Health Centre,Primary Health Centre,Jossafa,Malmaba,Agbzatu North,Agbzatu State,Private,7.661241,8.044617,7.661241,plain,8.044617,plain,ok,,7.661241,8.044617,1.0,4.0,5.0,0.0,2.0,29.6,25.0,both,7.661241,8.044617,mif_consistent_with_register,
HF00607,Malngoma Primary Health Centre,Primary Health Centre,Ekekena,Ironama LGA,Tivbetu Central,Tivbetu State,Public,7.489896,10.816027,7.489896,plain,10.816027,plain,ok,,,,,,,,,,,left_only,7.489896,10.816027,register,
HF00992,Okeyoli Primary Health Centre,Primary Health Centre,Dailaba,Zambani,Supwasa Central,Supwasa State,Private,10.124003,11.206534,10.124003,plain,11.206534,plain,ok,,10.124003,11.206534,0.0,1.0,3.0,1.0,1.0,13.0,75.0,both,10.124003,11.206534,mif_consistent_with_register,
HF01291,Kadduma Health Post,Health Post,Dairiwo,Enumija,Agbkeko South,Agbkeko State,Public,10.596473,10.087195,10.596473,plain,10.087195,plain,ok,,10.596473,10.087195,0.0,1.0,1.0,1.0,0.0,7.1,52.0,both,10.596473,10.087195,mif_consistent_with_register,
HF01278,Dutkemi Health Post,Health Post,Uzodushi,Nasnadu,Agbkeko South,Agbkeko State,Public,9.931932,10.015632,9.931932,plain,10.015632,plain,ok,,9.931932,10.015632,1.0,4.0,2.0,0.0,0.0,19.1,33.0,both,9.931932,10.015632,mif_consistent_with_register,
HF00881,Birngode Primary Health Centre,Primary Health Centre,Suplashi,Uzorisa,Uzojina South,Uzojina State,Faith-based,8.328645,9.375223,8.328645,plain,9.375223,plain,ok,,8.328645,9.375223,0.0,3.0,7.0,1.0,1.0,22.3,35.0,both,8.328645,9.375223,mif_consistent_with_register,
HF00182,Supmimi Health Post,Health Post,Baujimi,DAIZADE,Kukrima South,Kukrima State,Public,6.388055,10.269453,6.388055,plain,10.269453,plain,ok,,6.388055,10.269453,0.0,3.0,0.0,0.0,0.0,6.2,63.0,both,6.388055,10.269453,mif_consistent_with_register,
HF01115,Lokkesa Health Post,Health Post,Ekenuno,Oluyofa,Supwasa South,Supwasa State,Public,9.269803,11.281354,9.269803,plain,11.281354,plain,ok,,9.269803,11.281354,0.0,2.0,1.0,0.0,0.0,5.4,50.0,both,9.269803,11.281354,mif_consistent_with_register,
HF00385,Malmija Health Post,Health Post,Kadjino,Enutifa,Agbzatu Central,Agbzatu State,Public,6.981476,8.01738,6.981476,plain,8.01738,plain,ok,,6.981476,8.01738,0.0,1.0,2.0,0.0,0.0,4.6,67.0,both,6.981476,8.01738,mif_consistent_with_register,
HF01101,Birnuba Primary Health Centre,Primary Health Centre,Katluko,Baumiru,Supwasa South,Supwasa State,Public,9.068453,11.071724,9.068453,plain,11.071724,plain,ok,,9.068453,11.071724,2.0,1.0,4.0,1.0,0.0,27.4,16.0,both,9.068453,11.071724,mif_consistent_with_register,
HF01049,Kukrako Primary Health Centre,Primary Health Centre,Hanbeko,Katdudu,Supwasa Central,Supwasa State,Public,9.91726,10.623578,9.91726,plain,10.623578,plain,ok,,9.91726,10.623578,1.0,8.0,5.0,0.0,2.0,37.9,45.0,both,9.91726,10.623578,mif_consistent_with_register,
HF00259,Tamdena Primary Health Centre,Primary Health Centre,Agbratu,Agbmita,Agbzatu North,Agbzatu State,Private,7.846695,7.87948,7.846695,plain,7.87948,plain,ok,,7.846695,7.87948,1.0,1.0,5.0,0.0,1.0,20.0,44.0,both,7.846695,7.87948,mif_consistent_with_register,
HF01078,Ibalude Health Post,Health Post,Tivnuta,Ekedeta-East,Supwasa South,Supwasa State,Private,9.41374,11.561336,9.41374,plain,11.561336,plain,ok,,,,,,,,,,,left_only,9.41374,11.561336,register,
HF00247,Irosano Health Post,Health Post,Ekezali,Yobkosa-South,Agbzatu North,Agbzatu State,Public,7.477367,7.60339,7.477367,plain,7.60339,plain,ok,,7.477367,7.60339,0.0,0.0,1.0,0.0,1.0,4.6,85.0,both,7.477367,7.60339,mif_consistent_with_register,
HF01179,Adebewo Comprehensive Health Centre,Comprehensive Health Centre,Hanlasa,Maljiwo,Agbkeko North,Agbkeko State,Public,9.473237,9.069337,9.473237,plain,9.069337,plain,ok,,9.473237,9.069337,2.0,0.0,3.0,1.0,1.0,27.4,13.0,both,9.473237,9.069337,mif_consistent_with_register,
HF01289,Olumino Cottage Hospital,Cottage Hospital,Dairiwo,Enumija,Agbkeko South,Agbkeko State,Public,10.661686,10.066308,10.661686,plain,10.066308,plain,ok,,10.661686,10.066308,0.0,4.0,28.0,2.0,1.0,39.2,14.0,both,10.661686,10.066308,mif_consistent_with_register,
HF00061,Ekejiba Health Post,Health Post,Wurshaba,Shajima LGA,Kukrima North,Kukrima State,Public,5.93974,9.277555,5.93974,plain,9.277555,plain,ok,,5.93974,9.277555,0.0,1.0,3.0,0.0,0.0,5.9,80.0,both,5.93974,9.277555,mif_consistent_with_register,
HF00869,Ngewafa Health Post,Health Post,Daikowa,Tivngoba,Uzojina South,Uzojina State,Private,9.0683,9.029568,9.0683,plain,9.029568,plain,ok,,9.0683,9.029568,0.0,2.0,1.0,0.0,0.0,5.4,69.0,both,9.0683,9.029568,mif_consistent_with_register,
HF00858,Okenatu Health Post,Health Post,Adebale,Wurkota,Uzojina Central,Uzojina State,Public,9.230096,8.697439,9.230096,plain,8.697439,plain,ok,,9.230096,8.697439,1.0,2.0,1.0,0.0,0.0,13.7,47.0,both,9.230096,8.697439,mif_consistent_with_register,
HF00709,Josberi Primary Health Centre,Primary Health Centre,Katdeno,Tivrafa-West,Uzojina North,Uzojina State,Public,"9°05'15.7""E","7°51'42.8""N",9.087694444444445,dms,7.861888888888888,dms,ok,,9.087686,7.86189,0.0,2.0,6.0,0.0,1.0,15.2,48.0,both,9.087686,7.86189,mif_consistent_with_register,
HF00768,Ekeluno Primary Health Centre,Primary Health Centre,Uzosawo,Tamluni,Uzojina North,Uzojina State,Public,8.537452,7.929621,8.537452,plain,7.929621,plain,ok,,8.537452,7.929621,2.0,0.0,5.0,0.0,1.0,26.2,30.0,both,8.537452,7.929621,mif_consistent_with_register,
HF00007,Dutwawa Health Post,Health Post,Dutkoko,Maltsimi,Kukrima North,Kukrima State,Public,6.313554,9.211712,6.313554,plain,9.211712,plain,ok,,6.313554,9.211712,1.0,2.0,0.0,0.0,0.0,12.4,58.0,both,6.313554,9.211712,mif_consistent_with_register,
HF00224,Birmani Health Post,Health Post,Okederi,ENUMADE-WEST,Kukrima South,Kukrima State,Public,6.609607,10.159319,6.609607,plain,10.159319,plain,ok,,6.609607,10.159319,1.0,0.0,0.0,0.0,1.0,11.6,56.0,both,6.609607,10.159319,mif_consistent_with_register,
HF00324,Soklale Health Post,Health Post,Okeshali,Gwodele-South,Agbzatu North,Agbzatu State,Private,7.964362,7.639968,7.964362,plain,7.639968,plain,ok,,7.964362,7.639968,0.0,1.0,2.0,1.0,0.0,8.4,76.0,both,7.964362,7.639968,mif_consistent_with_register,
HF00446,Joskono General Hospital,General Hospital,Katbeba,Daishako,Agbzatu South,Agbzatu State,Public,7.25048,8.964745,7.25048,plain,8.964745,plain,ok,,7.25048,8.964745,6.0,24.0,32.0,7.0,7.0,100.0,1.0,both,7.25048,8.964745,mif_consistent_with_register,
HF00223,Riytifa Primary Health Centre,Primary Health Centre,Nastili,EnumadeWest,Kukrima South,Kukrima State,Public,6.489099,10.40638,6.489099,plain,10.40638,plain,ok,,6.489099,10.40638,1.0,8.0,4.0,0.0,0.0,30.0,33.0,both,6.489099,10.40638,mif_consistent_with_register,
HF00346,Ekebano Primary Health Centre,Primary Health Centre,Dutmili,Zamkeri ,Agbzatu Central,Agbzatu State,Public,6.833786,8.72476,6.833786,plain,8.72476,plain,ok,,6.833786,8.72476,0.0,3.0,6.0,0.0,0.0,13.9,51.0,both,6.833786,8.72476,mif_consistent_with_register,
HF01214,Tamnutu Primary Health Centre,Primary Health Centre,Daizayi,Yobrifa-West,Agbkeko Central,Agbkeko State,Public,8.927396,9.808456,8.927396,plain,9.808456,plain,ok,,8.927396,9.808456,4.0,6.0,3.0,1.0,2.0,56.8,12.0,both,8.927396,9.808456,mif_consistent_with_register,
HF00426,Nasridu Health Post,Health Post,Okekede,Oketsifa,Agbzatu South,Agbzatu State,Private,8.00421,8.651609,8.00421,plain,8.651609,plain,ok,,8.00421,8.651609,0.0,2.0,3.0,1.0,1.0,15.1,42.0,both,8.00421,8.651609,mif_consistent_with_register,
HF00338,Ibanaru Health Post,Health Post,Umubeli,Gwodele South,Agbzatu North,Agbzatu State,Public,8.176598,7.734437,8.176598,plain,7.734437,plain,ok,,8.176598,7.734437,0.0,1.0,2.0,0.0,0.0,4.6,85.0,both,8.176598,7.734437,mif_consistent_with_register,
HF01046,Tivzami Health Post,Health Post,Funnuta,Josmiba,Supwasa Central,Supwasa State,Public,10.726164,10.437667,10.726164,plain,10.437667,plain,ok,,10.726164,10.437667,0.0,0.0,2.0,0.0,1.0,5.9,93.0,both,10.726164,10.437667,mif_consistent_with_register,
HF01164,Funngori Primary Health Centre,Primary Health Centre,Hantsiyi,Jostile,Agbkeko North,Agbkeko State,Public,10.115462,9.28227,10.115462,plain,9.28227,plain,ok,,10.115462,9.28227,1.0,4.0,1.0,1.0,0.0,21.6,19.0,both,10.115462,9.28227,mif_consistent_with_register,
HF00434,Ekeshami Health Post,Health Post,Joszayi,Baungoshi,Agbzatu South,Agbzatu State,Private,7.083152,8.802791,7.083152,plain,8.802791,plain,ok,,7.083152,8.802791,1.0,1.0,2.0,0.0,0.0,12.9,46.0,both,7.083152,8.802791,mif_consistent_with_register,
HF00924,Birnadu Health Post,Health Post,Nastino,ZAMBERI-NORTH,Uzojina South,Uzojina State,Public,,,,missing,,missing,missing_coordinates,,8.454464,8.7514,0.0,1.0,2.0,0.0,0.0,4.6,72.0,both,8.454464,8.7514,mif_only_register_missing,
HF00149,Funtiko Primary Health Centre,Primary Health Centre,Katshale,WURMASHI,Kukrima Central,Kukrima State,Public,7.086451,10.05271,7.086451,plain,10.05271,plain,ok,,7.086451,10.05271,0.0,3.0,1.0,1.0,0.0,11.3,50.0,both,7.086451,10.05271,mif_consistent_with_register,
HF00575,Agbmiwo Cottage Hospital,Cottage Hospital,Adewadu,Dutwano LGA,Tivbetu Central,Tivbetu State,Public,7.646875,11.256142,7.646875,plain,11.256142,plain,ok,,,,,,,,,,,left_only,7.646875,11.256142,register,
HF00238,Tamrifa Comprehensive Health Centre,Comprehensive Health Centre,Zammiwa,Yobkosa-South,Agbzatu North,Agbzatu State,Public,7.113152,7.718199,7.113152,plain,7.718199,plain,ok,,7.113152,7.718199,2.0,7.0,2.0,0.0,0.0,33.6,21.0,both,7.113152,7.718199,mif_consistent_with_register,
HF01001,Tambeba Comprehensive Health Centre,Comprehensive Health Centre,Zamkoja,Bautiru-West LGA,Supwasa Central,Supwasa State,Public,10.550529,10.988309,10.550529,plain,10.988309,plain,ok,,10.550529,10.988309,5.0,16.0,7.0,0.0,3.0,73.9,5.0,both,10.550529,10.988309,mif_consistent_with_register,
HF00089,Tamngoko Primary Health Centre,Primary Health Centre,Ekerini,Yelkefa,Kukrima Central,Kukrima State,Public,7.273442,9.610453,7.273442,plain,9.610453,plain,ok,,7.273442,9.610453,0.0,0.0,5.0,0.0,0.0,6.4,63.0,both,7.273442,9.610453,mif_consistent_with_register,
HF01088,Malyowa Comprehensive Health Centre,Comprehensive Health Centre,Baubama,Ekedeta-East,Supwasa South,Supwasa State,Public,9.494861,11.60626,9.494861,plain,11.60626,plain,ok,,9.494861,11.60626,0.0,0.0,5.0,2.0,0.0,13.9,39.0,both,9.494861,11.60626,mif_consistent_with_register,
HF00936,Enulani Comprehensive Health Centre,Comprehensive Health Centre,Josmatu,ZAMBERI-NORTH,Uzojina South,Uzojina State,Public,8.593943,8.710386,8.593943,plain,8.710386,plain,ok,,8.593943,8.710386,0.0,0.0,4.0,1.0,2.0,15.5,45.0,both,8.593943,8.710386,mif_consistent_with_register,
HF00680,Sokluko Health Post,Health Post,Kukrali,Olujiwa,Tivbetu South,Tivbetu State,Public,8.178418,11.053379,8.178418,plain,11.053379,plain,ok,,8.178418,11.053379,0.0,3.0,2.0,0.0,0.0,8.8,67.0,both,8.178418,11.053379,mif_consistent_with_register,
HF00427,Yelbena Primary Health Centre,Primary Health Centre,Okekede,Oketsifa,Agbzatu South,Agbzatu State,Private,7.909573,8.602078,7.909573,plain,8.602078,plain,ok,,7.909573,8.602078,0.0,0.0,5.0,1.0,0.0,10.1,49.0,both,7.909573,8.602078,mif_consistent_with_register,
HF00228,Ibajisa Health Post,Health Post,Wurlawo,Enumade-West,Kukrima South,Kukrima State,Public,6.596656,10.287104,6.596656,plain,10.287104,plain,ok,,6.596656,10.287104,0.0,2.0,2.0,0.0,1.0,10.1,58.0,both,6.596656,10.287104,mif_consistent_with_register,
HF00314,Okeshashi Primary Health Centre,Primary Health Centre,Gwonade,Josduri-South,Agbzatu North,Agbzatu State,Public,7.716855,7.619705,7.716855,plain,7.619705,plain,ok,,,,,,,,,,,left_only,7.716855,7.619705,register,
HF00410,Banshari Primary Health Centre,Primary Health Centre,Tammari,Supsama South,Agbzatu Central,Agbzatu State,Private,6.637405,8.27629,6.637405,plain,8.27629,plain,ok,,,,,,,,,,,left_only,6.637405,8.27629,register,
HF00046,Josdewa Primary Health Centre,Primary Health Centre,Tamyowa,Irolufa,Kukrima North,Kukrima State,Public,5.919656,9.891983,5.919656,plain,9.891983,plain,ok,,5.919656,9.891983,1.0,7.0,6.0,0.0,1.0,33.8,22.0,both,5.919656,9.891983,mif_consistent_with_register,
HF00553,Gwotsija General Hospital,General Hospital,Hanbafa,Malbawo-Central,Tivbetu North,Tivbetu State,Public,7.916049,9.535463,7.916049,plain,9.535463,plain,ok,,7.916049,9.535463,0.0,18.0,25.0,1.0,1.0,52.1,8.0,both,7.916049,9.535463,mif_consistent_with_register,
HF00472,Enuzami Health Post,Health Post,Enuyona,Ngetija LGA,Agbzatu South,Agbzatu State,Public,7.751864,8.988739,7.751864,plain,8.988739,plain,ok,,7.751864,8.988739,1.0,1.0,2.0,0.0,0.0,12.9,46.0,both,7.751864,8.988739,mif_consistent_with_register,
HF00864,Enungowo Health Post,Health Post,Kadbana,Tivngoba,Uzojina South,Uzojina State,Public,8.768377,8.778616,8.768377,plain,8.778616,plain,ok,,8.768377,8.778616,0.0,1.0,2.0,0.0,0.0,4.6,72.0,both,8.768377,8.778616,mif_consistent_with_register,
HF00750,Ibabewo Health Post,Health Post,Kuknadu,Nasyotu,Uzojina North,Uzojina State,Private,8.949302,7.995727,8.949302,plain,7.995727,plain,ok,,,,,,,,,,,left_only,8.949302,7.995727,register,
HF00706,Ngeshata Primary Health Centre,Primary Health Centre,Ngeluli,Adekowo,Tivbetu South,Tivbetu State,Private,,,,missing,,missing,missing_coordinates,,8.667427,11.455565,1.0,3.0,8.0,1.0,1.0,31.8,31.0,both,8.667427,11.455565,mif_only_register_missing,
HF00212,Shazata Primary Health Centre,Primary Health Centre,Kuktsino,Adenaja,Kukrima South,Kukrima State,Public,7.080229,10.451801,7.080229,plain,10.451801,plain,ok,,7.080229,10.451801,1.0,7.0,5.0,0.0,0.0,29.2,34.0,both,7.080229,10.451801,mif_consistent_with_register,
HF00733,Duttiwo Health Post,Health Post,Uzotsiru,Agbkotu-South,Uzojina North,Uzojina State,Public,8.371076,8.225309,8.371076,plain,8.225309,plain,ok,,,,,,,,,,,left_only,8.371076,8.225309,register,
HF00028,Gwoyodu Primary Health Centre,Primary Health Centre,Baukeshi,Riylude-North,Kukrima North,Kukrima State,Faith-based,6.265556,9.779254,6.265556,plain,9.779254,plain,ok,,6.265556,9.779254,1.0,4.0,8.0,1.0,1.0,33.9,20.0,both,6.265556,9.779254,mif_consistent_with_register,
HF01051,Tivbesa Comprehensive Health Centre,Comprehensive Health Centre,Bandema,Katdudu,Supwasa Central,Supwasa State,Public,10.163773,10.563865,10.163773,plain,10.563865,plain,ok,,10.163773,10.563865,1.0,3.0,26.0,5.0,1.0,52.8,20.0,both,10.163773,10.563865,mif_consistent_with_register,
HF00765,Lokmade Primary Health Centre,Primary Health Centre,Riylale,Tamluni,Uzojina North,Uzojina State,Public,8.380314,7.852321,8.380314,plain,7.852321,plain,ok,,8.380314,7.852321,0.0,0.0,3.0,3.0,0.0,15.1,49.0,both,8.380314,7.852321,mif_consistent_with_register,
HF00371,Yelkoru Primary Health Centre,Primary Health Centre,Uzotishi,Lokmata,Agbzatu Central,Agbzatu State,Public,6.740098,8.862194,6.740098,plain,8.862194,plain,ok,,6.740098,8.862194,0.0,6.0,2.0,0.0,2.0,21.7,38.0,both,6.740098,8.862194,mif_consistent_with_register,
HF01165,Wurduwo Cottage Hospital,Cottage Hospital,Riyjiyi,Jostile,Agbkeko North,Agbkeko State,Public,10.100384,9.588139,10.100384,plain,9.588139,plain,ok,,10.100384,9.588139,0.0,4.0,10.0,5.0,1.0,39.4,7.0,both,10.100384,9.588139,mif_consistent_with_register,
HF00975,Birwatu Health Post,Health Post,Okenuko,Wuryona,Supwasa North,Supwasa State,Public,9.900395,10.460292,9.900395,plain,10.460292,plain,ok,,,,,,,,,,,left_only,9.900395,10.460292,register,
HF01327,Okelani Cottage Hospital,Cottage Hospital,Yelshama,Gwodewo,Agbkeko South,Agbkeko State,Private,10.588857,9.841031,10.588857,plain,9.841031,plain,ok,,10.588857,9.841031,3.0,9.0,28.0,5.0,4.0,88.4,2.0,both,10.588857,9.841031,mif_consistent_with_register,
HF00752,Baubeno Primary Health Centre,Primary Health Centre,Kuknadu,Nasyotu,Uzojina North,Uzojina State,Public,8.906137,7.945131,8.906137,plain,7.945131,plain,ok,,8.906137,7.945131,0.0,7.0,4.0,4.0,2.0,41.4,14.0,both,8.906137,7.945131,mif_consistent_with_register,
HF00998,Shajiri Primary Health Centre,Primary Health Centre,Kukbeta,Bautiru-West,Supwasa Central,Supwasa State,Public,10.301712,10.82527,10.301712,plain,10.82527,plain,ok,,10.301712,10.82527,1.0,0.0,11.0,4.0,0.0,37.3,46.0,both,10.301712,10.82527,mif_consistent_with_register,
HF00931,Baukefa Health Post,Health Post,Tivtsisa,Zamberi-North,Uzojina South,Uzojina State,Public,8.529102,8.909557,8.529102,plain,8.909557,plain,ok,,8.529102,8.909557,0.0,2.0,2.0,0.0,0.0,6.7,66.0,both,8.529102,8.909557,mif_consistent_with_register,
HF00852,Dutlayi Comprehensive Health Centre,Comprehensive Health Centre,Loktsifa,Adelaja-North,Uzojina Central,Uzojina State,Public,9.565986,8.407596,9.565986,plain,8.407596,plain,ok,,9.565986,8.407596,4.0,3.0,7.0,2.0,1.0,56.0,8.0,both,9.565986,8.407596,mif_consistent_with_register,
HF00112,Agbzari Primary Health Centre,Primary Health Centre,Supzaja,Lokbaru LGA,Kukrima Central,Kukrima State,Public,6.871133,10.009749,6.871133,plain,10.009749,plain,ok,,6.871133,10.009749,1.0,7.0,3.0,0.0,0.0,26.6,23.0,both,6.871133,10.009749,mif_consistent_with_register,
HF00841,Uzoshawo Primary Health Centre,Primary Health Centre,Agbzali,Dutkeni,Uzojina Central,Uzojina State,Private,9.991681,8.455646,9.991681,plain,8.455646,plain,ok,,9.991681,8.455646,0.0,4.0,1.0,1.0,1.0,16.7,41.0,both,9.991681,8.455646,mif_consistent_with_register,
HF00352,Baushaba Health Post,Health Post,Umuwata,Zamkeri,Agbzatu Central,Agbzatu State,Public,6.913406,8.966096,6.913406,plain,8.966096,plain,ok,,6.913406,8.966096,1.0,0.0,2.0,1.0,0.0,14.5,49.0,both,6.913406,8.966096,mif_consistent_with_register,
HF00991,Nasngoshi Primary Health Centre,Primary Health Centre,Dailaba,Zambani,Supwasa Central,Supwasa State,Public,,,,missing,,missing,missing_coordinates,,10.150886,11.077131,2.0,5.0,10.0,0.0,0.0,39.6,41.0,both,10.150886,11.077131,mif_only_register_missing,
HF00022,Iromari Primary Health Centre,Primary Health Centre,Funngoli,Uzoluni,Kukrima North,Kukrima State,Public,6.21987,9.058692,6.21987,plain,9.058692,plain,ok,,6.21987,9.058692,0.0,5.0,6.0,1.0,0.0,21.8,42.0,both,6.21987,9.058692,mif_consistent_with_register,
HF00357,Oluluri Health Post,Health Post,Funzako,Irosaja,Agbzatu Central,Agbzatu State,Public,6.758515,8.12586,6.758515,plain,8.12586,plain,ok,,,,,,,,,,,left_only,6.758515,8.12586,register,
HF00261,Ekekoru Primary Health Centre,Primary Health Centre,Uzowana,Agbmita,Agbzatu North,Agbzatu State,Public,8.026636,8.192502,8.026636,plain,8.192502,plain,ok,,8.026636,8.192502,0.0,0.0,5.0,1.0,0.0,10.1,73.0,both,8.026636,8.192502,mif_consistent_with_register,
HF00829,Wurduri Primary Health Centre,Primary Health Centre,Ngemili,Yeltsina,Uzojina Central,Uzojina State,Public,9.419292,8.688749,9.419292,plain,8.688749,plain,ok,,9.419292,8.688749,2.0,3.0,3.0,0.0,0.0,26.5,26.0,both,9.419292,8.688749,mif_consistent_with_register,
HF00006,Hanlayi Health Post,Health Post,Olumadu,Maltsimi,Kukrima North,Kukrima State,Public,6.157591,9.570943,6.157591,plain,9.570943,plain,ok,,6.157591,9.570943,0.0,1.0,2.0,0.0,0.0,4.6,82.0,both,6.157591,9.570943,mif_consistent_with_register,
HF00687,Shabade Primary Health Centre,Primary Health Centre,Yeldule,Nasdudu-North,Tivbetu South,Tivbetu State,Public,7.897815,11.565997,7.897815,plain,11.565997,plain,ok,,7.897815,11.565997,3.0,6.0,7.0,1.0,0.0,49.9,16.0,both,7.897815,11.565997,mif_consistent_with_register,
HF00181,Gwoyota Primary Health Centre,Primary Health Centre,Baujimi,Daizade LGA,Kukrima South,Kukrima State,Public,6.279453,10.260356,6.279453,plain,10.260356,plain,ok,,6.279453,10.260356,0.0,2.0,4.0,1.0,2.0,19.7,43.0,both,6.279453,10.260356,mif_consistent_with_register,
HF00140,Hansako Health Post,Health Post,Ekeluwa,Gwolama,Kukrima Central,Kukrima State,Public,6.97876,9.337325,6.97876,plain,9.337325,plain,ok,,6.97876,9.337325,1.0,0.0,1.0,1.0,1.0,16.6,42.0,both,6.97876,9.337325,mif_consistent_with_register,
HF00432,Shangowo Comprehensive Health Centre,Comprehensive Health Centre,Joszayi,BAUNGOSHI,Agbzatu South,Agbzatu State,Public,7.13934,8.866435,7.13934,plain,8.866435,plain,ok,,7.13934,8.866435,4.0,4.0,13.0,2.0,5.0,72.4,2.0,both,7.13934,8.866435,mif_consistent_with_register,
HF00702,Kukkole Health Post,Health Post,Sokshano,Adekowo,Tivbetu South,Tivbetu State,Public,8.687186,11.588935,8.687186,plain,11.588935,plain,ok,,8.687186,11.588935,0.0,0.0,3.0,0.0,0.0,3.8,75.0,both,8.687186,11.588935,mif_consistent_with_register,
HF01075,Josnuri Health Post,Health Post,Baurima,Okeyoru-South,Supwasa Central,Supwasa State,Public,10.050456,10.678583,10.050456,plain,10.678583,plain,ok,,10.050456,10.678583,0.0,0.0,3.0,0.0,1.0,7.2,89.0,both,10.050456,10.678583,mif_consistent_with_register,
HF00334,Lokshata Primary Health Centre,Primary Health Centre,Daidushi,Gwodele-South ,Agbzatu North,Agbzatu State,Public,8.202095,7.515021,8.202095,plain,7.515021,plain,ok,,8.202095,7.515021,0.0,6.0,3.0,1.0,0.0,20.1,43.0,both,8.202095,7.515021,mif_consistent_with_register,
HF00592,Shawale Primary Health Centre,Primary Health Centre,Banshako,Irongori,Tivbetu Central,Tivbetu State,Public,7.962429,10.63916,7.962429,plain,10.63916,plain,ok,,7.962429,10.63916,3.0,6.0,0.0,1.0,1.0,44.2,11.0,both,7.962429,10.63916,mif_consistent_with_register,
HF00101,Okezawo Primary Health Centre,Primary Health Centre,Gwosani,Yelkefa,Kukrima Central,Kukrima State,Public,7.493593,9.441952,7.493593,plain,9.441952,plain,ok,,7.493593,9.441952,2.0,4.0,3.0,1.0,0.0,32.4,16.0,both,7.493593,9.441952,mif_consistent_with_register,
HF01306,Kuksade Health Post,Health Post,Kadsade,Ngemidu,Agbkeko South,Agbkeko State,Private,10.376178,9.590761,10.376178,plain,9.590761,plain,ok,,,,,,,,,,,left_only,10.376178,9.590761,register,
HF00955,Kattishi Cottage Hospital,Cottage Hospital,Sokngono,Nasrifa,Supwasa North,Supwasa State,Faith-based,9.248863,10.8182,9.248863,plain,10.8182,plain,ok,,9.248863,10.8182,3.0,2.0,18.0,2.0,1.0,59.7,2.0,both,9.248863,10.8182,mif_consistent_with_register,
HF01100,Agbmafa Primary Health Centre,Primary Health Centre,Katluko,Baumiru,Supwasa South,Supwasa State,Private,9.014823,11.154474,9.014823,plain,11.154474,plain,ok,,9.014823,11.154474,0.0,0.0,1.0,1.0,2.0,11.7,43.0,both,9.014823,11.154474,mif_consistent_with_register,
HF01211,Kuktiru Health Post,Health Post,Ibayoma,Yobrifa-West,Agbkeko Central,Agbkeko State,Public,8.894472,9.63016,8.894472,plain,9.63016,plain,ok,,8.894472,9.63016,0.0,1.0,2.0,0.0,0.0,4.6,68.0,both,8.894472,9.63016,mif_consistent_with_register,
HF01240,Yellaja Comprehensive Health Centre,Comprehensive Health Centre,Irowani,Hanjile,Agbkeko Central,Agbkeko State,Public,9.881908,9.6406,9.881908,plain,9.6406,plain,ok,,9.881908,9.6406,2.0,10.0,7.0,0.0,0.0,46.2,18.0,both,9.881908,9.6406,mif_consistent_with_register,
HF00921,Uzowami Health Post,Health Post,Ekengoja,Banluwo,Uzojina South,Uzojina State,Public,8.831699,8.673921,8.831699,plain,8.673921,plain,ok,,8.831699,8.673921,1.0,1.0,2.0,1.0,0.0,16.6,44.0,both,8.831699,8.673921,mif_consistent_with_register,
HF00875,Zammiwa Health Post,Health Post,Tamduri,Olubani-South,Uzojina South,Uzojina State,Public,8.293469,8.532028,8.293469,plain,8.532028,plain,ok,,8.293469,8.532028,1.0,4.0,0.0,1.0,0.0,20.3,38.0,both,8.293469,8.532028,mif_consistent_with_register,
HF01326,Agbsaja Primary Health Centre,Primary Health Centre,Yelshama,Gwodewo,Agbkeko South,Agbkeko State,Public,10.55459,9.870037,10.55459,plain,9.870037,plain,ok,,10.55459,9.870037,0.0,3.0,1.0,1.0,3.0,21.3,30.0,both,10.55459,9.870037,mif_consistent_with_register,
HF00031,Kadmasa Health Post,Health Post,Baukeshi,Riylude-North,Kukrima North,Kukrima State,Public,6.253184,9.830211,6.253184,plain,9.830211,plain,ok,,6.253184,9.830211,0.0,2.0,2.0,0.0,0.0,6.7,72.0,both,6.253184,9.830211,mif_consistent_with_register,
HF00197,Gwongoba Cottage Hospital,Cottage Hospital,Zamkono,Umumitu,Kukrima South,Kukrima State,Public,6.661819,10.88988,6.661819,plain,10.88988,plain,ok,,6.661819,10.88988,3.0,8.0,20.0,4.0,0.0,76.3,3.0,both,6.661819,10.88988,mif_consistent_with_register,
HF00685,Tivngoma Primary Health Centre,Primary Health Centre,Yobbana,Olujiwa,Tivbetu South,Tivbetu State,Public,8.276554,10.800409,8.276554,plain,10.800409,plain,ok,,8.276554,10.800409,3.0,2.0,2.0,1.0,0.0,35.1,26.0,both,8.276554,10.800409,mif_consistent_with_register,
HF01319,Wurduyi Cottage Hospital,Cottage Hospital,Ngetsiko,Zammiyi,Agbkeko South,Agbkeko State,Public,10.642577,10.033475,10.642577,plain,10.033475,plain,ok,,10.642577,10.033475,8.0,8.0,17.0,0.0,0.0,66.7,3.0,both,10.642577,10.033475,mif_consistent_with_register,
HF00568,Irosale Health Post,Health Post,Oluyoko,Ibajija-South,Tivbetu Central,Tivbetu State,Public,10.98254,7.147829,10.98254,plain,7.147829,plain,ok,,7.147829,10.98254,0.0,0.0,0.0,0.0,0.0,0.0,65.0,both,7.147829,10.98254,mif_register_axis_swap_corrected,"Register had lon/lat swapped (register lon=10.982540, lat=7.147829); corrected using MIF point."
HF00585,Baumishi Primary Health Centre,Primary Health Centre,Tivzana,Irongori,Tivbetu Central,Tivbetu State,Public,7.789818,10.883615,7.789818,plain,10.883615,plain,ok,,7.789818,10.883615,1.0,1.0,8.0,1.0,1.0,27.6,33.0,both,7.789818,10.883615,mif_consistent_with_register,
HF00443,Riyzashi Comprehensive Health Centre,Comprehensive Health Centre,Ekekowo,AGBNGORU,Agbzatu South,Agbzatu State,Private,7.65573,8.430011,7.65573,plain,8.430011,plain,ok,,7.65573,8.430011,3.0,8.0,4.0,1.0,1.0,53.5,9.0,both,7.65573,8.430011,mif_consistent_with_register,
HF01237,Okesadu Health Post,Health Post,Gwobeno,HANJILE,Agbkeko Central,Agbkeko State,Public,9.658971,9.607714,9.658971,plain,9.607714,plain,ok,,9.658971,9.607714,1.0,2.0,2.0,0.0,0.0,14.9,52.0,both,9.658971,9.607714,mif_consistent_with_register,
HF00754,Ekeritu Primary Health Centre,Primary Health Centre,Banwama,NASYOTU,Uzojina North,Uzojina State,Public,9.198542,8.028332,9.198542,plain,8.028332,plain,ok,,9.198542,8.028332,0.0,8.0,4.0,0.0,1.0,25.1,34.0,both,9.198542,8.028332,mif_consistent_with_register,
HF01282,Ibatsidu Primary Health Centre,Primary Health Centre,Adetsita,Nasnadu,Agbkeko South,Agbkeko State,Public,10.078286,10.270813,10.078286,plain,10.270813,plain,ok,,10.078286,10.270813,1.0,5.0,7.0,2.0,0.0,35.1,16.0,both,10.078286,10.270813,mif_consistent_with_register,
HF00951,Suplano Health Post,Health Post,Birtsiba,Nasrifa,Supwasa North,Supwasa State,Public,8.957197,10.87669,8.957197,plain,10.87669,plain,ok,,8.957197,10.87669,0.0,0.0,1.0,0.0,0.0,1.3,34.0,both,8.957197,10.87669,mif_consistent_with_register,
HF01299,Irongori Primary Health Centre,Primary Health Centre,Gwotsimi,Enumija ,Agbkeko South,Agbkeko State,Public,10.826209,10.227893,10.826209,plain,10.227893,plain,ok,,10.826209,10.227893,0.0,1.0,8.0,1.0,0.0,16.1,40.0,both,10.826209,10.227893,mif_consistent_with_register,
HF00133,Nasketa Comprehensive Health Centre,Comprehensive Health Centre,Adetidu,Gwolama,Kukrima Central,Kukrima State,Public,6.729949,9.695893,6.729949,plain,9.695893,plain,ok,,6.729949,9.695893,0.0,6.0,4.0,2.0,2.0,31.8,18.0,both,6.729949,9.695893,mif_consistent_with_register,
HF00786,Uzozata Primary Health Centre,Primary Health Centre,Ngemiyi,Nassako-Central,Uzojina North,Uzojina State,Public,8.540909,7.439272,8.540909,plain,7.439272,plain,ok,,,,,,,,,,,left_only,8.540909,7.439272,register,
HF01216,Ngetsishi Comprehensive Health Centre,Comprehensive Health Centre,Birriwa,Yobrifa West,Agbkeko Central,Agbkeko State,Public,8.967089,9.602304,8.967089,plain,9.602304,plain,ok,,8.967089,9.602304,0.0,16.0,4.0,3.0,2.0,48.0,17.0,both,8.967089,9.602304,mif_consistent_with_register,
HF00063,Soknano Primary Health Centre,Primary Health Centre,Aderita,Shajima,Kukrima North,Kukrima State,Public,5.836909,9.041206,5.836909,plain,9.041206,plain,ok,,,,,,,,,,,left_only,5.836909,9.041206,register,
HF00941,Ibajishi Health Post,Health Post,Wurshani,Adekeni,Supwasa North,Supwasa State,Public,9.464985,10.629006,9.464985,plain,10.629006,plain,ok,,9.464985,10.629006,0.0,0.0,1.0,0.0,0.0,1.3,34.0,both,9.464985,10.629006,mif_consistent_with_register,
HF00463,Supbesa Health Post,Health Post,Nasnayi,Umumayi,Agbzatu South,Agbzatu State,Faith-based,8.003522,9.339455,8.003522,plain,9.339455,plain,ok,,8.003522,9.339455,1.0,1.0,2.0,0.0,0.0,12.9,46.0,both,8.003522,9.339455,mif_consistent_with_register,
HF00375,Agbdutu Primary Health Centre,Primary Health Centre,Uzotishi,Lokmata,Agbzatu Central,Agbzatu State,Public,6.766095,8.727617,6.766095,plain,8.727617,plain,ok,,6.766095,8.727617,2.0,6.0,1.0,2.0,1.0,41.0,8.0,both,6.766095,8.727617,mif_consistent_with_register,
HF00103,Umunuba Primary Health Centre,Primary Health Centre,Naslama,Yelkefa,Kukrima Central,Kukrima State,Public,"7,444181","9,87923",7.444181,comma_decimal,9.87923,comma_decimal,ok,,7.444181,9.87923,0.0,4.0,7.0,0.0,1.0,20.6,36.0,both,7.444181,9.87923,mif_consistent_with_register,
HF00359,Gwotsina Health Post,Health Post,Funzako,Irosaja,Agbzatu Central,Agbzatu State,Public,6.657077,8.081276,6.657077,plain,8.081276,plain,ok,,6.657077,8.081276,0.0,1.0,2.0,0.0,0.0,4.6,67.0,both,6.657077,8.081276,mif_consistent_with_register,
HF00131,Wurdewo Health Post,Health Post,Agbtifa,Tambemi,Kukrima Central,Kukrima State,Public,7.032331,9.876326,7.032331,plain,9.876326,plain,ok,,7.032331,9.876326,0.0,1.0,1.0,0.0,0.0,3.4,68.0,both,7.032331,9.876326,mif_consistent_with_register,
HF00476,Okelata Health Post,Health Post,Enuyona,Ngetija,Agbzatu South,Agbzatu State,Public,7.753388,8.960476,7.753388,plain,8.960476,plain,ok,,7.753388,8.960476,1.0,1.0,1.0,0.0,1.0,14.9,43.0,both,7.753388,8.960476,mif_consistent_with_register,
HF00703,Tivluta Primary Health Centre,Primary Health Centre,Sokshano,Adekowo,Tivbetu South,Tivbetu State,Public,8.714223,11.590589,8.714223,plain,11.590589,plain,ok,,8.714223,11.590589,1.0,4.0,2.0,0.0,1.0,22.4,44.0,both,8.714223,11.590589,mif_consistent_with_register,
HF00497,Ekejiwa Health Post,Health Post,Kukbeja,Agbtsiko,Tivbetu North,Tivbetu State,Private,7.978348,9.937524,7.978348,plain,9.937524,plain,ok,,7.978348,9.937524,0.0,2.0,1.0,0.0,0.0,5.4,77.0,both,7.978348,9.937524,mif_consistent_with_register,
HF01085,Riybeno Primary Health Centre,Primary Health Centre,Baubama,Ekedeta East,Supwasa South,Supwasa State,Public,9.507048,11.547113,9.507048,plain,11.547113,plain,ok,,9.507048,11.547113,0.0,5.0,4.0,0.0,0.0,15.5,35.0,both,9.507048,11.547113,mif_consistent_with_register,
HF00569,Jostiyi Primary Health Centre,Primary Health Centre,Loksafa,Ibajija-South ,Tivbetu Central,Tivbetu State,Public,7.189703,10.771575,7.189703,plain,10.771575,plain,ok,,7.189703,10.771575,1.0,7.0,1.0,1.0,0.0,27.8,31.0,both,7.189703,10.771575,mif_consistent_with_register,
HF00616,Banmawo Comprehensive Health Centre,Comprehensive Health Centre,Daideno,Tivbani,Tivbetu Central,Tivbetu State,Public,7.62362,10.564237,7.62362,plain,10.564237,plain,ok,,7.62362,10.564237,0.0,0.0,13.0,0.0,2.0,23.3,38.0,both,7.62362,10.564237,mif_consistent_with_register,
HF00248,Wurwaru Health Post,Health Post,Ekezali,Yobkosa-South,Agbzatu North,Agbzatu State,Public,7.494263,7.59634,7.494263,plain,7.59634,plain,ok,,7.494263,7.59634,1.0,1.0,2.0,1.0,0.0,16.6,55.0,both,7.494263,7.59634,mif_consistent_with_register,
HF01213,Okejili Health Post,Health Post,Daizayi,Yobrifa West,Agbkeko Central,Agbkeko State,Public,9.070264,9.708487,9.070264,plain,9.708487,plain,ok,,9.070264,9.708487,1.0,1.0,3.0,0.0,0.0,14.1,54.0,both,9.070264,9.708487,mif_consistent_with_register,
HF00490,Bausade Primary Health Centre,Primary Health Centre,Umunuta,Tivsano-North,Tivbetu North,Tivbetu State,Public,8.463749,10.277329,8.463749,plain,10.277329,plain,ok,,8.463749,10.277329,2.0,2.0,3.0,0.0,1.0,27.8,30.0,both,8.463749,10.277329,mif_consistent_with_register,
HF00894,Shamade Primary Health Centre,Primary Health Centre,Yeldena,LOKSAYI,Uzojina South,Uzojina State,Public,8.315355,8.89229,8.315355,plain,8.89229,plain,ok,,8.315355,8.89229,2.0,8.0,2.0,2.0,0.0,43.2,18.0,both,8.315355,8.89229,mif_consistent_with_register,
HF00743,Yobmiba Primary Health Centre,Primary Health Centre,Daitsitu,Agbkotu-South,Uzojina North,Uzojina State,Public,8.495016,8.147641,8.495016,plain,8.147641,plain,ok,,8.495016,8.147641,1.0,7.0,3.0,3.0,0.0,37.9,16.0,both,8.495016,8.147641,mif_consistent_with_register,
HF00994,Birraja Primary Health Centre,Primary Health Centre,Irokoni,ZAMBANI,Supwasa Central,Supwasa State,Public,10.279417,10.901836,10.279417,plain,10.901836,plain,ok,,10.279417,10.901836,2.0,4.0,4.0,1.0,3.0,43.6,34.0,both,10.279417,10.901836,mif_consistent_with_register,
HF00459,Tamjiwo Primary Health Centre,Primary Health Centre,Kuktiwa,Umumayi,Agbzatu South,Agbzatu State,Public,7.633257,9.456743,7.633257,plain,9.456743,plain,ok,,7.633257,9.456743,1.0,2.0,0.0,1.0,1.0,19.5,35.0,both,7.633257,9.456743,mif_consistent_with_register,
HF00638,Riymiru Comprehensive Health Centre,Comprehensive Health Centre,Okeluwo,Tamlufa-East LGA,Tivbetu South,Tivbetu State,Public,8.553245,10.719561,8.553245,plain,10.719561,plain,ok,,8.553245,10.719561,0.0,12.0,16.0,4.0,2.0,66.7,8.0,both,8.553245,10.719561,mif_consistent_with_register,
HF00496,Irorako Cottage Hospital,Cottage Hospital,Eketiyi,AGBTSIKO,Tivbetu North,Tivbetu State,Public,7.973203,9.695171,7.973203,plain,9.695171,plain,ok,,7.973203,9.695171,0.0,10.0,22.0,0.0,0.0,40.8,15.0,both,7.973203,9.695171,mif_consistent_with_register,
HF00160,Supshade Primary Health Centre,Primary Health Centre,Birwari,Wurmashi,Kukrima Central,Kukrima State,Public,7.277172,9.966112,7.277172,plain,9.966112,plain,ok,,7.277172,9.966112,1.0,5.0,0.0,0.0,1.0,22.0,32.0,both,7.277172,9.966112,mif_consistent_with_register,
HF00780,Umumiru Primary Health Centre,Primary Health Centre,Riymano,Nassako-Central,Uzojina North,Uzojina State,Public,7.409559,8.275578,7.409559,plain,8.275578,plain,ok,,8.275578,7.409559,0.0,8.0,0.0,1.0,2.0,27.1,29.0,both,8.275578,7.409559,mif_register_axis_swap_corrected,"Register had lon/lat swapped (register lon=7.409559, lat=8.275578); corrected using MIF point."
HF00256,Zamrata Comprehensive Health Centre,Comprehensive Health Centre,Kadbetu,Agbmita,Agbzatu North,Agbzatu State,Public,7.921323,8.365892,7.921323,plain,8.365892,plain,ok,,7.921323,8.365892,2.0,9.0,7.0,1.0,2.0,54.6,5.0,both,7.921323,8.365892,mif_consistent_with_register,
HF00630,Agbzade Health Post,Health Post,Katriwa,Joskeru,Tivbetu South,Tivbetu State,Public,8.390897,11.339983,8.390897,plain,11.339983,plain,ok,,8.390897,11.339983,1.0,2.0,3.0,0.0,0.0,16.2,57.0,both,8.390897,11.339983,mif_consistent_with_register,
HF01147,Shazale Health Post,Health Post,Riynawa,Lokshasa,Agbkeko North,Agbkeko State,Public,10.550423,9.439153,10.550423,plain,9.439153,plain,ok,,,,,,,,,,,left_only,10.550423,9.439153,register,
HF00218,Nasrani Health Post,Health Post,Irobade,Banluta,Kukrima South,Kukrima State,Public,6.100463,10.150814,6.100463,plain,10.150814,plain,ok,,6.100463,10.150814,0.0,1.0,2.0,1.0,1.0,11.7,55.0,both,6.100463,10.150814,mif_consistent_with_register,
HF00707,Sokshayi Health Post,Health Post,Agbkoli,Tivrafa-West ,Uzojina North,Uzojina State,Public,8.955445,7.646671,8.955445,plain,7.646671,plain,ok,,8.955445,7.646671,0.0,3.0,1.0,0.0,0.0,7.5,76.0,both,8.955445,7.646671,mif_consistent_with_register,
HF01204,Lokwata Primary Health Centre,Primary Health Centre,Suptini,DAIBEWO,Agbkeko Central,Agbkeko State,Public,9.339605,9.420845,9.339605,plain,9.420845,plain,ok,,9.339605,9.420845,1.0,4.0,1.0,1.0,0.0,21.6,43.0,both,9.339605,9.420845,mif_consistent_with_register,
HF00543,Birdewo Primary Health Centre,Primary Health Centre,Okedesa,Uzoberi,Tivbetu North,Tivbetu State,Public,8.841955,10.126361,8.841955,plain,10.126361,plain,ok,,8.841955,10.126361,2.0,3.0,2.0,2.0,0.0,32.7,20.0,both,8.841955,10.126361,mif_consistent_with_register,
HF00143,Baushani Health Post,Health Post,Lokngowa,Gwolama,Kukrima Central,Kukrima State,Public,6.915991,9.185069,6.915991,plain,9.185069,plain,ok,,6.915991,9.185069,0.0,1.0,1.0,0.0,1.0,6.7,60.0,both,6.915991,9.185069,mif_consistent_with_register,
HF00136,Yelyode Health Post,Health Post,Malsana,Gwolama,Kukrima Central,Kukrima State,Public,6.817994,9.514545,6.817994,plain,9.514545,plain,ok,,6.817994,9.514545,0.0,1.0,1.0,0.0,0.0,3.4,68.0,both,6.817994,9.514545,mif_consistent_with_register,
HF01098,Umuzadu Primary Health Centre,Primary Health Centre,Katluko,Baumiru,Supwasa South,Supwasa State,Public,9.02877,11.115224,9.02877,plain,11.115224,plain,ok,,,,,,,,,,,left_only,9.02877,11.115224,register,
HF01177,Dutbafa Comprehensive Health Centre,Comprehensive Health Centre,Malnumi,Maljiwo,Agbkeko North,Agbkeko State,Public,9.497099,9.123282,9.497099,plain,9.123282,plain,ok,,9.497099,9.123282,1.0,0.0,6.0,0.0,1.0,19.2,24.0,both,9.497099,9.123282,mif_consistent_with_register,
HF01245,Dutnata Primary Health Centre,Primary Health Centre,Yobwani,Daibama,Agbkeko Central,Agbkeko State,Public,9.154912,9.910187,9.154912,plain,9.910187,plain,ok,,9.154912,9.910187,1.0,4.0,7.0,1.0,0.0,29.2,34.0,both,9.154912,9.910187,mif_consistent_with_register,
HF00282,Wurkoma Comprehensive Health Centre,Comprehensive Health Centre,Jossafa,Malmaba,Agbzatu North,Agbzatu State,Public,7.744936,8.14884,7.744936,plain,8.14884,plain,ok,,7.744936,8.14884,0.0,3.0,4.0,0.0,3.0,21.4,39.0,both,7.744936,8.14884,mif_consistent_with_register,
HF00788,Ibadewa Health Post,Health Post,Daitisa,Nassako-Central,Uzojina North,Uzojina State,Public,8.580784,7.497792,8.580784,plain,7.497792,plain,ok,,8.580784,7.497792,0.0,3.0,0.0,0.0,0.0,6.2,80.0,both,8.580784,7.497792,mif_consistent_with_register,
HF00305,Baushadu General Hospital,General Hospital,Kuktsini,Hanraja,Agbzatu North,Agbzatu State,Public,7.501431,7.908779,7.501431,plain,7.908779,plain,ok,,7.501431,7.908779,0.0,4.0,6.0,3.0,1.0,30.6,24.0,both,7.501431,7.908779,mif_consistent_with_register,
HF01027,Yelmatu Primary Health Centre,Primary Health Centre,Wurbasa,Funkedu,Supwasa Central,Supwasa State,Faith-based,10.577629,11.270131,10.577629,plain,11.270131,plain,ok,,10.577629,11.270131,4.0,10.0,12.0,4.0,3.0,91.2,2.0,both,10.577629,11.270131,mif_consistent_with_register,
HF00539,Umunushi Primary Health Centre,Primary Health Centre,Supmita,Uzoberi,Tivbetu North,Tivbetu State,Faith-based,8.849711,10.173867,8.849711,plain,10.173867,plain,ok,,8.849711,10.173867,1.0,3.0,3.0,0.0,1.0,21.6,38.0,both,8.849711,10.173867,mif_consistent_with_register,
HF00342,Banluna Primary Health Centre,Primary Health Centre,Bannayi,Zamkeri ,Agbzatu Central,Agbzatu State,Faith-based,6.760362,8.967704,6.760362,plain,8.967704,plain,ok,,6.760362,8.967704,1.0,6.0,4.0,0.0,0.0,25.8,28.0,both,6.760362,8.967704,mif_consistent_with_register,
HF00662,Iromani Health Post,Health Post,Tivshana,Hanjiko,Tivbetu South,Tivbetu State,Public,8.516601,11.019014,8.516601,plain,11.019014,plain,ok,,8.516601,11.019014,0.0,1.0,2.0,1.0,1.0,11.7,61.0,both,8.516601,11.019014,mif_consistent_with_register,
HF01074,Dairaja Comprehensive Health Centre,Comprehensive Health Centre,Baurima,Okeyoru-South,Supwasa Central,Supwasa State,Public,9.975258,10.731835,9.975258,plain,10.731835,plain,ok,,9.975258,10.731835,3.0,19.0,23.0,0.0,0.0,69.7,8.0,both,9.975258,10.731835,mif_consistent_with_register,
HF00258,Kukdetu Primary Health Centre,Primary Health Centre,Agbratu,Agbmita,Agbzatu North,Agbzatu State,Public,7.91,7.81,7.91,plain,7.81,plain,ok,,7.914372,7.806129,1.0,4.0,2.0,1.0,2.0,29.5,27.0,both,7.914372,7.806129,mif_consistent_with_register,
HF00098,Ibararu Comprehensive Health Centre,Comprehensive Health Centre,Hanlana,Yelkefa,Kukrima Central,Kukrima State,Public,7.339431,9.436547,7.339431,plain,9.436547,plain,ok,,7.339431,9.436547,0.0,0.0,5.0,3.0,2.0,24.3,27.0,both,7.339431,9.436547,mif_consistent_with_register,
HF00861,Olumawo Health Post,Health Post,Sharimi,Wurkota,Uzojina Central,Uzojina State,Public,9.282455,9.087383,9.282455,plain,9.087383,plain,ok,,9.282455,9.087383,0.0,1.0,2.0,0.0,0.0,4.6,59.0,both,9.282455,9.087383,mif_consistent_with_register,
HF00081,Wurdule Comprehensive Health Centre,Comprehensive Health Centre,Ibasashi,EKEJISA-NORTH,Kukrima North,Kukrima State,Public,5.699544,9.729066,5.699544,plain,9.729066,plain,ok,,5.699544,9.729066,4.0,9.0,9.0,3.0,3.0,81.5,3.0,both,5.699544,9.729066,mif_consistent_with_register,
HF01123,Nasnari Health Post,Health Post,Naslawa,Tivmama,Supwasa South,Supwasa State,Public,9.64695,11.091215,9.64695,plain,11.091215,plain,ok,,9.64695,11.091215,1.0,2.0,2.0,0.0,0.0,14.9,37.0,both,9.64695,11.091215,mif_consistent_with_register,
HF00982,Riylule Primary Health Centre,Primary Health Centre,Adesale,Zambani ,Supwasa Central,Supwasa State,Public,9.910613,11.210663,9.910613,plain,11.210663,plain,ok,,9.910613,11.210663,2.0,5.0,3.0,0.0,0.0,30.7,54.0,both,9.910613,11.210663,mif_consistent_with_register,
HF00099,Zambeshi Health Post,Health Post,Gwosani,Yelkefa,Kukrima Central,Kukrima State,Public,7.5895,9.428368,7.5895,plain,9.428368,plain,ok,,7.5895,9.428368,0.0,0.0,1.0,0.0,0.0,1.3,75.0,both,7.5895,9.428368,mif_consistent_with_register,
HF00118,Joswaba Health Post,Health Post,Zamyoru,Agbjide,Kukrima Central,Kukrima State,Private,6.572116,9.523416,6.572116,plain,9.523416,plain,ok,,6.572116,9.523416,1.0,1.0,1.0,0.0,0.0,11.6,49.0,both,6.572116,9.523416,mif_consistent_with_register,
HF01081,Nasmayi Primary Health Centre,Primary Health Centre,Tivnuta,Ekedeta-East,Supwasa South,Supwasa State,Public,9.488061,11.604106,9.488061,plain,11.604106,plain,ok,,9.488061,11.604106,1.0,4.0,4.0,2.0,1.0,32.5,11.0,both,9.488061,11.604106,mif_consistent_with_register,
HF00056,Olusari General Hospital,General Hospital,Kuknuno,Irolufa,Kukrima North,Kukrima State,Public,6.131007,9.973242,6.131007,plain,9.973242,plain,ok,,6.131007,9.973242,0.0,25.0,0.0,1.0,5.0,38.8,16.0,both,6.131007,9.973242,mif_consistent_with_register,
HF01317,Dutnaba Primary Health Centre,Primary Health Centre,Okewari,Zammiyi,Agbkeko South,Agbkeko State,Public,10.46656,10.186012,10.46656,plain,10.186012,plain,ok,,10.46656,10.186012,1.0,1.0,1.0,2.0,1.0,22.4,27.0,both,10.46656,10.186012,mif_consistent_with_register,
HF01056,Nasmali General Hospital,General Hospital,Wurtsiwa,Katdudu,Supwasa Central,Supwasa State,Public,10.114072,10.505125,10.114072,plain,10.505125,plain,ok,,10.114072,10.505125,0.0,24.0,0.0,6.0,5.0,50.0,24.0,both,10.114072,10.505125,mif_consistent_with_register,
HF00935,Wurrata Primary Health Centre,Primary Health Centre,Josmatu,Zamberi-North LGA,Uzojina South,Uzojina State,Public,8.680263,8.751563,8.680263,plain,8.751563,plain,ok,,8.680263,8.751563,1.0,1.0,8.0,0.0,1.0,23.9,32.0,both,8.680263,8.751563,mif_consistent_with_register,
HF00956,Soklata Health Post,Health Post,Daizaba,Nasrifa,Supwasa North,Supwasa State,Public,9.243193,10.648005,9.243193,plain,10.648005,plain,ok,,9.243193,10.648005,0.0,0.0,1.0,0.0,0.0,1.3,34.0,both,9.243193,10.648005,mif_consistent_with_register,
HF00996,Shadeli Cottage Hospital,Cottage Hospital,Irokoni,ZAMBANI,Supwasa Central,Supwasa State,Public,10.246834,10.87804,10.246834,plain,10.87804,plain,ok,,10.246834,10.87804,3.0,10.0,8.0,0.0,0.0,55.7,15.0,both,10.246834,10.87804,mif_consistent_with_register,
HF01297,Riybede Primary Health Centre,Primary Health Centre,Malludu,Enumija,Agbkeko South,Agbkeko State,Public,10.863171,10.078358,10.863171,plain,10.078358,plain,ok,,10.863171,10.078358,0.0,2.0,4.0,1.0,1.0,16.4,39.0,both,10.863171,10.078358,mif_consistent_with_register,
HF00120,Malrami General Hospital,General Hospital,Kadjisa,Agbjide,Kukrima Central,Kukrima State,Public,6.704085,9.374498,6.704085,plain,9.374498,plain,ok,,6.704085,9.374498,0.0,0.0,9.0,3.0,0.0,22.8,30.0,both,6.704085,9.374498,mif_consistent_with_register,
HF01143,Adeduni Health Post,Health Post,Bauyoyi,Sokmiri,Agbkeko North,Agbkeko State,Public,9.746433,8.988746,9.746433,plain,8.988746,plain,ok,,9.746433,8.988746,0.0,0.0,1.0,0.0,0.0,1.3,57.0,both,9.746433,8.988746,mif_consistent_with_register,
HF00973,Malluna Health Post,Health Post,Wurkele,Wuryona,Supwasa North,Supwasa State,Faith-based,9.811489,10.578971,9.811489,plain,10.578971,plain,ok,,9.811489,10.578971,0.0,0.0,0.0,0.0,0.0,0.0,38.0,both,9.811489,10.578971,mif_consistent_with_register,
HF00230,Tivsami Primary Health Centre,Primary Health Centre,Wurlawo,Enumade-West,Kukrima South,Kukrima State,Public,6.527888,10.282229,6.527888,plain,10.282229,plain,ok,,6.527888,10.282229,0.0,2.0,3.0,1.0,3.0,21.8,39.0,both,6.527888,10.282229,mif_consistent_with_register,
HF01275,Ibarana Primary Health Centre,Primary Health Centre,Uzodushi,Nasnadu,Agbkeko South,Agbkeko State,Public,9.941365,9.886431,9.941365,plain,9.886431,plain,ok,,9.941365,9.886431,3.0,6.0,4.0,0.0,0.0,42.3,12.0,both,9.941365,9.886431,mif_consistent_with_register,
HF00065,Agbrisa Comprehensive Health Centre,Comprehensive Health Centre,Joswaja,SHAJIMA,Kukrima North,Kukrima State,Public,6.135081,9.231325,6.135081,plain,9.231325,plain,ok,,6.135081,9.231325,0.0,12.0,6.0,3.0,3.0,53.9,11.0,both,6.135081,9.231325,mif_consistent_with_register,
HF00772,Birmili Comprehensive Health Centre,Comprehensive Health Centre,Uzosawo,Tamluni,Uzojina North,Uzojina State,Private,8.525022,7.911056,8.525022,plain,7.911056,plain,ok,,8.525022,7.911056,2.0,16.0,8.0,1.0,4.0,65.4,2.0,both,8.525022,7.911056,mif_consistent_with_register,
HF00544,Riytina Comprehensive Health Centre,Comprehensive Health Centre,Okedesa,Uzoberi,Tivbetu North,Tivbetu State,Public,8.967805,10.154681,8.967805,plain,10.154681,plain,ok,,,,,,,,,,,left_only,8.967805,10.154681,register,
HF01284,Enushafa Health Post,Health Post,Katnawa,Nasnadu,Agbkeko South,Agbkeko State,Public,10.045463,10.105296,10.045463,plain,10.105296,plain,ok,,10.045463,10.105296,0.0,2.0,1.0,0.0,0.0,5.4,57.0,both,10.045463,10.105296,mif_consistent_with_register,
HF00200,Daibawo Comprehensive Health Centre,Comprehensive Health Centre,Kukjimi,Umumitu,Kukrima South,Kukrima State,Public,6.864166,10.900675,6.864166,plain,10.900675,plain,ok,,6.864166,10.900675,2.0,18.0,11.0,0.0,4.0,65.5,9.0,both,6.864166,10.900675,mif_consistent_with_register,
HF00494,Tivderi Cottage Hospital,Cottage Hospital,Eketiyi,Agbtsiko,Tivbetu North,Tivbetu State,Public,7.99,9.78,7.99,plain,9.78,plain,ok,,7.994156,9.778496,0.0,0.0,3.0,0.0,2.0,10.5,65.0,both,7.994156,9.778496,mif_consistent_with_register,
HF00880,Wurjide Primary Health Centre,Primary Health Centre,Jostsita,Olubani-South,Uzojina South,Uzojina State,Public,8.333424,8.594569,8.333424,plain,8.594569,plain,ok,,8.333424,8.594569,0.0,0.0,2.0,2.0,1.0,13.4,52.0,both,8.333424,8.594569,mif_consistent_with_register,
HF01131,Olurayi Primary Health Centre,Primary Health Centre,Kadzaru,Tivmama,Supwasa South,Supwasa State,Public,10.008208,11.477596,10.008208,plain,11.477596,plain,ok,,10.008208,11.477596,2.0,4.0,6.0,0.0,1.0,35.8,8.0,both,10.008208,11.477596,mif_consistent_with_register,
HF00619,Tammafa Health Post,Health Post,Daideno,Tivbani,Tivbetu Central,Tivbetu State,Public,7.568924,10.550798,7.568924,plain,10.550798,plain,ok,,7.568924,10.550798,0.0,2.0,1.0,1.0,0.0,9.2,53.0,both,7.568924,10.550798,mif_consistent_with_register,
HF00082,Yobrana Primary Health Centre,Primary Health Centre,Ibasashi,Ekejisa-North,Kukrima North,Kukrima State,Private,5.655149,9.628072,5.655149,plain,9.628072,plain,ok,,5.655149,9.628072,0.0,0.0,5.0,1.0,1.0,13.5,57.0,both,5.655149,9.628072,mif_consistent_with_register,
HF00413,Katwasa Health Post,Health Post,Zamlani,Iromashi,Agbzatu Central,Agbzatu State,Private,7.069807,8.492966,7.069807,plain,8.492966,plain,ok,,7.069807,8.492966,0.0,1.0,1.0,0.0,0.0,3.4,73.0,both,7.069807,8.492966,mif_consistent_with_register,
HF00201,Kadmade Primary Health Centre,Primary Health Centre,Ibanana,Adenaja,Kukrima South,Kukrima State,Public,6.738118,10.610027,6.738118,plain,10.610027,plain,ok,,6.738118,10.610027,2.0,2.0,13.0,0.0,3.0,47.2,18.0,both,6.738118,10.610027,mif_consistent_with_register,
HF00229,Kukkoyi Comprehensive Health Centre,Comprehensive Health Centre,Wurlawo,Enumade-West,Kukrima South,Kukrima State,Public,6.495369,10.279602,6.495369,plain,10.279602,plain,ok,,6.495369,10.279602,1.0,3.0,9.0,8.0,0.0,41.0,22.0,both,6.495369,10.279602,mif_consistent_with_register,
HF00855,Yelnule Primary Health Centre,Primary Health Centre,Wurtimi,WURKOTA,Uzojina Central,Uzojina State,Public,8.954704,8.513525,8.954704,plain,8.513525,plain,ok,,8.954704,8.513525,0.0,6.0,5.0,0.0,0.0,18.9,35.0,both,8.954704,8.513525,mif_consistent_with_register,
HF00344,Kadngoko Health Post,Health Post,Dutmili,Zamkeri,Agbzatu Central,Agbzatu State,Private,6.95,8.7,6.95,plain,8.7,plain,ok,,6.947442,8.702141,0.0,2.0,1.0,0.0,0.0,5.4,63.0,both,6.947442,8.702141,mif_consistent_with_register,
HF01260,Adeyowa General Hospital,General Hospital,Riytsina,ZAMJIDU,Agbkeko Central,Agbkeko State,Faith-based,9.508888,10.03343,9.508888,plain,10.03343,plain,ok,,9.508888,10.03343,4.0,26.0,20.0,8.0,1.0,93.3,2.0,both,9.508888,10.03343,mif_consistent_with_register,
HF00784,Sokrimi Health Post,Health Post,Uzorimi,Nassako-Central,Uzojina North,Uzojina State,Private,8.317521,7.294495,8.317521,plain,7.294495,plain,ok,,,,,,,,,,,left_only,8.317521,7.294495,register,
HF00505,Olukeko Cottage Hospital,Cottage Hospital,Banluba,Bauzani,Tivbetu North,Tivbetu State,Public,7.890172,10.501407,7.890172,plain,10.501407,plain,ok,,7.890172,10.501407,1.0,21.0,12.0,6.0,1.0,66.9,4.0,both,7.890172,10.501407,mif_consistent_with_register,
HF01099,Jostiri Primary Health Centre,Primary Health Centre,Katluko,Baumiru,Supwasa South,Supwasa State,Private,9.07046,11.200216,9.07046,plain,11.200216,plain,ok,,,,,,,,,,,left_only,9.07046,11.200216,register,
HF01163,Ngeluni Primary Health Centre,Primary Health Centre,Yobkema,Jostile,Agbkeko North,Agbkeko State,Private,10.143697,9.414559,10.143697,plain,9.414559,plain,ok,,10.143697,9.414559,1.0,3.0,2.0,0.0,0.0,17.0,29.0,both,10.143697,9.414559,mif_consistent_with_register,
HF00010,Irongole Comprehensive Health Centre,Comprehensive Health Centre,Oludeli,Katmaba,Kukrima North,Kukrima State,Public,5.701687,9.161474,5.701687,plain,9.161474,plain,ok,,5.701687,9.161474,0.0,11.0,10.0,6.0,3.0,60.7,9.0,both,5.701687,9.161474,mif_consistent_with_register,
HF00838,Ibakeja Primary Health Centre,Primary Health Centre,Supriyi,Dutkeni ,Uzojina Central,Uzojina State,Public,9.696847,8.418326,9.696847,plain,8.418326,plain,ok,,9.696847,8.418326,0.0,0.0,5.0,0.0,1.0,9.7,52.0,both,9.696847,8.418326,mif_consistent_with_register,
HF01174,Daingoyi Primary Health Centre,Primary Health Centre,Malnumi,Maljiwo ,Agbkeko North,Agbkeko State,Public,9.4965,9.130317,9.4965,plain,9.130317,plain,ok,,9.4965,9.130317,0.0,0.0,2.0,0.0,1.0,5.9,46.0,both,9.4965,9.130317,mif_consistent_with_register,
HF01065,Yeltima Primary Health Centre,Primary Health Centre,Umuyoba,OKEYORU-SOUTH,Supwasa Central,Supwasa State,Public,9.796443,10.791494,9.796443,plain,10.791494,plain,ok,,9.796443,10.791494,0.0,10.0,11.0,0.0,1.0,38.2,44.0,both,9.796443,10.791494,mif_consistent_with_register,
HF00583,Ngesami Primary Health Centre,Primary Health Centre,Funmidu,Irongori,Tivbetu Central,Tivbetu State,Public,7.702457,10.737229,7.702457,plain,10.737229,plain,ok,,7.702457,10.737229,1.0,1.0,5.0,0.0,0.0,16.7,44.0,both,7.702457,10.737229,mif_consistent_with_register,
HF00304,Josluja Primary Health Centre,Primary Health Centre,Dutkota,Hanraja,Agbzatu North,Agbzatu State,Public,7.425182,7.864777,7.425182,plain,7.864777,plain,ok,,7.425182,7.864777,0.0,6.0,0.0,1.0,1.0,19.6,45.0,both,7.425182,7.864777,mif_consistent_with_register,
HF00214,Bauladu Comprehensive Health Centre,Comprehensive Health Centre,Okenawa,Adenaja,Kukrima South,Kukrima State,Private,7.041731,10.641934,7.041731,plain,10.641934,plain,ok,,7.041731,10.641934,0.0,0.0,10.0,1.0,1.0,19.9,42.0,both,7.041731,10.641934,mif_consistent_with_register,
HF00911,Kadngoshi Cottage Hospital,Cottage Hospital,Yobnushi,Agbridu-West,Uzojina South,Uzojina State,Public,8.208013,9.211652,8.208013,plain,9.211652,plain,ok,,8.208013,9.211652,2.0,4.0,17.0,0.0,2.0,51.4,8.0,both,8.208013,9.211652,mif_consistent_with_register,
HF00088,Okemako Cottage Hospital,Cottage Hospital,Lokngodu,Ekejisa-North,Kukrima North,Kukrima State,Public,5.938353,9.729836,5.938353,plain,9.729836,plain,ok,,5.938353,9.729836,0.0,10.0,5.0,0.0,2.0,33.9,20.0,both,5.938353,9.729836,mif_consistent_with_register,
HF00582,Agbriyi Health Post,Health Post,Funmidu,Irongori,Tivbetu Central,Tivbetu State,Private,7.654234,10.685819,7.654234,plain,10.685819,plain,ok,,7.654234,10.685819,0.0,2.0,2.0,0.0,0.0,6.7,54.0,both,7.654234,10.685819,mif_consistent_with_register,
HF00672,Birlude Primary Health Centre,Primary Health Centre,Daimako,Hanjiko,Tivbetu South,Tivbetu State,Private,8.724419,10.909656,8.724419,plain,10.909656,plain,ok,,,,,,,,,,,left_only,8.724419,10.909656,register,
HF01043,Bannuli Health Post,Health Post,Wurngomi,Josmiba,Supwasa Central,Supwasa State,Public,10.650835,10.628476,10.650835,plain,10.628476,plain,ok,,10.650835,10.628476,0.0,3.0,1.0,1.0,0.0,11.3,82.0,both,10.650835,10.628476,mif_consistent_with_register,
HF00591,Ngekori Comprehensive Health Centre,Comprehensive Health Centre,Yelzafa,Irongori,Tivbetu Central,Tivbetu State,Public,7.87,10.66,7.87,plain,10.66,plain,ok,,7.873561,10.664247,1.0,4.0,17.0,0.0,0.0,36.6,21.0,both,7.873561,10.664247,mif_consistent_with_register,
HF01285,Daishasa Health Post,Health Post,Daibano,Nasnadu,Agbkeko South,Agbkeko State,Public,10.203595,10.229631,10.203595,plain,10.229631,plain,ok,,10.203595,10.229631,0.0,0.0,4.0,0.0,0.0,5.1,58.0,both,10.203595,10.229631,mif_consistent_with_register,
HF00910,Lokshana Health Post,Health Post,Hanwano,AGBRIDU-WEST,Uzojina South,Uzojina State,Private,8.189422,9.08186,8.189422,plain,9.08186,plain,ok,,8.189422,9.08186,1.0,1.0,1.0,1.0,0.0,15.3,46.0,both,8.189422,9.08186,mif_consistent_with_register,
HF00391,Tivtifa Primary Health Centre,Primary Health Centre,Oluketa,Enutifa,Agbzatu Central,Agbzatu State,Public,7.168547,7.926887,7.168547,plain,7.926887,plain,ok,,7.168547,7.926887,0.0,5.0,1.0,1.0,1.0,18.8,41.0,both,7.168547,7.926887,mif_consistent_with_register,
HF00721,Wurtsima Health Post,Health Post,Katbaru,Dutjiri LGA,Uzojina North,Uzojina State,Public,8.706286,8.311258,8.706286,plain,8.311258,plain,ok,,8.706286,8.311258,0.0,2.0,3.0,0.0,0.0,8.0,70.0,both,8.706286,8.311258,mif_consistent_with_register,
HF01269,Sokkesa Primary Health Centre,Primary Health Centre,Bantsile,Nasnadu,Agbkeko South,Agbkeko State,Public,9.888763,10.18315,9.888763,plain,10.18315,plain,ok,,9.888763,10.18315,0.0,5.0,5.0,0.0,1.0,20.1,32.0,both,9.888763,10.18315,mif_consistent_with_register,
HF00567,Gwonuli Comprehensive Health Centre,Comprehensive Health Centre,Oluyoko,Ibajija-South,Tivbetu Central,Tivbetu State,Public,7.2,10.91,7.2,plain,10.91,plain,ok,,7.204724,10.910696,5.0,9.0,9.0,0.0,2.0,66.9,4.0,both,7.204724,10.910696,mif_consistent_with_register,
HF00368,Agbjisa Health Post,Health Post,Okewako,Lokmata,Agbzatu Central,Agbzatu State,Private,6.626039,8.736826,6.626039,plain,8.736826,plain,ok,,6.626039,8.736826,0.0,1.0,1.0,0.0,0.0,3.4,73.0,both,6.626039,8.736826,mif_consistent_with_register,
HF00336,Umutsita Comprehensive Health Centre,Comprehensive Health Centre,Umubeli,Gwodele-South,Agbzatu North,Agbzatu State,Public,8.289558,7.658991,8.289558,plain,7.658991,plain,ok,,8.289558,7.658991,1.0,5.0,8.0,0.0,1.0,32.2,22.0,both,8.289558,7.658991,mif_consistent_with_register,
HF00684,Umukeru Primary Health Centre,Primary Health Centre,Agbsama,Olujiwa,Tivbetu South,Tivbetu State,Public,8.30342,10.611765,8.30342,plain,10.611765,plain,ok,,8.30342,10.611765,0.0,3.0,10.0,1.0,0.0,22.8,43.0,both,8.30342,10.611765,mif_consistent_with_register,
HF00608,Ekenuna Primary Health Centre,Primary Health Centre,Ekekena,Ironama,Tivbetu Central,Tivbetu State,Public,7.45021,10.762142,7.45021,plain,10.762142,plain,ok,,7.45021,10.762142,1.0,4.0,8.0,0.0,0.0,26.8,37.0,both,7.45021,10.762142,mif_consistent_with_register,
HF00793,Yeljiko Primary Health Centre,Primary Health Centre,Gwobako,Nassako-Central,Uzojina North,Uzojina State,Public,8.89048,7.503743,8.89048,plain,7.503743,plain,ok,,8.89048,7.503743,1.0,0.0,3.0,0.0,1.0,15.4,46.0,both,8.89048,7.503743,mif_consistent_with_register,
HF00462,Riykota Health Post,Health Post,Nasnayi,Umumayi,Agbzatu South,Agbzatu State,Public,7.862228,9.412381,7.862228,plain,9.412381,plain,ok,,7.862228,9.412381,0.0,1.0,1.0,1.0,0.0,7.1,53.0,both,7.862228,9.412381,mif_consistent_with_register,
HF00654,Yobngoshi Health Post,Health Post,Funrashi,Ibamide,Tivbetu South,Tivbetu State,Public,8.246522,11.477482,8.246522,plain,11.477482,plain,ok,,,,,,,,,,,left_only,8.246522,11.477482,register,
HF00761,Zamsaru Primary Health Centre,Primary Health Centre,Riylale,Tamluni,Uzojina North,Uzojina State,Public,8.464619,7.839465,8.464619,plain,7.839465,plain,ok,,,,,,,,,,,left_only,8.464619,7.839465,register,
HF00069,Katjiyi Primary Health Centre,Primary Health Centre,Sokdema,Shajima,Kukrima North,Kukrima State,Public,5.991622,9.45229,5.991622,plain,9.45229,plain,ok,,5.991622,9.45229,1.0,8.0,3.0,1.0,0.0,32.5,26.0,both,5.991622,9.45229,mif_consistent_with_register,
HF00515,Shajino Primary Health Centre,Primary Health Centre,Nasbayi,Agbzawa-South,Tivbetu North,Tivbetu State,Public,8.273164,9.774455,8.273164,plain,9.774455,plain,ok,,8.273164,9.774455,1.0,0.0,5.0,0.0,1.0,17.9,50.0,both,8.273164,9.774455,mif_consistent_with_register,
HF01102,Riymani Primary Health Centre,Primary Health Centre,Joslaru,Loknaba,Supwasa South,Supwasa State,Public,8.877646,11.39921,8.877646,plain,11.39921,plain,ok,,8.877646,11.39921,0.0,1.0,6.0,0.0,0.0,9.8,45.0,both,8.877646,11.39921,mif_consistent_with_register,
HF01152,Umubesa Cottage Hospital,Cottage Hospital,Riynawa,Lokshasa,Agbkeko North,Agbkeko State,Private,10.507394,9.386771,10.507394,plain,9.386771,plain,ok,,10.507394,9.386771,0.0,7.0,4.0,1.0,1.0,26.8,14.0,both,10.507394,9.386771,mif_consistent_with_register,
HF00979,Adebedu Primary Health Centre,Primary Health Centre,Sokdeba,Zambani,Supwasa Central,Supwasa State,Public,9.8651,11.012778,9.8651,plain,11.012778,plain,ok,,9.8651,11.012778,3.0,5.0,2.0,2.0,1.0,48.5,26.0,both,9.8651,11.012778,mif_consistent_with_register,
HF00617,Ekejiyi Health Post,Health Post,Daideno,Tivbani,Tivbetu Central,Tivbetu State,Private,,,,missing,,missing,missing_coordinates,,7.571581,10.507984,1.0,2.0,1.0,0.0,0.0,13.7,48.0,both,7.571581,10.507984,mif_only_register_missing,
HF00995,Riyngodu Comprehensive Health Centre,Comprehensive Health Centre,Irokoni,Zambani,Supwasa Central,Supwasa State,Public,10.160937,10.926222,10.160937,plain,10.926222,plain,ok,,10.160937,10.926222,0.0,12.0,2.0,7.0,0.0,42.6,36.0,both,10.160937,10.926222,mif_consistent_with_register,
HF00692,Yellafa Cottage Hospital,Cottage Hospital,Okenatu,NASDUDU-NORTH,Tivbetu South,Tivbetu State,Public,8.057355,11.155358,8.057355,plain,11.155358,plain,ok,,8.057355,11.155358,5.0,27.0,9.0,2.0,5.0,84.0,2.0,both,8.057355,11.155358,mif_consistent_with_register,
HF00825,Sokbawo Primary Health Centre,Primary Health Centre,Adetsidu,Daishali-Central,Uzojina Central,Uzojina State,Private,9.230967,8.23195,9.230967,plain,8.23195,plain,ok,,9.230967,8.23195,1.0,2.0,5.0,1.0,0.0,22.5,29.0,both,9.230967,8.23195,mif_consistent_with_register,
HF00151,Naskoli Primary Health Centre,Primary Health Centre,Hanluta,Wurmashi,Kukrima Central,Kukrima State,Faith-based,7.36,10.14,7.36,plain,10.14,plain,ok,,7.361413,10.139268,0.0,1.0,2.0,0.0,1.0,8.0,58.0,both,7.361413,10.139268,mif_consistent_with_register,
HF00660,Yellano Primary Health Centre,Primary Health Centre,Tivshana,Hanjiko,Tivbetu South,Tivbetu State,Public,8.503773,10.984919,8.503773,plain,10.984919,plain,ok,,8.503773,10.984919,0.0,1.0,0.0,3.0,0.0,13.3,59.0,both,8.503773,10.984919,mif_consistent_with_register,
HF01129,Yelkemi Primary Health Centre,Primary Health Centre,Loktifa,Tivmama,Supwasa South,Supwasa State,Public,10.182685,11.552551,10.182685,plain,11.552551,plain,ok,,10.182685,11.552551,2.0,0.0,2.0,1.0,1.0,26.1,19.0,both,10.182685,11.552551,mif_consistent_with_register,
HF00281,Hansashi General Hospital,General Hospital,Jossafa,Malmaba,Agbzatu North,Agbzatu State,Public,7.765756,8.140065,7.765756,plain,8.140065,plain,ok,,7.765756,8.140065,3.0,21.0,5.0,2.0,5.0,73.5,2.0,both,7.765756,8.140065,mif_consistent_with_register,
HF00121,Bauwatu General Hospital,General Hospital,Wurdesa,Agbjide,Kukrima Central,Kukrima State,Private,,,,missing,,missing,missing_coordinates,,6.799156,9.302825,1.0,4.0,8.0,6.0,10.0,51.8,6.0,both,6.799156,9.302825,mif_only_register_missing,
HF00902,Daizale Health Post,Health Post,Banzashi,Hansatu,Uzojina South,Uzojina State,Private,8.822596,9.452789,8.822596,plain,9.452789,plain,ok,,8.822596,9.452789,0.0,3.0,3.0,1.0,1.0,17.2,42.0,both,8.822596,9.452789,mif_consistent_with_register,
HF00290,Zamrama Primary Health Centre,Primary Health Centre,Daisale,Supyoshi-East,Agbzatu North,Agbzatu State,Public,7.788012,7.394021,7.788012,plain,7.394021,plain,ok,,7.788012,7.394021,0.0,3.0,1.0,0.0,1.0,10.9,70.0,both,7.788012,7.394021,mif_consistent_with_register,
HF00479,Olumaru Cottage Hospital,Cottage Hospital,Yobbeko,Ngetija,Agbzatu South,Agbzatu State,Public,7.657602,9.11469,7.657602,plain,9.11469,plain,ok,,7.657602,9.11469,0.0,23.0,11.0,1.0,1.0,46.1,10.0,both,7.657602,9.11469,mif_consistent_with_register,
HF01178,Riysayi General Hospital,General Hospital,Hanlasa,Maljiwo,Agbkeko North,Agbkeko State,Public,9.544469,9.059718,9.544469,plain,9.059718,plain,ok,,9.544469,9.059718,0.0,0.0,8.0,2.0,0.0,17.7,27.0,both,9.544469,9.059718,mif_consistent_with_register,
HF00833,Hanngoma Comprehensive Health Centre,Comprehensive Health Centre,Hantima,Yeltsina,Uzojina Central,Uzojina State,Public,9.539544,8.899281,9.539544,plain,8.899281,plain,ok,,9.539544,8.899281,1.0,7.0,11.0,3.0,2.0,54.8,9.0,both,9.539544,8.899281,mif_consistent_with_register,
HF00832,Ekejiwo Comprehensive Health Centre,Comprehensive Health Centre,Hantima,Yeltsina,Uzojina Central,Uzojina State,Public,9.579981,8.969575,9.579981,plain,8.969575,plain,ok,,9.579981,8.969575,0.0,6.0,6.0,2.0,0.0,27.7,24.0,both,9.579981,8.969575,mif_consistent_with_register,
HF00510,Kukmaja Primary Health Centre,Primary Health Centre,Bannasa,Bauzani LGA,Tivbetu North,Tivbetu State,Public,8.031191,10.374378,8.031191,plain,10.374378,plain,ok,,8.031191,10.374378,1.0,2.0,7.0,0.0,0.0,21.3,39.0,both,8.031191,10.374378,mif_consistent_with_register,
HF01055,Baujiri Primary Health Centre,Primary Health Centre,Wurtsiwa,Katdudu,Supwasa Central,Supwasa State,Public,10.012807,10.446536,10.012807,plain,10.446536,plain,ok,,10.012807,10.446536,0.0,4.0,5.0,0.0,0.0,14.7,70.0,both,10.012807,10.446536,mif_consistent_with_register,
HF00785,Banwata Comprehensive Health Centre,Comprehensive Health Centre,Ngemiyi,Nassako Central,Uzojina North,Uzojina State,Public,8.533487,7.371664,8.533487,plain,7.371664,plain,ok,,8.533487,7.371664,0.0,11.0,15.0,2.0,5.0,59.6,4.0,both,8.533487,7.371664,mif_consistent_with_register,
HF00092,Baukowa Primary Health Centre,Primary Health Centre,Adelawa,YELKEFA,Kukrima Central,Kukrima State,Public,7.377988,9.715044,7.377988,plain,9.715044,plain,ok,,7.377988,9.715044,1.0,0.0,2.0,0.0,0.0,10.8,52.0,both,7.377988,9.715044,mif_consistent_with_register,
HF00835,Ibarako Primary Health Centre,Primary Health Centre,Dairili,Dutkeni,Uzojina Central,Uzojina State,Public,9.596073,8.626605,9.596073,plain,8.626605,plain,ok,,9.596073,8.626605,0.0,3.0,7.0,0.0,2.0,21.9,31.0,both,9.596073,8.626605,mif_consistent_with_register,
HF00776,Olutiko Primary Health Centre,Primary Health Centre,Bantsiko,TAMLUNI,Uzojina North,Uzojina State,Public,8.748026,7.721966,8.748026,plain,7.721966,plain,ok,,8.748026,7.721966,1.0,5.0,3.0,1.0,2.0,32.9,23.0,both,8.748026,7.721966,mif_consistent_with_register,
HF00423,Okesana Cottage Hospital,Cottage Hospital,Wurnude,Oketsifa,Agbzatu South,Agbzatu State,Public,7.959241,8.730055,7.959241,plain,8.730055,plain,ok,,,,,,,,,,,left_only,7.959241,8.730055,register,
HF00615,Riyduwa Comprehensive Health Centre,Comprehensive Health Centre,Shabani,Ironama,Tivbetu Central,Tivbetu State,Public,7.601149,10.788938,7.601149,plain,10.788938,plain,ok,,7.601149,10.788938,2.0,6.0,10.0,0.0,0.0,41.7,16.0,both,7.601149,10.788938,mif_consistent_with_register,
HF00257,Uzozana Primary Health Centre,Primary Health Centre,Kadbetu,Agbmita,Agbzatu North,Agbzatu State,Public,8.028324,8.318118,8.028324,plain,8.318118,plain,ok,,,,,,,,,,,left_only,8.028324,8.318118,register,
HF00487,Daishatu Primary Health Centre,Primary Health Centre,Riyzama,Tivsano-North,Tivbetu North,Tivbetu State,Public,8.416361,10.051751,8.416361,plain,10.051751,plain,ok,,8.416361,10.051751,1.0,1.0,3.0,1.0,1.0,21.2,41.0,both,8.416361,10.051751,mif_consistent_with_register,
HF01277,Kadluli General Hospital,General Hospital,Uzodushi,Nasnadu,Agbkeko South,Agbkeko State,Private,9.906101,9.89263,9.906101,plain,9.89263,plain,ok,,9.89263,9.906101,0.0,8.0,25.0,4.0,1.0,55.0,6.0,both,9.89263,9.906101,mif_register_axis_swap_corrected,"Register had lon/lat swapped (register lon=9.906101, lat=9.892630); corrected using MIF point."
HF00450,Funzafa Health Post,Health Post,Zamnawo,Daishako,Agbzatu South,Agbzatu State,Private,7.399633,8.90719,7.399633,plain,8.90719,plain,ok,,7.399633,8.90719,1.0,1.0,1.0,1.0,1.0,18.7,38.0,both,7.399633,8.90719,mif_consistent_with_register,
HF00335,Yobdeko Primary Health Centre,Primary Health Centre,Umubeli,Gwodele-South,Agbzatu North,Agbzatu State,Public,8.282042,7.689059,8.282042,plain,7.689059,plain,ok,,8.282042,7.689059,0.0,3.0,2.0,1.0,0.0,12.6,65.0,both,8.282042,7.689059,mif_consistent_with_register,
HF00673,Kadyoni Health Post,Health Post,Baunata,Hanjiko,Tivbetu South,Tivbetu State,Public,8.780939,11.127303,8.780939,plain,11.127303,plain,ok,,8.780939,11.127303,0.0,0.0,0.0,0.0,1.0,3.3,77.0,both,8.780939,11.127303,mif_consistent_with_register,
HF00030,Hanlusa Cottage Hospital,Cottage Hospital,Baukeshi,Riylude-North,Kukrima North,Kukrima State,Public,6.2699,9.78267,6.2699,plain,9.78267,plain,ok,,6.2699,9.78267,0.0,17.0,16.0,6.0,1.0,63.3,7.0,both,6.2699,9.78267,mif_consistent_with_register,
HF01151,Wurngoyi Comprehensive Health Centre,Comprehensive Health Centre,Riynawa,Lokshasa,Agbkeko North,Agbkeko State,Public,10.559593,9.358575,10.559593,plain,9.358575,plain,ok,,10.559593,9.358575,1.0,6.0,5.0,1.0,1.0,34.2,9.0,both,10.559593,9.358575,mif_consistent_with_register,
HF00970,Lokritu Primary Health Centre,Primary Health Centre,Katraja,Wuryona,Supwasa North,Supwasa State,Public,9.721687,10.423517,9.721687,plain,10.423517,plain,ok,,9.721687,10.423517,1.0,2.0,2.0,1.0,0.0,18.7,16.0,both,9.721687,10.423517,mif_consistent_with_register,
HF00518,Dutsashi Primary Health Centre,Primary Health Centre,Nasbayi,Agbzawa-South,Tivbetu North,Tivbetu State,Public,8.192224,9.639157,8.192224,plain,9.639157,plain,ok,,8.192224,9.639157,0.0,0.0,0.0,1.0,1.0,7.1,74.0,both,8.192224,9.639157,mif_consistent_with_register,
HF00676,Ekeridu Cottage Hospital,Cottage Hospital,Ngeduru,Olujiwa,Tivbetu South,Tivbetu State,Private,7.898121,10.954963,7.898121,plain,10.954963,plain,ok,,7.898121,10.954963,4.0,0.0,12.0,1.0,6.0,59.1,10.0,both,7.898121,10.954963,mif_consistent_with_register,
HF00041,Kukzadu Primary Health Centre,Primary Health Centre,Uzobele,Riylude-North LGA,Kukrima North,Kukrima State,Public,6.473236,9.61267,6.473236,plain,9.61267,plain,ok,,,,,,,,,,,left_only,6.473236,9.61267,register,
HF00017,Ibamako Primary Health Centre,Primary Health Centre,Shaluri,Uzoluni,Kukrima North,Kukrima State,Public,5.866775,8.909237,5.866775,plain,8.909237,plain,ok,,5.866775,8.909237,2.0,4.0,0.0,0.0,1.0,28.1,34.0,both,5.866775,8.909237,mif_consistent_with_register,
HF01322,Fundeta Primary Health Centre,Primary Health Centre,Yelshama,Gwodewo,Agbkeko South,Agbkeko State,Public,10.481587,9.86026,10.481587,plain,9.86026,plain,ok,,10.481587,9.86026,1.0,3.0,6.0,0.0,0.0,22.1,29.0,both,10.481587,9.86026,mif_consistent_with_register,
HF00990,Riyshari General Hospital,General Hospital,Dailaba,Zambani LGA,Supwasa Central,Supwasa State,Public,,,,missing,,missing,missing_coordinates,,10.125832,11.172064,0.0,23.0,40.0,15.0,5.0,70.0,7.0,both,10.125832,11.172064,mif_only_register_missing,
HF01121,Olubeli Primary Health Centre,Primary Health Centre,Soknutu,Oluyofa,Supwasa South,Supwasa State,Public,9.336942,11.105304,9.336942,plain,11.105304,plain,ok,,9.336942,11.105304,0.0,2.0,6.0,2.0,0.0,19.3,27.0,both,9.336942,11.105304,mif_consistent_with_register,
HF01105,Ibasami Primary Health Centre,Primary Health Centre,Agbdeni,Loknaba,Supwasa South,Supwasa State,Public,9.026423,11.494417,9.026423,plain,11.494417,plain,ok,,9.026423,11.494417,1.0,4.0,1.0,1.0,1.0,24.9,21.0,both,9.026423,11.494417,mif_consistent_with_register,
HF00542,Agbdeja Primary Health Centre,Primary Health Centre,Yelnuba,Uzoberi,Tivbetu North,Tivbetu State,Public,8.907795,10.389694,8.907795,plain,10.389694,plain,ok,,8.907795,10.389694,1.0,3.0,9.0,1.0,0.0,29.7,27.0,both,8.907795,10.389694,mif_consistent_with_register,
HF00668,Yobbafa Health Post,Health Post,Katbeno,Hanjiko,Tivbetu South,Tivbetu State,Public,10.779479,8.691083,10.779479,plain,8.691083,plain,ok,,8.691083,10.779479,0.0,2.0,1.0,0.0,0.0,5.4,73.0,both,8.691083,10.779479,mif_register_axis_swap_corrected,"Register had lon/lat swapped (register lon=10.779479, lat=8.691083); corrected using MIF point."
HF00645,Ibashani General Hospital,General Hospital,Ibayoja,TAMLUFA-EAST,Tivbetu South,Tivbetu State,Faith-based,8.74827,10.749672,8.74827,plain,10.749672,plain,ok,,8.74827,10.749672,0.0,56.0,26.0,7.0,4.0,70.0,6.0,both,8.74827,10.749672,mif_consistent_with_register,
HF00541,Iroyoshi Health Post,Health Post,Yelnuba,Uzoberi LGA,Tivbetu North,Tivbetu State,Public,8.758937,10.43891,8.758937,plain,10.43891,plain,ok,,8.758937,10.43891,0.0,2.0,2.0,1.0,0.0,10.5,65.0,both,8.758937,10.43891,mif_consistent_with_register,
HF00545,Ngenashi Primary Health Centre,Primary Health Centre,Okedesa,Uzoberi,Tivbetu North,Tivbetu State,Faith-based,8.91,10.15,8.91,plain,10.15,plain,ok,,8.905546,10.145648,0.0,3.0,6.0,0.0,2.0,20.6,45.0,both,8.905546,10.145648,mif_consistent_with_register,
HF01061,Gwobayi Health Post,Health Post,Daibefa,Katdudu,Supwasa Central,Supwasa State,Public,10.26702,10.634883,10.26702,plain,10.634883,plain,ok,,10.26702,10.634883,1.0,1.0,2.0,0.0,0.0,12.9,77.0,both,10.26702,10.634883,mif_consistent_with_register,
HF00897,Umuluyi Primary Health Centre,Primary Health Centre,Lokkona,Loksayi,Uzojina South,Uzojina State,Public,8.426733,9.025432,8.426733,plain,9.025432,plain,ok,,8.426733,9.025432,2.0,4.0,7.0,1.0,3.0,47.5,12.0,both,8.426733,9.025432,mif_consistent_with_register,
HF00451,Lokdushi Health Post,Health Post,Wurnuri,Daishako,Agbzatu South,Agbzatu State,Public,7.470794,8.702362,7.470794,plain,8.702362,plain,ok,,7.470794,8.702362,0.0,3.0,3.0,0.0,0.0,10.1,49.0,both,7.470794,8.702362,mif_consistent_with_register,
HF00250,Riymama Health Post,Health Post,Daizaru,Agbmita,Agbzatu North,Agbzatu State,Public,7.82337,8.006812,7.82337,plain,8.006812,plain,ok,,7.82337,8.006812,1.0,1.0,1.0,0.0,0.0,11.6,68.0,both,7.82337,8.006812,mif_consistent_with_register,
HF01203,Yobsashi General Hospital,General Hospital,Suptini,Daibewo,Agbkeko Central,Agbkeko State,Public,9.38731,9.419656,9.38731,plain,9.419656,plain,ok,,9.38731,9.419656,20.0,56.0,30.0,3.0,0.0,86.2,3.0,both,9.38731,9.419656,mif_consistent_with_register,
HF00602,Olubeyi Primary Health Centre,Primary Health Centre,Duttsija,Agblasa,Tivbetu Central,Tivbetu State,Faith-based,7.521693,10.210758,7.521693,plain,10.210758,plain,ok,,7.521693,10.210758,0.0,6.0,7.0,2.0,0.0,28.9,29.0,both,7.521693,10.210758,mif_consistent_with_register,
HF00610,Shalami Health Post,Health Post,Josnata,Ironama,Tivbetu Central,Tivbetu State,Public,7.580064,10.90938,7.580064,plain,10.90938,plain,ok,,7.580064,10.90938,0.0,0.0,3.0,0.0,0.0,3.8,59.0,both,7.580064,10.90938,mif_consistent_with_register,
HF00011,Funnuwo Health Post,Health Post,Oludeli,Katmaba,Kukrima North,Kukrima State,Faith-based,5.648793,9.306261,5.648793,plain,9.306261,plain,ok,,5.648793,9.306261,0.0,2.0,3.0,0.0,1.0,11.3,61.0,both,5.648793,9.306261,mif_consistent_with_register,
HF00757,Umuriwa Health Post,Health Post,Daiyona,Tamluni,Uzojina North,Uzojina State,Public,8.312096,7.821255,8.312096,plain,7.821255,plain,ok,,8.312096,7.821255,0.0,2.0,2.0,1.0,0.0,10.5,62.0,both,8.312096,7.821255,mif_consistent_with_register,
HF01025,Nasngotu Comprehensive Health Centre,Comprehensive Health Centre,Ngetiba,Funkedu,Supwasa Central,Supwasa State,Public,10.495448,11.155514,10.495448,plain,11.155514,plain,ok,,10.495448,11.155514,0.0,5.0,20.0,8.0,0.0,45.4,30.0,both,10.495448,11.155514,mif_consistent_with_register,
HF00891,Loktsiba Health Post,Health Post,Riyridu,Loksayi ,Uzojina South,Uzojina State,Public,8.19065,8.941948,8.19065,plain,8.941948,plain,ok,,8.19065,8.941948,0.0,3.0,3.0,1.0,0.0,13.8,50.0,both,8.19065,8.941948,mif_consistent_with_register,
HF00066,Loktsile Health Post,Health Post,Joswaja,SHAJIMA,Kukrima North,Kukrima State,Public,,,,missing,,missing,missing_coordinates,,6.114531,9.261637,0.0,1.0,1.0,1.0,1.0,10.4,65.0,both,6.114531,9.261637,mif_only_register_missing,
HF00999,Shanawo Health Post,Health Post,Uzomisa,Bautiru-West,Supwasa Central,Supwasa State,Public,10.431509,10.793258,10.431509,plain,10.793258,plain,ok,,10.431509,10.793258,1.0,2.0,1.0,1.0,1.0,20.7,63.0,both,10.431509,10.793258,mif_consistent_with_register,
HF01120,Sokdema Comprehensive Health Centre,Comprehensive Health Centre,Soknutu,Oluyofa,Supwasa South,Supwasa State,Private,9.393041,11.200785,9.393041,plain,11.200785,plain,ok,,9.393041,11.200785,1.0,8.0,0.0,0.0,3.0,34.9,10.0,both,9.393041,11.200785,mif_consistent_with_register,
HF00828,Irozaru Primary Health Centre,Primary Health Centre,Ngemili,Yeltsina,Uzojina Central,Uzojina State,Public,9.572571,8.68425,9.572571,plain,8.68425,plain,ok,,9.572571,8.68425,0.0,1.0,3.0,1.0,1.0,13.0,48.0,both,9.572571,8.68425,mif_consistent_with_register,
HF00783,Hanjifa Health Post,Health Post,Riymano,Nassako-Central,Uzojina North,Uzojina State,Public,8.428234,7.480305,8.428234,plain,7.480305,plain,ok,,8.428234,7.480305,1.0,1.0,2.0,1.0,1.0,19.9,43.0,both,8.428234,7.480305,mif_consistent_with_register,
HF01023,Aderade Cottage Hospital,Cottage Hospital,Gwonale,FUNKEDU,Supwasa Central,Supwasa State,Public,10.360787,11.059269,10.360787,plain,11.059269,plain,ok,,10.360787,11.059269,0.0,25.0,10.0,0.0,6.0,47.8,27.0,both,10.360787,11.059269,mif_consistent_with_register,
HF00724,Birngodu Health Post,Health Post,Katbaru,Dutjiri LGA,Uzojina North,Uzojina State,Public,0.687961,8.400106,0.687961,plain,8.400106,plain,ok,,8.702312,8.400106,1.0,3.0,3.0,1.0,0.0,22.1,39.0,both,8.702312,8.400106,mif_preferred_register_unreliable,"Register coordinate (0.687961, 8.400106) is 881.6 km from the MIF point and not explained by an axis swap. Register value falls outside the boundary extent; MIF point used. FLAGGED FOR MANUAL FIELD VERIFICATION."
HF00169,Funbami Comprehensive Health Centre,Comprehensive Health Centre,Aderimi,Zamtsiru,Kukrima South,Kukrima State,Public,6.39998,9.862026,6.39998,plain,9.862026,plain,ok,,6.39998,9.862026,7.0,12.0,11.0,0.0,0.0,69.1,7.0,both,6.39998,9.862026,mif_consistent_with_register,
HF00227,Hanrawo Primary Health Centre,Primary Health Centre,Wurlawo,Enumade-West,Kukrima South,Kukrima State,Public,6.591324,10.344154,6.591324,plain,10.344154,plain,ok,,6.591324,10.344154,1.0,10.0,8.0,0.0,0.0,39.3,23.0,both,6.591324,10.344154,mif_consistent_with_register,
HF00914,Supluna Comprehensive Health Centre,Comprehensive Health Centre,Gwojishi,Agbridu-West,Uzojina South,Uzojina State,Public,8.385701,9.11997,8.385701,plain,9.11997,plain,ok,,8.385701,9.11997,4.0,4.0,7.0,0.0,0.0,47.3,13.0,both,8.385701,9.11997,mif_consistent_with_register,
HF00194,Yellatu Primary Health Centre,Primary Health Centre,Zamkono,Umumitu,Kukrima South,Kukrima State,Public,6.721752,10.892784,6.721752,plain,10.892784,plain,ok,,6.721752,10.892784,1.0,4.0,4.0,3.0,1.0,36.2,27.0,both,6.721752,10.892784,mif_consistent_with_register,
HF00372,Adekoli Comprehensive Health Centre,Comprehensive Health Centre,Uzotishi,Lokmata,Agbzatu Central,Agbzatu State,Public,6.746916,8.790428,6.746916,plain,8.790428,plain,ok,,,,,,,,,,,left_only,6.746916,8.790428,register,
HF00971,Duttsiru Comprehensive Health Centre,Comprehensive Health Centre,Wurkele,Wuryona,Supwasa North,Supwasa State,Public,,,,missing,,missing,missing_coordinates,,9.766243,10.504094,3.0,7.0,5.0,0.0,2.0,52.3,5.0,both,9.766243,10.504094,mif_only_register_missing,
HF00509,Katmashi Comprehensive Health Centre,Comprehensive Health Centre,Yobnadu,Bauzani,Tivbetu North,Tivbetu State,Private,7.725137,10.236117,7.725137,plain,10.236117,plain,ok,,7.725137,10.236117,1.0,1.0,6.0,1.0,5.0,31.7,24.0,both,7.725137,10.236117,mif_consistent_with_register,
HF00296,Suprade General Hospital,General Hospital,Adejisa,Supyoshi-East,Agbzatu North,Agbzatu State,Public,7.808796,7.565334,7.808796,plain,7.565334,plain,ok,,7.808796,7.565334,7.0,0.0,27.0,7.0,6.0,75.0,1.0,both,7.808796,7.565334,mif_consistent_with_register,
HF00666,Enumano Primary Health Centre,Primary Health Centre,Sokyowa,Hanjiko,Tivbetu South,Tivbetu State,Public,8.618799,10.905515,8.618799,plain,10.905515,plain,ok,,8.618799,10.905515,4.0,4.0,2.0,2.0,1.0,51.7,14.0,both,8.618799,10.905515,mif_consistent_with_register,
HF00819,Enubawa Primary Health Centre,Primary Health Centre,Supngotu,Daishali-Central,Uzojina Central,Uzojina State,Public,9.204815,8.263696,9.204815,plain,8.263696,plain,ok,,,,,,,,,,,left_only,9.204815,8.263696,register,
HF00830,Tivrina Comprehensive Health Centre,Comprehensive Health Centre,Zamdena,Yeltsina,Uzojina Central,Uzojina State,Faith-based,9.54,8.81,9.54,plain,8.81,plain,ok,,9.53559,8.810358,0.0,2.0,10.0,0.0,3.0,26.9,25.0,both,9.53559,8.810358,mif_consistent_with_register,
HF01144,Ekelana Comprehensive Health Centre,Comprehensive Health Centre,Tivrana,LOKSHASA,Agbkeko North,Agbkeko State,Private,10.396754,9.058442,10.396754,plain,9.058442,plain,ok,,10.396754,9.058442,2.0,5.0,8.0,1.0,1.0,44.2,6.0,both,10.396754,9.058442,mif_consistent_with_register,
HF01301,Kukmawo Health Post,Health Post,Gwotsimi,Enumija,Agbkeko South,Agbkeko State,Public,10.819718,10.313852,10.819718,plain,10.313852,plain,ok,,10.819718,10.313852,1.0,2.0,2.0,1.0,0.0,18.7,35.0,both,10.819718,10.313852,mif_consistent_with_register,
HF01066,Ngetiwo Comprehensive Health Centre,Comprehensive Health Centre,Hantsishi,Okeyoru-South,Supwasa Central,Supwasa State,Public,9.926922,10.841498,9.926922,plain,10.841498,plain,ok,,,,,,,,,,,left_only,9.926922,10.841498,register,
HF01141,Birzata Primary Health Centre,Primary Health Centre,Umuwako,Sokmiri,Agbkeko North,Agbkeko State,Public,9.758325,9.207863,9.758325,plain,9.207863,plain,ok,,9.758325,9.207863,1.0,1.0,2.0,0.0,1.0,16.2,30.0,both,9.758325,9.207863,mif_consistent_with_register,
HF01111,Olukomi Health Post,Health Post,Lokngode,Oluyofa LGA,Supwasa South,Supwasa State,Public,9.150012,11.448473,9.150012,plain,11.448473,plain,ok,,9.150012,11.448473,0.0,1.0,3.0,0.0,0.0,5.9,49.0,both,9.150012,11.448473,mif_consistent_with_register,
HF00144,Dailude General Hospital,General Hospital,Banrija,Wurmashi,Kukrima Central,Kukrima State,Public,7.110716,10.161562,7.110716,plain,10.161562,plain,ok,,7.110716,10.161562,0.0,21.0,15.0,0.0,12.0,54.2,4.0,both,7.110716,10.161562,mif_consistent_with_register,
HF01207,Ekewawo Health Post,Health Post,Sokbedu,DAIBEWO,Agbkeko Central,Agbkeko State,Public,9.33712,9.26231,9.33712,plain,9.26231,plain,ok,,,,,,,,,,,left_only,9.33712,9.26231,register,
HF00727,Yobjide Primary Health Centre,Primary Health Centre,Katmana,DUTJIRI,Uzojina North,Uzojina State,Public,8.806673,8.208086,8.806673,plain,8.208086,plain,ok,,8.806673,8.208086,0.0,6.0,7.0,1.0,1.0,28.5,27.0,both,8.806673,8.208086,mif_consistent_with_register,
HF00035,Shayosa Primary Health Centre,Primary Health Centre,Baulako,Riylude-North,Kukrima North,Kukrima State,Public,6.30289,9.608775,6.30289,plain,9.608775,plain,ok,,6.30289,9.608775,3.0,0.0,0.0,0.0,0.0,24.7,38.0,both,6.30289,9.608775,mif_consistent_with_register,
HF00142,Hantsiko Cottage Hospital,Cottage Hospital,Lokngowa,Gwolama,Kukrima Central,Kukrima State,Public,6.991348,9.183805,6.991348,plain,9.183805,plain,ok,,6.991348,9.183805,1.0,4.0,4.0,0.0,0.0,21.7,33.0,both,6.991348,9.183805,mif_consistent_with_register,
HF00333,Yobkoru Primary Health Centre,Primary Health Centre,Daidushi,Gwodele-South LGA,Agbzatu North,Agbzatu State,Public,8.194767,7.602103,8.194767,plain,7.602103,plain,ok,,8.194767,7.602103,2.0,0.0,3.0,1.0,1.0,27.4,30.0,both,8.194767,7.602103,mif_consistent_with_register,
HF01168,Daiketa Comprehensive Health Centre,Comprehensive Health Centre,Agbmama,Ngenuta-Central,Agbkeko North,Agbkeko State,Public,10.225214,8.529901,10.225214,plain,8.529901,plain,ok,,10.225214,8.529901,0.0,3.0,3.0,0.0,1.0,13.4,35.0,both,10.225214,8.529901,mif_consistent_with_register,
HF00419,Baunuwo Primary Health Centre,Primary Health Centre,Kadmaja,Oketsifa,Agbzatu South,Agbzatu State,Private,7.904583,8.697773,7.904583,plain,8.697773,plain,ok,,7.904583,8.697773,0.0,3.0,5.0,2.0,1.0,23.5,30.0,both,7.904583,8.697773,mif_consistent_with_register,
HF01175,Gwojima Primary Health Centre,Primary Health Centre,Malnumi,Maljiwo,Agbkeko North,Agbkeko State,Private,"9°33'05.6""E","9°10'20.9""N",9.551555555555556,dms,9.172472222222222,dms,ok,,9.551565,9.172483,1.0,4.0,2.0,0.0,0.0,19.1,25.0,both,9.551565,9.172483,mif_consistent_with_register,
HF00399,Agbjiru Primary Health Centre,Primary Health Centre,Maldefa,Katrini,Agbzatu Central,Agbzatu State,Public,7.013449,8.422234,7.013449,plain,8.422234,plain,ok,,7.013449,8.422234,0.0,3.0,3.0,0.0,1.0,13.4,52.0,both,7.013449,8.422234,mif_consistent_with_register,
HF00189,Katnushi Health Post,Health Post,Okedeni,Umumitu,Kukrima South,Kukrima State,Private,6.600439,10.953746,6.600439,plain,10.953746,plain,ok,,6.600439,10.953746,0.0,0.0,1.0,0.0,0.0,1.3,68.0,both,6.600439,10.953746,mif_consistent_with_register,
HF01254,Joskeli Health Post,Health Post,Birjili,DAIBAMA,Agbkeko Central,Agbkeko State,Public,9.513872,9.954761,9.513872,plain,9.954761,plain,ok,,9.513872,9.954761,0.0,1.0,0.0,1.0,0.0,5.8,67.0,both,9.513872,9.954761,mif_consistent_with_register,
HF00249,Kadjiwa Health Post,Health Post,Ekezali,Yobkosa-South,Agbzatu North,Agbzatu State,Private,7.455173,7.636999,7.455173,plain,7.636999,plain,ok,,7.455173,7.636999,0.0,0.0,2.0,0.0,0.0,2.6,98.0,both,7.455173,7.636999,mif_consistent_with_register,
HF01218,Bauzawo Health Post,Health Post,Birriwa,Yobrifa-West,Agbkeko Central,Agbkeko State,Faith-based,8.979999,9.5144,8.979999,plain,9.5144,plain,ok,,8.979999,9.5144,0.0,1.0,2.0,0.0,0.0,4.6,68.0,both,8.979999,9.5144,mif_consistent_with_register,
HF01311,Supderi Comprehensive Health Centre,Comprehensive Health Centre,Oluzana,Zammiyi,Agbkeko South,Agbkeko State,Private,10.334917,10.116757,10.334917,plain,10.116757,plain,ok,,10.334917,10.116757,2.0,6.0,11.0,1.0,0.0,46.7,8.0,both,10.334917,10.116757,mif_consistent_with_register,
HF00801,Malbani Comprehensive Health Centre,Comprehensive Health Centre,Ngesana,Tamwata-South,Uzojina Central,Uzojina State,Public,9.819443,8.27934,9.819443,plain,8.27934,plain,ok,,9.819443,8.27934,2.0,6.0,8.0,1.0,3.0,52.9,10.0,both,9.819443,8.27934,mif_consistent_with_register,
HF00984,Bandemi Primary Health Centre,Primary Health Centre,Adesale,Zambani,Supwasa Central,Supwasa State,Public,10.038169,11.125108,10.038169,plain,11.125108,plain,ok,,10.038169,11.125108,1.0,2.0,5.0,2.0,0.0,26.3,58.0,both,10.038169,11.125108,mif_consistent_with_register,
HF01029,Dutwama Health Post,Health Post,Wurbasa,Funkedu,Supwasa Central,Supwasa State,Faith-based,10.584043,11.178806,10.584043,plain,11.178806,plain,ok,,10.584043,11.178806,1.0,2.0,1.0,1.0,2.0,24.1,61.0,both,10.584043,11.178806,mif_consistent_with_register,
HF01020,Sokkoni Primary Health Centre,Primary Health Centre,Kukngole,Funkedu,Supwasa Central,Supwasa State,Public,10.271422,11.190023,10.271422,plain,11.190023,plain,ok,,10.271422,11.190023,3.0,8.0,8.0,1.0,0.0,55.3,17.0,both,10.271422,11.190023,mif_consistent_with_register,
HF01106,Daibaba Health Post,Health Post,Agbdeni,Loknaba,Supwasa South,Supwasa State,Public,8.994841,11.638533,8.994841,plain,11.638533,plain,ok,,8.994841,11.638533,0.0,1.0,2.0,0.0,0.0,4.6,52.0,both,8.994841,11.638533,mif_consistent_with_register,
HF00166,Okekole Primary Health Centre,Primary Health Centre,Katwama,Wurmashi,Kukrima Central,Kukrima State,Public,7.448197,9.986495,7.448197,plain,9.986495,plain,ok,,7.448197,9.986495,2.0,3.0,1.0,0.0,1.0,27.3,21.0,both,7.448197,9.986495,mif_consistent_with_register,
HF01224,Nasmami Comprehensive Health Centre,Comprehensive Health Centre,Birnuwa,Yobrifa-West,Agbkeko Central,Agbkeko State,Public,9.260962,9.548068,9.260962,plain,9.548068,plain,ok,,9.260962,9.548068,1.0,9.0,15.0,5.0,3.0,71.1,7.0,both,9.260962,9.548068,mif_consistent_with_register,
HF00952,Riyluja Primary Health Centre,Primary Health Centre,Birtsiba,Nasrifa,Supwasa North,Supwasa State,Public,8.96997,10.806687,8.96997,plain,10.806687,plain,ok,,8.96997,10.806687,0.0,2.0,3.0,1.0,1.0,15.1,20.0,both,8.96997,10.806687,mif_consistent_with_register,
HF00722,Supbewo Health Post,Health Post,Katbaru,Dutjiri,Uzojina North,Uzojina State,Public,8.631305,8.292382,8.631305,plain,8.292382,plain,ok,,8.631305,8.292382,0.0,1.0,2.0,0.0,1.0,8.0,70.0,both,8.631305,8.292382,mif_consistent_with_register,
HF00436,Nastsiba Primary Health Centre,Primary Health Centre,Ekewafa,Agbngoru,Agbzatu South,Agbzatu State,Public,7.357893,8.479517,7.357893,plain,8.479517,plain,ok,,7.357893,8.479517,0.0,3.0,8.0,1.0,3.0,30.2,20.0,both,7.357893,8.479517,mif_consistent_with_register,
HF00188,Josluno Comprehensive Health Centre,Comprehensive Health Centre,Okedeni,Umumitu,Kukrima South,Kukrima State,Public,6.494048,10.859272,6.494048,plain,10.859272,plain,ok,,6.494048,10.859272,2.0,13.0,8.0,2.0,0.0,59.2,13.0,both,6.494048,10.859272,mif_consistent_with_register,
HF01232,Riyzatu Health Post,Health Post,Olujisa,Hanjile,Agbkeko Central,Agbkeko State,Public,9.47114,9.49912,9.47114,plain,9.49912,plain,ok,,9.47114,9.49912,1.0,4.0,0.0,1.0,0.0,20.3,45.0,both,9.47114,9.49912,mif_consistent_with_register,
HF01199,Iroderi Primary Health Centre,Primary Health Centre,Adeketu,Daibewo,Agbkeko Central,Agbkeko State,Public,9.295288,9.483579,9.295288,plain,9.483579,plain,ok,,9.295288,9.483579,1.0,8.0,7.0,2.0,0.0,41.3,22.0,both,9.295288,9.483579,mif_consistent_with_register,
HF01052,Umuketa Primary Health Centre,Primary Health Centre,Bandema,Katdudu,Supwasa Central,Supwasa State,Public,10.095227,10.658858,10.095227,plain,10.658858,plain,ok,,10.095227,10.658858,0.0,3.0,3.0,2.0,2.0,24.3,60.0,both,10.095227,10.658858,mif_consistent_with_register,
HF00478,Enukewa Health Post,Health Post,Yobbeko,NGETIJA,Agbzatu South,Agbzatu State,Public,7.775339,9.250912,7.775339,plain,9.250912,plain,ok,,7.775339,9.250912,0.0,2.0,2.0,0.0,0.0,6.7,54.0,both,7.775339,9.250912,mif_consistent_with_register,
HF00395,Ibabami Primary Health Centre,Primary Health Centre,Naslayi,Katrini,Agbzatu Central,Agbzatu State,Public,6.83,8.31,6.83,plain,8.31,plain,ok,,6.825649,8.312985,0.0,3.0,6.0,0.0,1.0,17.3,42.0,both,6.825649,8.312985,mif_consistent_with_register,
HF00073,Katjija Primary Health Centre,Primary Health Centre,Supnami,Ibabani,Kukrima North,Kukrima State,Public,6.463764,9.383134,6.463764,plain,9.383134,plain,ok,,6.463764,9.383134,0.0,5.0,3.0,0.0,1.0,17.6,48.0,both,6.463764,9.383134,mif_consistent_with_register,
HF01122,Kadlaru Primary Health Centre,Primary Health Centre,Soknutu,Oluyofa,Supwasa South,Supwasa State,Public,9.380897,11.124742,9.380897,plain,11.124742,plain,ok,,9.380897,11.124742,0.0,5.0,4.0,0.0,0.0,15.5,35.0,both,9.380897,11.124742,mif_consistent_with_register,
HF00345,Enubana Primary Health Centre,Primary Health Centre,Dutmili,ZAMKERI,Agbzatu Central,Agbzatu State,Public,6.919506,8.771637,6.919506,plain,8.771637,plain,ok,,6.919506,8.771637,0.0,5.0,4.0,1.0,1.0,22.6,36.0,both,6.919506,8.771637,mif_consistent_with_register,
HF00532,Dailaru Health Post,Health Post,Duttiri,Hansaba,Tivbetu North,Tivbetu State,Public,8.684833,10.030608,8.684833,plain,10.030608,plain,ok,,8.684833,10.030608,1.0,2.0,1.0,0.0,0.0,13.7,59.0,both,8.684833,10.030608,mif_consistent_with_register,
HF01024,Banshawa Primary Health Centre,Primary Health Centre,Ngetiba,Funkedu,Supwasa Central,Supwasa State,Public,10.383265,11.282978,10.383265,plain,11.282978,plain,ok,,10.383265,11.282978,0.0,7.0,10.0,3.0,0.0,38.6,42.0,both,10.383265,11.282978,mif_consistent_with_register,
HF00565,Uzokele Health Post,Health Post,Ngemima,IbajijaSouth,Tivbetu Central,Tivbetu State,Public,6.95688,10.872176,6.95688,plain,10.872176,plain,ok,,6.95688,10.872176,0.0,3.0,1.0,0.0,1.0,10.9,52.0,both,6.95688,10.872176,mif_consistent_with_register,
HF00165,Ibatifa Health Post,Health Post,Katwama,Wurmashi,Kukrima Central,Kukrima State,Public,7.463128,9.989509,7.463128,plain,9.989509,plain,ok,,7.463128,9.989509,0.0,0.0,0.0,0.0,0.0,0.0,79.0,both,7.463128,9.989509,mif_consistent_with_register,
HF00563,Sokyowo Primary Health Centre,Primary Health Centre,Olukoko,Soktimi,Tivbetu North,Tivbetu State,Private,7.743905,10.059836,7.743905,plain,10.059836,plain,ok,,7.743905,10.059836,0.0,2.0,5.0,1.0,1.0,17.6,51.0,both,7.743905,10.059836,mif_consistent_with_register,
HF00969,Josbetu Health Post,Health Post,Shazama,Wuryona ,Supwasa North,Supwasa State,Public,9.525729,10.561765,9.525729,plain,10.561765,plain,ok,,9.525729,10.561765,0.0,1.0,1.0,0.0,0.0,3.4,31.0,both,9.525729,10.561765,mif_consistent_with_register,
HF00705,Shazako Primary Health Centre,Primary Health Centre,Ngeluli,Adekowo,Tivbetu South,Tivbetu State,Public,8.632523,11.445939,8.632523,plain,11.445939,plain,ok,,8.632523,11.445939,0.0,2.0,7.0,2.0,2.0,27.3,38.0,both,8.632523,11.445939,mif_consistent_with_register,
HF00409,Daiwata Health Post,Health Post,Tammari,Supsama South,Agbzatu Central,Agbzatu State,Public,6.614101,8.260232,6.614101,plain,8.260232,plain,ok,,6.614101,8.260232,0.0,1.0,2.0,1.0,0.0,8.4,59.0,both,6.614101,8.260232,mif_consistent_with_register,
HF00190,Okeshale Primary Health Centre,Primary Health Centre,Okedeni,Umumitu,Kukrima South,Kukrima State,Public,6.64806,10.956638,6.64806,plain,10.956638,plain,ok,,6.64806,10.956638,1.0,2.0,2.0,2.0,1.0,25.8,35.0,both,6.64806,10.956638,mif_consistent_with_register,
HF00882,Ngeshawa Primary Health Centre,Primary Health Centre,Suplashi,UZORISA,Uzojina South,Uzojina State,Public,8.311822,9.347545,8.311822,plain,9.347545,plain,ok,,8.311822,9.347545,1.0,4.0,2.0,0.0,0.0,19.1,41.0,both,8.311822,9.347545,mif_consistent_with_register,
HF00513,Tammiwa Comprehensive Health Centre,Comprehensive Health Centre,Adetsile,Bauzani,Tivbetu North,Tivbetu State,Public,8.163622,10.377385,8.163622,plain,10.377385,plain,ok,,8.163622,10.377385,0.0,7.0,12.0,1.0,3.0,43.7,12.0,both,8.163622,10.377385,mif_consistent_with_register,
HF00596,Bantsija Health Post,Health Post,Ekesana,Okerano Central,Tivbetu Central,Tivbetu State,Public,7.389057,11.103716,7.389057,plain,11.103716,plain,ok,,7.389057,11.103716,0.0,0.0,3.0,0.0,0.0,3.8,59.0,both,7.389057,11.103716,mif_consistent_with_register,
HF01308,Ibakeno Health Post,Health Post,Malsharu,Ngemidu,Agbkeko South,Agbkeko State,Public,10.411658,9.913495,10.411658,plain,9.913495,plain,ok,,10.411658,9.913495,0.0,3.0,2.0,0.0,0.0,8.8,47.0,both,10.411658,9.913495,mif_consistent_with_register,
HF00809,Supmima Health Post,Health Post,Gwokoma,Ekedewo,Uzojina Central,Uzojina State,Public,9.301706,7.974502,9.301706,plain,7.974502,plain,ok,,9.301706,7.974502,1.0,1.0,0.0,0.0,0.0,10.3,51.0,both,9.301706,7.974502,mif_consistent_with_register,
HF01181,Katjiru General Hospital,General Hospital,Maljini,Maljiwo,Agbkeko North,Agbkeko State,Public,9.695107,9.237374,9.695107,plain,9.237374,plain,ok,,,,,,,,,,,left_only,9.695107,9.237374,register,
HF01126,Bansharu Health Post,Health Post,Naslawa,Tivmama,Supwasa South,Supwasa State,Public,9.573211,11.020342,9.573211,plain,11.020342,plain,ok,,9.573211,11.020342,0.0,2.0,1.0,0.0,0.0,5.4,50.0,both,9.573211,11.020342,mif_consistent_with_register,
HF00237,Uzorafa Health Post,Health Post,Irodefa,Yobkosa-South ,Agbzatu North,Agbzatu State,Public,7.422977,7.414021,7.422977,plain,7.414021,plain,ok,,7.422977,7.414021,0.0,1.0,2.0,0.0,0.0,4.6,85.0,both,7.422977,7.414021,mif_consistent_with_register,
HF00351,Baushako Health Post,Health Post,Umuwata,Zamkeri,Agbzatu Central,Agbzatu State,Public,6.815043,9.044583,6.815043,plain,9.044583,plain,ok,,6.815043,9.044583,0.0,0.0,1.0,0.0,0.0,1.3,75.0,both,6.815043,9.044583,mif_consistent_with_register,
HF00959,Enukede General Hospital,General Hospital,Agbshako,Yobmija,Supwasa North,Supwasa State,Public,9.151993,10.279802,9.151993,plain,10.279802,plain,ok,,9.151993,10.279802,3.0,12.0,0.0,2.0,0.0,57.2,4.0,both,9.151993,10.279802,mif_consistent_with_register,
HF00741,Ekemadu Primary Health Centre,Primary Health Centre,Enumitu,Agbkotu-South,Uzojina North,Uzojina State,Public,8.351182,7.952004,8.351182,plain,7.952004,plain,ok,,8.351182,7.952004,1.0,3.0,6.0,0.0,1.0,25.5,33.0,both,8.351182,7.952004,mif_consistent_with_register,
HF01247,Birshari Health Post,Health Post,Shashafa,Daibama,Agbkeko Central,Agbkeko State,Public,9.143997,10.083407,9.143997,plain,10.083407,plain,ok,,9.143997,10.083407,0.0,2.0,1.0,1.0,0.0,9.2,63.0,both,9.143997,10.083407,mif_consistent_with_register,
HF00511,Bauzayi Health Post,Health Post,Banngotu,Bauzani,Tivbetu North,Tivbetu State,Public,8.07,10.21,8.07,plain,10.21,plain,ok,,8.065025,10.212751,0.0,1.0,2.0,0.0,0.0,4.6,78.0,both,8.065025,10.212751,mif_consistent_with_register,
HF00347,Uzobayi Primary Health Centre,Primary Health Centre,Dutmili,Zamkeri LGA,Agbzatu Central,Agbzatu State,Private,6.928157,8.671094,6.928157,plain,8.671094,plain,ok,,6.928157,8.671094,1.0,4.0,3.0,2.0,0.0,27.9,25.0,both,6.928157,8.671094,mif_consistent_with_register,
HF01231,Malrino Comprehensive Health Centre,Comprehensive Health Centre,Olujisa,Hanjile ,Agbkeko Central,Agbkeko State,Public,9.464037,9.545713,9.464037,plain,9.545713,plain,ok,,9.464037,9.545713,0.0,0.0,9.0,0.0,1.0,14.8,53.0,both,9.464037,9.545713,mif_consistent_with_register,
HF00032,Soklufa Primary Health Centre,Primary Health Centre,Baukeshi,Riylude-North,Kukrima North,Kukrima State,Private,6.254289,9.755742,6.254289,plain,9.755742,plain,ok,,6.254289,9.755742,2.0,1.0,3.0,2.0,0.0,29.9,30.0,both,6.254289,9.755742,mif_consistent_with_register,
HF01053,Riyladu Health Post,Health Post,Wurtsiwa,Katdudu,Supwasa Central,Supwasa State,Public,10.132632,10.416126,10.132632,plain,10.416126,plain,ok,,10.132632,10.416126,0.0,1.0,2.0,0.0,0.0,4.6,96.0,both,10.132632,10.416126,mif_consistent_with_register,
HF01222,Ademina Health Post,Health Post,Shaluja,Yobrifa-West,Agbkeko Central,Agbkeko State,Public,9.169447,9.814013,9.169447,plain,9.814013,plain,ok,,9.169447,9.814013,0.0,1.0,3.0,0.0,1.0,9.3,61.0,both,9.169447,9.814013,mif_consistent_with_register,
HF01036,Tamriko Comprehensive Health Centre,Comprehensive Health Centre,Gwonashi,Josmiba,Supwasa Central,Supwasa State,Public,10.36,10.39,10.36,plain,10.39,plain,ok,,10.360203,10.390434,0.0,7.0,27.0,5.0,0.0,49.6,25.0,both,10.360203,10.390434,mif_consistent_with_register,
HF00449,Funraba Primary Health Centre,Primary Health Centre,Funbaja,Daishako,Agbzatu South,Agbzatu State,Public,7.254636,8.735905,7.254636,plain,8.735905,plain,ok,,7.254636,8.735905,2.0,1.0,5.0,1.0,0.0,28.7,21.0,both,7.254636,8.735905,mif_consistent_with_register,
HF00808,Nasrawa Cottage Hospital,Cottage Hospital,Gwokoma,Ekedewo,Uzojina Central,Uzojina State,Public,9.34822,7.990621,9.34822,plain,7.990621,plain,ok,,9.34822,7.990621,3.0,3.0,16.0,1.0,5.0,64.7,5.0,both,9.34822,7.990621,mif_consistent_with_register,
HF00457,Agbnasa Health Post,Health Post,Uzosafa,BANNGONO,Agbzatu South,Agbzatu State,Public,7.271787,9.09629,7.271787,plain,9.09629,plain,ok,,7.271787,9.09629,1.0,1.0,1.0,1.0,0.0,15.3,41.0,both,7.271787,9.09629,mif_consistent_with_register,
HF00076,Okenuja Primary Health Centre,Primary Health Centre,Lokngoli,Ibabani,Kukrima North,Kukrima State,Public,,,,missing,,missing,missing_coordinates,,6.479226,9.073587,0.0,3.0,2.0,0.0,0.0,8.8,66.0,both,6.479226,9.073587,mif_only_register_missing,
HF01153,Yobkeno Primary Health Centre,Primary Health Centre,Dairami,Jostile,Agbkeko North,Agbkeko State,Public,,,,missing,,missing,missing_coordinates,,9.775809,9.348898,0.0,0.0,0.0,1.0,1.0,7.1,45.0,both,9.775809,9.348898,mif_only_register_missing,
HF01208,Suplawo Primary Health Centre,Primary Health Centre,Shayoshi,Daibewo,Agbkeko Central,Agbkeko State,Public,9.295321,9.50515,9.295321,plain,9.50515,plain,ok,,9.295321,9.50515,2.0,3.0,8.0,0.0,0.0,32.9,30.0,both,9.295321,9.50515,mif_consistent_with_register,
HF01148,Kukkeyi Primary Health Centre,Primary Health Centre,Riynawa,Lokshasa,Agbkeko North,Agbkeko State,Private,10.535799,9.429962,10.535799,plain,9.429962,plain,ok,,,,,,,,,,,left_only,10.535799,9.429962,register,
HF00725,Adedeyi Primary Health Centre,Primary Health Centre,Katmana,Dutjiri,Uzojina North,Uzojina State,Public,8.886652,8.207274,8.886652,plain,8.207274,plain,ok,,8.886652,8.207274,0.0,6.0,5.0,1.0,0.0,22.6,36.0,both,8.886652,8.207274,mif_consistent_with_register,
HF00562,Sokjishi Primary Health Centre,Primary Health Centre,Kukngowa,Soktimi,Tivbetu North,Tivbetu State,Private,7.667972,9.844426,7.667972,plain,9.844426,plain,ok,,7.667972,9.844426,1.0,0.0,4.0,1.0,1.0,20.4,46.0,both,7.667972,9.844426,mif_consistent_with_register,
HF01103,Ibamasa Primary Health Centre,Primary Health Centre,Joslaru,Loknaba LGA,Supwasa South,Supwasa State,Public,8.759997,11.433778,8.759997,plain,11.433778,plain,ok,,8.759997,11.433778,0.0,2.0,4.0,1.0,1.0,16.4,34.0,both,8.759997,11.433778,mif_consistent_with_register,
HF01134,Zamnuta Primary Health Centre,Primary Health Centre,Kadzaru,Tivmama,Supwasa South,Supwasa State,Public,10.003927,11.502357,10.003927,plain,11.502357,plain,ok,,10.003927,11.502357,1.0,1.0,4.0,0.0,1.0,18.7,29.0,both,10.003927,11.502357,mif_consistent_with_register,
HF00977,Kukyofa Primary Health Centre,Primary Health Centre,Sokdeba,Zambani,Supwasa Central,Supwasa State,Private,9.919522,11.099155,9.919522,plain,11.099155,plain,ok,,9.919522,11.099155,0.0,7.0,8.0,1.0,1.0,31.9,52.0,both,9.919522,11.099155,mif_consistent_with_register,
HF00202,Agbbeshi Cottage Hospital,Cottage Hospital,Ibanana,Adenaja,Kukrima South,Kukrima State,Public,6.741082,10.618374,6.741082,plain,10.618374,plain,ok,,,,,,,,,,,left_only,6.741082,10.618374,register,
HF00853,Naszata Primary Health Centre,Primary Health Centre,Wurtimi,Wurkota,Uzojina Central,Uzojina State,Public,8.967566,8.444522,8.967566,plain,8.444522,plain,ok,,8.967566,8.444522,0.0,5.0,2.0,1.0,0.0,16.7,41.0,both,8.967566,8.444522,mif_consistent_with_register,
HF00481,Enuyoyi Cottage Hospital,Cottage Hospital,Ibazawa,Tivsano-North,Tivbetu North,Tivbetu State,Public,8.212088,10.281884,8.212088,plain,10.281884,plain,ok,,,,,,,,,,,left_only,8.212088,10.281884,register,
HF00225,Zambari Primary Health Centre,Primary Health Centre,Okederi,Enumade West,Kukrima South,Kukrima State,Faith-based,6.499245,10.12354,6.499245,plain,10.12354,plain,ok,,6.499245,10.12354,0.0,2.0,4.0,1.0,0.0,13.0,54.0,both,6.499245,10.12354,mif_consistent_with_register,
HF00129,Birkoshi General Hospital,General Hospital,Jostsili,Tambemi,Kukrima Central,Kukrima State,Public,6.832433,9.706995,6.832433,plain,9.706995,plain,ok,,,,,,,,,,,left_only,6.832433,9.706995,register,
HF00117,Tamtima Comprehensive Health Centre,Comprehensive Health Centre,Zamyoru,Agbjide,Kukrima Central,Kukrima State,Public,6.626353,9.627134,6.626353,plain,9.627134,plain,ok,,6.626353,9.627134,4.0,6.0,9.0,1.0,1.0,61.1,3.0,both,6.626353,9.627134,mif_consistent_with_register,
HF00382,Gwosale Health Post,Health Post,Baulutu,Dutzama,Agbzatu Central,Agbzatu State,Public,7.021155,7.869011,7.021155,plain,7.869011,plain,ok,,7.021155,7.869011,0.0,1.0,2.0,1.0,0.0,8.4,59.0,both,7.021155,7.869011,mif_consistent_with_register,
HF00456,Kukbeba Primary Health Centre,Primary Health Centre,Uzosafa,Banngono,Agbzatu South,Agbzatu State,Public,7.217766,9.111637,7.217766,plain,9.111637,plain,ok,,7.217766,9.111637,0.0,4.0,3.0,2.0,1.0,23.0,32.0,both,7.217766,9.111637,mif_consistent_with_register,
HF00650,Handeko Primary Health Centre,Primary Health Centre,Ekemiwa,Ibamide,Tivbetu South,Tivbetu State,Public,8.012237,11.519807,8.012237,plain,11.519807,plain,ok,,8.012237,11.519807,0.0,6.0,5.0,2.0,2.0,33.1,29.0,both,8.012237,11.519807,mif_consistent_with_register,
HF00220,Yeldeta Primary Health Centre,Primary Health Centre,Irobade,Banluta,Kukrima South,Kukrima State,Public,6.171554,10.277902,6.171554,plain,10.277902,plain,ok,,6.171554,10.277902,0.0,4.0,5.0,2.0,0.0,22.2,37.0,both,6.171554,10.277902,mif_consistent_with_register,
HF00219,Dutlude Primary Health Centre,Primary Health Centre,Irobade,Banluta,Kukrima South,Kukrima State,Public,6.11841,10.186953,6.11841,plain,10.186953,plain,ok,,6.11841,10.186953,3.0,7.0,9.0,3.0,1.0,65.3,10.0,both,6.11841,10.186953,mif_consistent_with_register,
HF00537,Lokdemi Comprehensive Health Centre,Comprehensive Health Centre,Yelwana,Uzoberi,Tivbetu North,Tivbetu State,Public,8.709088,10.373727,8.709088,plain,10.373727,plain,ok,,8.709088,10.373727,5.0,10.0,8.0,0.0,3.0,71.1,3.0,both,8.709088,10.373727,mif_consistent_with_register,
HF00777,Zamwami Health Post,Health Post,Bantsiko,Tamluni,Uzojina North,Uzojina State,Public,8.716494,7.7319,8.716494,plain,7.7319,plain,ok,,8.716494,7.7319,0.0,3.0,2.0,1.0,0.0,12.6,58.0,both,8.716494,7.7319,mif_consistent_with_register,
HF00867,Agbkofa Health Post,Health Post,Lokkode,Tivngoba,Uzojina South,Uzojina State,Private,8.891956,8.983104,8.891956,plain,8.983104,plain,ok,,8.891956,8.983104,1.0,2.0,1.0,0.0,0.0,13.7,51.0,both,8.891956,8.983104,mif_consistent_with_register,
HF00107,Sokwatu Primary Health Centre,Primary Health Centre,Banluma,Yelkefa,Kukrima Central,Kukrima State,Public,7.459896,9.665336,7.459896,plain,9.665336,plain,ok,,7.459896,9.665336,3.0,0.0,5.0,0.0,0.0,31.0,19.0,both,7.459896,9.665336,mif_consistent_with_register,
HF01190,Dutsatu Comprehensive Health Centre,Comprehensive Health Centre,Okedefa,Yeltili,Agbkeko North,Agbkeko State,Public,10.107482,8.911105,10.107482,plain,8.911105,plain,ok,,10.107482,8.911105,1.0,5.0,5.0,1.0,1.0,32.1,11.0,both,10.107482,8.911105,mif_consistent_with_register,
HF00328,Katngofa Comprehensive Health Centre,Comprehensive Health Centre,Ekelusa,Gwodele South,Agbzatu North,Agbzatu State,Faith-based,8.069758,7.640847,8.069758,plain,7.640847,plain,ok,,8.069758,7.640847,2.0,1.0,4.0,3.0,1.0,38.2,18.0,both,8.069758,7.640847,mif_consistent_with_register,
HF00373,Gwokoli Primary Health Centre,Primary Health Centre,Uzotishi,Lokmata,Agbzatu Central,Agbzatu State,Public,6.771099,8.76038,6.771099,plain,8.76038,plain,ok,,6.771099,8.76038,3.0,4.0,4.0,1.0,0.0,41.9,7.0,both,6.771099,8.76038,mif_consistent_with_register,
HF00533,Funngode Primary Health Centre,Primary Health Centre,Duttiri,Hansaba,Tivbetu North,Tivbetu State,Public,8.710153,9.952871,8.710153,plain,9.952871,plain,ok,,8.710153,9.952871,0.0,4.0,1.0,1.0,1.0,16.7,53.0,both,8.710153,9.952871,mif_consistent_with_register,
HF01018,Yelmasa Health Post,Health Post,Soktiba,Funkedu,Supwasa Central,Supwasa State,Faith-based,10.415712,11.400667,10.415712,plain,11.400667,plain,ok,,10.415712,11.400667,0.0,3.0,3.0,1.0,0.0,13.8,72.0,both,10.415712,11.400667,mif_consistent_with_register,
HF00759,Olujiyi Primary Health Centre,Primary Health Centre,Daiyona,Tamluni,Uzojina North,Uzojina State,Public,8.274203,7.795146,8.274203,plain,7.795146,plain,ok,,8.274203,7.795146,3.0,3.0,6.0,1.0,0.0,42.3,11.0,both,8.274203,7.795146,mif_consistent_with_register,
HF01110,Zamdena Primary Health Centre,Primary Health Centre,Lokngode,Oluyofa,Supwasa South,Supwasa State,Public,9.13005,11.488819,9.13005,plain,11.488819,plain,ok,,9.13005,11.488819,0.0,0.0,2.0,0.0,2.0,9.2,47.0,both,9.13005,11.488819,mif_consistent_with_register,
HF01283,Uzoshafa Health Post,Health Post,Adetsita,Nasnadu,Agbkeko South,Agbkeko State,Public,9.920291,10.294765,9.920291,plain,10.294765,plain,ok,,9.920291,10.294765,0.0,1.0,1.0,1.0,0.0,7.1,52.0,both,9.920291,10.294765,mif_consistent_with_register,
HF00053,Oluwaja Comprehensive Health Centre,Comprehensive Health Centre,Wurjimi,Irolufa,Kukrima North,Kukrima State,Public,6.135046,9.788586,6.135046,plain,9.788586,plain,ok,,6.135046,9.788586,1.0,0.0,7.0,0.0,2.0,23.8,39.0,both,6.135046,9.788586,mif_consistent_with_register,
HF01230,Bautita Cottage Hospital,Cottage Hospital,Katyodu,Hanjile,Agbkeko Central,Agbkeko State,Public,9.561203,9.790795,9.561203,plain,9.790795,plain,ok,,9.561203,9.790795,4.0,23.0,26.0,3.0,4.0,96.2,1.0,both,9.561203,9.790795,mif_consistent_with_register,
HF00656,Uzobeshi Comprehensive Health Centre,Comprehensive Health Centre,Tivtimi,Ibamide,Tivbetu South,Tivbetu State,Faith-based,"8,164714","11,256375",8.164714,comma_decimal,11.256375,comma_decimal,ok,,,,,,,,,,,left_only,8.164714,11.256375,register,
HF00713,Duttimi Primary Health Centre,Primary Health Centre,Maldule,Tivrafa-West,Uzojina North,Uzojina State,Private,9.115763,7.689633,9.115763,plain,7.689633,plain,ok,,9.115763,7.689633,1.0,2.0,3.0,1.0,0.0,20.0,42.0,both,9.115763,7.689633,mif_consistent_with_register,
HF01238,Wurrishi Cottage Hospital,Cottage Hospital,Baurino,Hanjile,Agbkeko Central,Agbkeko State,Public,"9,773458","9,793496",9.773458,comma_decimal,9.793496,comma_decimal,ok,,9.773458,9.793496,1.0,9.0,7.0,0.0,0.0,35.9,27.0,both,9.773458,9.793496,mif_consistent_with_register,
HF00508,Tivbaja Comprehensive Health Centre,Comprehensive Health Centre,Yobnadu,Bauzani,Tivbetu North,Tivbetu State,Public,7.801673,10.179489,7.801673,plain,10.179489,plain,ok,,7.801673,10.179489,2.0,7.0,7.0,4.0,0.0,55.0,7.0,both,7.801673,10.179489,mif_consistent_with_register,
HF00196,Yellufa Health Post,Health Post,Zamkono,Umumitu,Kukrima South,Kukrima State,Public,6.585774,10.841617,6.585774,plain,10.841617,plain,ok,,6.585774,10.841617,0.0,2.0,2.0,0.0,0.0,6.7,61.0,both,6.585774,10.841617,mif_consistent_with_register,
HF00448,Yelkeri Comprehensive Health Centre,Comprehensive Health Centre,Funbaja,Daishako,Agbzatu South,Agbzatu State,Private,7.229764,8.75965,7.229764,plain,8.75965,plain,ok,,7.229764,8.75965,1.0,2.0,4.0,0.0,2.0,24.2,28.0,both,7.229764,8.75965,mif_consistent_with_register,
HF00442,Kadmami Primary Health Centre,Primary Health Centre,Enurita,Agbngoru LGA,Agbzatu South,Agbzatu State,Public,7.448374,8.456653,7.448374,plain,8.456653,plain,ok,,7.448374,8.456653,0.0,0.0,4.0,0.0,1.0,8.4,51.0,both,7.448374,8.456653,mif_consistent_with_register,
HF00300,Okedesa Health Post,Health Post,Loknuri,HANRAJA,Agbzatu North,Agbzatu State,Private,7.459246,7.992608,7.459246,plain,7.992608,plain,ok,,7.459246,7.992608,0.0,1.0,0.0,0.0,0.0,2.1,100.0,both,7.459246,7.992608,mif_consistent_with_register,
HF00025,Gwoduko Primary Health Centre,Primary Health Centre,Funngoli,Uzoluni,Kukrima North,Kukrima State,Public,6.170968,8.856011,6.170968,plain,8.856011,plain,ok,,6.170968,8.856011,0.0,5.0,5.0,0.0,0.0,16.8,51.0,both,6.170968,8.856011,mif_consistent_with_register,
HF01135,Supnatu General Hospital,General Hospital,Zamnuno,Sokmiri,Agbkeko North,Agbkeko State,Public,9.684933,9.121296,9.684933,plain,9.121296,plain,ok,,9.684933,9.121296,0.0,10.0,12.0,0.0,3.0,46.2,5.0,both,9.684933,9.121296,mif_consistent_with_register,
HF00486,Birnayi Health Post,Health Post,Funbayi,Tivsano-North LGA,Tivbetu North,Tivbetu State,Public,8.405129,10.300582,8.405129,plain,10.300582,plain,ok,,8.405129,10.300582,1.0,2.0,2.0,0.0,0.0,14.9,56.0,both,8.405129,10.300582,mif_consistent_with_register,
HF01248,Duttitu Primary Health Centre,Primary Health Centre,Shashafa,Daibama,Agbkeko Central,Agbkeko State,Public,9.257016,10.040717,9.257016,plain,10.040717,plain,ok,,9.257016,10.040717,0.0,4.0,4.0,1.0,0.0,17.2,50.0,both,9.257016,10.040717,mif_consistent_with_register,
HF00942,Kattisa Primary Health Centre,Primary Health Centre,Wurshani,Adekeni,Supwasa North,Supwasa State,Public,9.375986,10.579926,9.375986,plain,10.579926,plain,ok,,9.375986,10.579926,0.0,1.0,3.0,1.0,0.0,9.7,26.0,both,9.375986,10.579926,mif_consistent_with_register,
HF01004,Baunumi Comprehensive Health Centre,Comprehensive Health Centre,Tivsana,Bautiru West,Supwasa Central,Supwasa State,Public,10.581101,10.885448,10.581101,plain,10.885448,plain,ok,,10.581101,10.885448,5.0,11.0,22.0,0.0,0.0,72.9,6.0,both,10.581101,10.885448,mif_consistent_with_register,
HF01060,Adetsita Health Post,Health Post,Daibefa,Katdudu,Supwasa Central,Supwasa State,Public,10.256319,10.591651,10.256319,plain,10.591651,plain,ok,,10.256319,10.591651,1.0,2.0,0.0,0.0,1.0,15.7,69.0,both,10.256319,10.591651,mif_consistent_with_register,
HF00677,Funrade Cottage Hospital,Cottage Hospital,Ngeduru,Olujiwa,Tivbetu South,Tivbetu State,Public,7.936897,10.99264,7.936897,plain,10.99264,plain,ok,,7.936897,10.99264,2.0,13.0,5.0,3.0,6.0,69.1,7.0,both,7.936897,10.99264,mif_consistent_with_register,
HF01159,Zambade Comprehensive Health Centre,Comprehensive Health Centre,Riydewa,Jostile,Agbkeko North,Agbkeko State,Private,9.945147,9.154065,9.945147,plain,9.154065,plain,ok,,9.945147,9.154065,0.0,3.0,5.0,2.0,2.0,26.8,14.0,both,9.945147,9.154065,mif_consistent_with_register,
HF00460,Agbjile Primary Health Centre,Primary Health Centre,Banlumi,Umumayi,Agbzatu South,Agbzatu State,Public,7.721139,9.1017,7.721139,plain,9.1017,plain,ok,,7.721139,9.1017,0.0,0.0,2.0,0.0,1.0,5.9,57.0,both,7.721139,9.1017,mif_consistent_with_register,
HF01323,Supdena Primary Health Centre,Primary Health Centre,Yelshama,Gwodewo,Agbkeko South,Agbkeko State,Public,10.487941,9.914609,10.487941,plain,9.914609,plain,ok,,10.487941,9.914609,0.0,0.0,7.0,2.0,2.0,23.1,25.0,both,10.487941,9.914609,mif_consistent_with_register,
HF00723,Umurano Primary Health Centre,Primary Health Centre,Katbaru,Dutjiri,Uzojina North,Uzojina State,Faith-based,8.678205,8.377179,8.678205,plain,8.377179,plain,ok,,8.678205,8.377179,3.0,3.0,7.0,1.0,0.0,43.6,9.0,both,8.678205,8.377179,mif_consistent_with_register,
HF00301,Ngekoyi Comprehensive Health Centre,Comprehensive Health Centre,Dutkota,Hanraja LGA,Agbzatu North,Agbzatu State,Public,7.407445,7.785653,7.407445,plain,7.785653,plain,ok,,7.407445,7.785653,1.0,0.0,5.0,0.0,0.0,14.6,59.0,both,7.407445,7.785653,mif_consistent_with_register,
HF01012,Wurmaru Health Post,Health Post,Soktiba,Funkedu,Supwasa Central,Supwasa State,Public,10.530803,11.314902,10.530803,plain,11.314902,plain,ok,,10.530803,11.314902,0.0,0.0,3.0,0.0,0.0,3.8,98.0,both,10.530803,11.314902,mif_consistent_with_register,
HF00205,Naszani General Hospital,General Hospital,Ibabewo,Adenaja ,Kukrima South,Kukrima State,Public,6.853147,10.388536,6.853147,plain,10.388536,plain,ok,,6.853147,10.388536,3.0,25.0,7.0,10.0,0.0,73.6,4.0,both,6.853147,10.388536,mif_consistent_with_register,
HF00950,Josjiwa Comprehensive Health Centre,Comprehensive Health Centre,Birtsiba,Nasrifa,Supwasa North,Supwasa State,Public,8.916963,10.944127,8.916963,plain,10.944127,plain,ok,,8.916963,10.944127,1.0,1.0,5.0,0.0,1.0,20.0,15.0,both,8.916963,10.944127,mif_consistent_with_register,
HF00646,Banraru Primary Health Centre,Primary Health Centre,Ibayoja,Tamlufa-East,Tivbetu South,Tivbetu State,Private,8.661667,10.69912,8.661667,plain,10.69912,plain,ok,,,,,,,,,,,left_only,8.661667,10.69912,register,
HF00701,Supkosa Primary Health Centre,Primary Health Centre,Sokshano,Adekowo,Tivbetu South,Tivbetu State,Private,8.634443,11.522587,8.634443,plain,11.522587,plain,ok,,8.634443,11.522587,0.0,0.0,2.0,2.0,3.0,20.1,49.0,both,8.634443,11.522587,mif_consistent_with_register,
HF01158,Tammiwo Health Post,Health Post,Riydewa,Jostile,Agbkeko North,Agbkeko State,Public,9.960877,9.197386,9.960877,plain,9.197386,plain,ok,,9.960877,9.197386,0.0,0.0,1.0,0.0,0.0,1.3,57.0,both,9.960877,9.197386,mif_consistent_with_register,
HF01186,Umumari Primary Health Centre,Primary Health Centre,Iroyori,Yeltili,Agbkeko North,Agbkeko State,Public,9.87019,8.952257,9.87019,plain,8.952257,plain,ok,,9.87019,8.952257,0.0,1.0,0.0,0.0,0.0,2.1,53.0,both,9.87019,8.952257,mif_consistent_with_register,
HF01183,Yeltsiba Primary Health Centre,Primary Health Centre,Oluwaba,Maljiwo,Agbkeko North,Agbkeko State,Public,9.594434,9.413034,9.594434,plain,9.413034,plain,ok,,9.594434,9.413034,0.0,2.0,0.0,1.0,1.0,11.2,39.0,both,9.594434,9.413034,mif_consistent_with_register,
HF00665,Tamrishi Primary Health Centre,Primary Health Centre,Tivdeli,Hanjiko LGA,Tivbetu South,Tivbetu State,Public,8.493358,10.894855,8.493358,plain,10.894855,plain,ok,,8.493358,10.894855,0.0,6.0,6.0,1.0,3.0,33.9,28.0,both,8.493358,10.894855,mif_consistent_with_register,
HF01116,Yobshali Primary Health Centre,Primary Health Centre,Ekenuno,Oluyofa,Supwasa South,Supwasa State,Private,9.222171,11.236469,9.222171,plain,11.236469,plain,ok,,9.222171,11.236469,1.0,3.0,3.0,1.0,1.0,25.4,20.0,both,9.222171,11.236469,mif_consistent_with_register,
HF00125,Handuli Primary Health Centre,Primary Health Centre,Wurdesa,Agbjide,Kukrima Central,Kukrima State,Public,6.714454,9.255895,6.714454,plain,9.255895,plain,ok,,6.714454,9.255895,0.0,2.0,1.0,1.0,1.0,12.5,48.0,both,6.714454,9.255895,mif_consistent_with_register,
HF01093,Irodewa Primary Health Centre,Primary Health Centre,Hansasa,Baumiru,Supwasa South,Supwasa State,Public,8.87432,11.169791,8.87432,plain,11.169791,plain,ok,,8.87432,11.169791,1.0,3.0,4.0,0.0,2.0,26.2,18.0,both,8.87432,11.169791,mif_consistent_with_register,
HF01197,Nasderu Primary Health Centre,Primary Health Centre,Kuknayi,Yeltili,Agbkeko North,Agbkeko State,Faith-based,10.250894,9.056913,10.250894,plain,9.056913,plain,ok,,10.250894,9.056913,0.0,2.0,3.0,0.0,0.0,8.0,44.0,both,10.250894,9.056913,mif_consistent_with_register,
HF00504,Funngowa Comprehensive Health Centre,Comprehensive Health Centre,Banluba,Bauzani,Tivbetu North,Tivbetu State,Public,7.799663,10.447606,7.799663,plain,10.447606,plain,ok,,7.799663,10.447606,0.0,0.0,13.0,2.0,0.0,24.1,34.0,both,7.799663,10.447606,mif_consistent_with_register,
HF01090,Umubaba Primary Health Centre,Primary Health Centre,Agbwali,BAUMIRU,Supwasa South,Supwasa State,Public,8.756392,11.285943,8.756392,plain,11.285943,plain,ok,,8.756392,11.285943,2.0,3.0,5.0,0.0,0.0,29.1,15.0,both,8.756392,11.285943,mif_consistent_with_register,
HF00323,Adesale Primary Health Centre,Primary Health Centre,Okeshali,Gwodele-South,Agbzatu North,Agbzatu State,Public,8.002708,7.723022,8.002708,plain,7.723022,plain,ok,,8.002708,7.723022,0.0,2.0,0.0,2.0,0.0,11.7,67.0,both,8.002708,7.723022,mif_consistent_with_register,
HF00640,Maljita Health Post,Health Post,Okeluwo,Tamlufa-East,Tivbetu South,Tivbetu State,Public,8.441586,10.700668,8.441586,plain,10.700668,plain,ok,,8.441586,10.700668,0.0,1.0,1.0,0.0,0.0,3.4,76.0,both,8.441586,10.700668,mif_consistent_with_register,
HF00104,Josnani Health Post,Health Post,Banluma,Yelkefa ,Kukrima Central,Kukrima State,Public,7.528177,9.739169,7.528177,plain,9.739169,plain,ok,,7.528177,9.739169,0.0,1.0,3.0,0.0,0.0,5.9,64.0,both,7.528177,9.739169,mif_consistent_with_register,
HF00732,Kuksata Primary Health Centre,Primary Health Centre,Uzotsiru,Agbkotu-South,Uzojina North,Uzojina State,Private,8.23668,8.166848,8.23668,plain,8.166848,plain,ok,,8.23668,8.166848,0.0,4.0,4.0,1.0,1.0,20.5,40.0,both,8.23668,8.166848,mif_consistent_with_register,
HF00447,Zammatu Primary Health Centre,Primary Health Centre,Funbaja,DAISHAKO,Agbzatu South,Agbzatu State,Private,7.265888,8.704903,7.265888,plain,8.704903,plain,ok,,7.265888,8.704903,1.0,1.0,2.0,0.0,1.0,16.2,40.0,both,7.265888,8.704903,mif_consistent_with_register,
HF00393,Tamshasa Comprehensive Health Centre,Comprehensive Health Centre,Kuktidu,Enutifa,Agbzatu Central,Agbzatu State,Public,7.278764,7.992849,7.278764,plain,7.992849,plain,ok,,7.278764,7.992849,0.0,5.0,13.0,1.0,0.0,30.8,16.0,both,7.278764,7.992849,mif_consistent_with_register,
HF00297,Dutjile Primary Health Centre,Primary Health Centre,Adejisa,SUPYOSHI-EAST,Agbzatu North,Agbzatu State,Public,7.914241,7.602241,7.914241,plain,7.602241,plain,ok,,7.914241,7.602241,2.0,2.0,3.0,0.0,1.0,27.8,29.0,both,7.914241,7.602241,mif_consistent_with_register,
HF00571,Ibaluyi General Hospital,General Hospital,Gwolude,Ibajija-South,Tivbetu Central,Tivbetu State,Public,7.296889,10.658045,7.296889,plain,10.658045,plain,ok,,7.296889,10.658045,5.0,22.0,12.0,7.0,2.0,92.0,2.0,both,7.296889,10.658045,mif_consistent_with_register,
HF00312,Gwokesa Cottage Hospital,Cottage Hospital,Gwonade,Josduri-South ,Agbzatu North,Agbzatu State,Public,7.702842,7.568388,7.702842,plain,7.568388,plain,ok,,7.702842,7.568388,3.0,16.0,0.0,6.0,2.0,71.3,3.0,both,7.702842,7.568388,mif_consistent_with_register,
HF00552,Ngeshama Comprehensive Health Centre,Comprehensive Health Centre,Agbderu,Malbawo-Central LGA,Tivbetu North,Tivbetu State,Public,7.789709,9.752498,7.789709,plain,9.752498,plain,ok,,7.789709,9.752498,2.0,1.0,8.0,0.0,1.0,32.1,22.0,both,7.789709,9.752498,mif_consistent_with_register,
HF01286,Oluwatu General Hospital,General Hospital,Daibano,Nasnadu,Agbkeko South,Agbkeko State,Faith-based,10.069643,10.235692,10.069643,plain,10.235692,plain,ok,,10.069643,10.235692,8.0,9.0,15.0,9.0,4.0,92.9,1.0,both,10.069643,10.235692,mif_consistent_with_register,
HF00326,Yelrasa Primary Health Centre,Primary Health Centre,Tamngoba,Gwodele-South,Agbzatu North,Agbzatu State,Private,,,,missing,,missing,missing_coordinates,,8.018916,7.829638,1.0,7.0,2.0,0.0,0.0,25.4,36.0,both,8.018916,7.829638,mif_only_register_missing,
HF00048,Dutbari Health Post,Health Post,Tamyowa,Irolufa,Kukrima North,Kukrima State,Public,5.874698,9.865064,5.874698,plain,9.865064,plain,ok,,5.874698,9.865064,0.0,2.0,2.0,1.0,0.0,10.5,64.0,both,5.874698,9.865064,mif_consistent_with_register,
HF00164,Supjiyi Primary Health Centre,Primary Health Centre,Katwama,Wurmashi,Kukrima Central,Kukrima State,Faith-based,7.49356,9.920894,7.49356,plain,9.920894,plain,ok,,7.49356,9.920894,0.0,7.0,5.0,0.0,1.0,24.3,27.0,both,7.49356,9.920894,mif_consistent_with_register,
HF01256,Umusawo Comprehensive Health Centre,Comprehensive Health Centre,Birjili,Daibama,Agbkeko Central,Agbkeko State,Public,9.337844,10.003093,9.337844,plain,10.003093,plain,ok,,9.337844,10.003093,2.0,1.0,12.0,3.0,4.0,55.1,13.0,both,9.337844,10.003093,mif_consistent_with_register,
HF00928,Wurtsimi Comprehensive Health Centre,Comprehensive Health Centre,Malshana,Zamberi-North,Uzojina South,Uzojina State,Public,8.473544,8.668456,8.473544,plain,8.668456,plain,ok,,8.473544,8.668456,9.0,17.0,16.0,1.0,2.0,85.4,3.0,both,8.473544,8.668456,mif_consistent_with_register,
HF00851,Oluberi Cottage Hospital,Cottage Hospital,Loktsifa,Adelaja North,Uzojina Central,Uzojina State,Public,9.572852,8.426794,9.572852,plain,8.426794,plain,ok,,9.572852,8.426794,0.0,15.0,15.0,2.0,5.0,61.7,6.0,both,9.572852,8.426794,mif_consistent_with_register,
HF01193,Suptsija Primary Health Centre,Primary Health Centre,Kuknayi,Yeltili,Agbkeko North,Agbkeko State,Public,10.149777,9.069331,10.149777,plain,9.069331,plain,ok,,10.149777,9.069331,1.0,1.0,2.0,0.0,0.0,12.9,36.0,both,10.149777,9.069331,mif_consistent_with_register,
HF00019,Okenuru Health Post,Health Post,Loklude,Uzoluni,Kukrima North,Kukrima State,Public,6.233549,8.751762,6.233549,plain,8.751762,plain,ok,,6.233549,8.751762,0.0,0.0,1.0,0.0,0.0,1.3,87.0,both,6.233549,8.751762,mif_consistent_with_register,
HF00766,Yelbaba Health Post,Health Post,Duttsisa,TAMLUNI,Uzojina North,Uzojina State,Public,8.676057,7.616658,8.676057,plain,7.616658,plain,ok,,8.676057,7.616658,0.0,0.0,1.0,0.0,0.0,1.3,87.0,both,8.676057,7.616658,mif_consistent_with_register,
HF01171,Riyngoko Primary Health Centre,Primary Health Centre,Tivtsiwo,Ngenuta-Central,Agbkeko North,Agbkeko State,Private,10.229463,8.917265,10.229463,plain,8.917265,plain,ok,,10.229463,8.917265,0.0,3.0,3.0,0.0,0.0,10.1,40.0,both,10.229463,8.917265,mif_consistent_with_register,
HF01176,Bantsiri Primary Health Centre,Primary Health Centre,Malnumi,Maljiwo,Agbkeko North,Agbkeko State,Public,9.509636,9.152244,9.509636,plain,9.152244,plain,ok,,9.509636,9.152244,1.0,4.0,4.0,1.0,0.0,25.4,17.0,both,9.509636,9.152244,mif_consistent_with_register,
HF01279,Agbbena Health Post,Health Post,Uzodushi,Nasnadu,Agbkeko South,Agbkeko State,Faith-based,9.902561,10.018031,9.902561,plain,10.018031,plain,ok,,9.902561,10.018031,0.0,1.0,4.0,1.0,0.0,10.9,43.0,both,9.902561,10.018031,mif_consistent_with_register,
HF01188,Riyjiru Primary Health Centre,Primary Health Centre,Nasmitu,YELTILI,Agbkeko North,Agbkeko State,Public,9.825574,8.786015,9.825574,plain,8.786015,plain,ok,,9.825574,8.786015,1.0,1.0,2.0,0.0,1.0,16.2,30.0,both,9.825574,8.786015,mif_consistent_with_register,
HF00127,Hannuli Primary Health Centre,Primary Health Centre,Kadjina,Agbjide,Kukrima Central,Kukrima State,Public,6.788865,9.079884,6.788865,plain,9.079884,plain,ok,,6.788865,9.079884,0.0,3.0,2.0,0.0,0.0,8.8,56.0,both,6.788865,9.079884,mif_consistent_with_register,
HF00606,Supbatu Primary Health Centre,Primary Health Centre,Shatsiru,Ironama,Tivbetu Central,Tivbetu State,Public,7.41366,10.694819,7.41366,plain,10.694819,plain,ok,,7.41366,10.694819,1.0,3.0,7.0,1.0,0.0,27.2,35.0,both,7.41366,10.694819,mif_consistent_with_register,
HF00418,Olutitu Comprehensive Health Centre,Comprehensive Health Centre,Nasyowa,Oketsifa,Agbzatu South,Agbzatu State,Public,7.708377,8.788659,7.708377,plain,8.788659,plain,ok,,7.708377,8.788659,1.0,5.0,12.0,3.0,0.0,45.2,11.0,both,7.708377,8.788659,mif_consistent_with_register,
HF00671,Tivnayi Primary Health Centre,Primary Health Centre,Daimako,Hanjiko ,Tivbetu South,Tivbetu State,Public,8.860195,10.976326,8.860195,plain,10.976326,plain,ok,,,,,,,,,,,left_only,8.860195,10.976326,register,
HF00018,Katkeli Health Post,Health Post,Dutrimi,Uzoluni,Kukrima North,Kukrima State,Public,6.128625,8.706849,6.128625,plain,8.706849,plain,ok,,6.128625,8.706849,0.0,0.0,1.0,0.0,0.0,1.3,87.0,both,6.128625,8.706849,mif_consistent_with_register,
HF00045,Riybasa Primary Health Centre,Primary Health Centre,Tamyowa,Irolufa,Kukrima North,Kukrima State,Public,5.869062,9.920266,5.869062,plain,9.920266,plain,ok,,,,,,,,,,,left_only,5.869062,9.920266,register,
HF01072,Agbkoba Comprehensive Health Centre,Comprehensive Health Centre,Baurima,Okeyoru-South,Supwasa Central,Supwasa State,Public,9.957937,10.797267,9.957937,plain,10.797267,plain,ok,,9.957937,10.797267,2.0,24.0,6.0,1.0,5.0,62.9,11.0,both,9.957937,10.797267,mif_consistent_with_register,
HF00781,Banriru Health Post,Health Post,Riymano,Nassako-Central,Uzojina North,Uzojina State,Public,8.35,7.37,8.35,plain,7.37,plain,ok,,,,,,,,,,,left_only,8.35,7.37,register,
HF00480,Yeltsiwo Health Post,Health Post,Ibazawa,Tivsano-North,Tivbetu North,Tivbetu State,Public,8.253691,10.386488,8.253691,plain,10.386488,plain,ok,,8.253691,10.386488,0.0,1.0,0.0,1.0,1.0,9.2,70.0,both,8.253691,10.386488,mif_consistent_with_register,
HF00317,Ibayomi Cottage Hospital,Cottage Hospital,Tivbedu,Josduri-South,Agbzatu North,Agbzatu State,Public,7.788964,7.669043,7.788964,plain,7.669043,plain,ok,,7.788964,7.669043,0.0,17.0,11.0,0.0,0.0,39.1,16.0,both,7.788964,7.669043,mif_consistent_with_register,
HF00642,Katbana Cottage Hospital,Cottage Hospital,Yobnuma,Tamlufa-East,Tivbetu South,Tivbetu State,Public,8.661271,10.545037,8.661271,plain,10.545037,plain,ok,,8.661271,10.545037,3.0,8.0,29.0,2.0,6.0,78.8,4.0,both,8.661271,10.545037,mif_consistent_with_register,
HF00800,Ekesale Health Post,Health Post,Ngesana,Tamwata-South,Uzojina Central,Uzojina State,Public,9.85975,8.43158,9.85975,plain,8.43158,plain,ok,,9.85975,8.43158,0.0,1.0,1.0,1.0,0.0,7.1,54.0,both,9.85975,8.43158,mif_consistent_with_register,
HF00530,Katwami Health Post,Health Post,Ngebana,HANSABA,Tivbetu North,Tivbetu State,Public,8.627293,9.839852,8.627293,plain,9.839852,plain,ok,,8.627293,9.839852,0.0,2.0,2.0,0.0,0.0,6.7,75.0,both,8.627293,9.839852,mif_consistent_with_register,
HF00690,Loksaru Primary Health Centre,Primary Health Centre,Soknudu,Nasdudu North,Tivbetu South,Tivbetu State,Public,7.89026,11.130176,7.89026,plain,11.130176,plain,ok,,7.89026,11.130176,0.0,7.0,2.0,0.0,2.0,23.8,41.0,both,7.89026,11.130176,mif_consistent_with_register,
HF01016,Riyjifa Primary Health Centre,Primary Health Centre,Soktiba,Funkedu,Supwasa Central,Supwasa State,Public,10.3954,11.35001,10.3954,plain,11.35001,plain,ok,,10.3954,11.35001,0.0,0.0,3.0,2.0,0.0,11.3,82.0,both,10.3954,11.35001,mif_consistent_with_register,
HF00055,Tamzasa Primary Health Centre,Primary Health Centre,Gwobedu,Irolufa,Kukrima North,Kukrima State,Public,6.028129,9.875043,6.028129,plain,9.875043,plain,ok,,,,,,,,,,,left_only,6.028129,9.875043,register,
HF00742,Kukshawa Comprehensive Health Centre,Comprehensive Health Centre,Daitsitu,AgbkotuSouth,Uzojina North,Uzojina State,Public,,,,missing,,missing,missing_coordinates,,8.500506,8.093072,0.0,6.0,7.0,3.0,3.0,42.7,10.0,both,8.500506,8.093072,mif_only_register_missing,
HF00424,Malzata Primary Health Centre,Primary Health Centre,Okekede,Oketsifa,Agbzatu South,Agbzatu State,Private,7.904786,8.508298,7.904786,plain,8.508298,plain,ok,,7.904786,8.508298,0.0,7.0,2.0,3.0,0.0,28.4,22.0,both,7.904786,8.508298,mif_consistent_with_register,
HF01045,Uzotsiru Cottage Hospital,Cottage Hospital,Funnuta,Josmiba,Supwasa Central,Supwasa State,Public,10.763168,10.409072,10.763168,plain,10.409072,plain,ok,,10.763168,10.409072,0.0,9.0,24.0,6.0,3.0,63.7,10.0,both,10.763168,10.409072,mif_consistent_with_register,
HF00252,Zamnako Comprehensive Health Centre,Comprehensive Health Centre,Daizaru,Agbmita,Agbzatu North,Agbzatu State,Public,7.944015,8.063994,7.944015,plain,8.063994,plain,ok,,7.944015,8.063994,1.0,7.0,3.0,5.0,2.0,48.3,8.0,both,7.944015,8.063994,mif_consistent_with_register,
HF00581,Uzoluta Primary Health Centre,Primary Health Centre,Wurjino,IRONGORI,Tivbetu Central,Tivbetu State,Public,7.760343,10.743219,7.760343,plain,10.743219,plain,ok,,7.760343,10.743219,0.0,6.0,2.0,1.0,1.0,22.1,40.0,both,7.760343,10.743219,mif_consistent_with_register,
HF00767,Katridu Primary Health Centre,Primary Health Centre,Kukjino,Tamluni,Uzojina North,Uzojina State,Faith-based,8.505608,7.653055,8.505608,plain,7.653055,plain,ok,,,,,,,,,,,left_only,8.505608,7.653055,register,
HF01302,Wurkeshi Comprehensive Health Centre,Comprehensive Health Centre,Ngebasa,Ngemidu,Agbkeko South,Agbkeko State,Public,10.039107,9.771793,10.039107,plain,9.771793,plain,ok,,10.039107,9.771793,0.0,13.0,12.0,2.0,2.0,54.5,7.0,both,10.039107,9.771793,mif_consistent_with_register,
HF00675,Malmafa Health Post,Health Post,Shayona,OLUJIWA,Tivbetu South,Tivbetu State,Public,8.061331,10.799394,8.061331,plain,10.799394,plain,ok,,8.061331,10.799394,0.0,1.0,2.0,0.0,1.0,8.0,68.0,both,8.061331,10.799394,mif_consistent_with_register,
HF01080,Agbjiri Health Post,Health Post,Tivnuta,Ekedeta-East,Supwasa South,Supwasa State,Public,9.347394,11.555642,9.347394,plain,11.555642,plain,ok,,9.347394,11.555642,0.0,1.0,0.0,0.0,0.0,2.1,58.0,both,9.347394,11.555642,mif_consistent_with_register,
HF00406,Yobsali Comprehensive Health Centre,Comprehensive Health Centre,Tivjidu,Supsama-South,Agbzatu Central,Agbzatu State,Private,6.43209,8.585277,6.43209,plain,8.585277,plain,ok,,6.43209,8.585277,0.0,2.0,9.0,0.0,0.0,15.7,46.0,both,6.43209,8.585277,mif_consistent_with_register,
HF01169,Riybadu Primary Health Centre,Primary Health Centre,Shangodu,Ngenuta-Central,Agbkeko North,Agbkeko State,Public,10.146689,8.826966,10.146689,plain,8.826966,plain,ok,,,,,,,,,,,left_only,10.146689,8.826966,register,
HF00661,Agblawa Health Post,Health Post,Tivshana,Hanjiko,Tivbetu South,Tivbetu State,Public,8.465687,11.036799,8.465687,plain,11.036799,plain,ok,,8.465687,11.036799,0.0,0.0,1.0,0.0,0.0,1.3,78.0,both,8.465687,11.036799,mif_consistent_with_register,
HF00806,Aderani Comprehensive Health Centre,Comprehensive Health Centre,Uzoyodu,Tamwata-South,Uzojina Central,Uzojina State,Public,10.102937,8.35036,10.102937,plain,8.35036,plain,ok,,10.102937,8.35036,0.0,6.0,11.0,4.0,0.0,41.6,15.0,both,10.102937,8.35036,mif_consistent_with_register,
HF01132,Dairana Primary Health Centre,Primary Health Centre,Kadzaru,Tivmama,Supwasa South,Supwasa State,Public,9.917037,11.349912,9.917037,plain,11.349912,plain,ok,,9.917037,11.349912,1.0,1.0,3.0,1.0,0.0,17.9,30.0,both,9.917037,11.349912,mif_consistent_with_register,
HF00033,Sokngofa Health Post,Health Post,Baukeshi,Riylude-North ,Kukrima North,Kukrima State,Public,6.352672,9.806485,6.352672,plain,9.806485,plain,ok,,6.352672,9.806485,1.0,3.0,2.0,0.0,0.0,17.0,50.0,both,6.352672,9.806485,mif_consistent_with_register,
HF00560,Wurmawo Primary Health Centre,Primary Health Centre,Kukngowa,Soktimi,Tivbetu North,Tivbetu State,Faith-based,9.863227,7.646916,9.863227,plain,7.646916,plain,ok,,7.646916,9.863227,1.0,5.0,7.0,1.0,1.0,34.7,17.0,both,7.646916,9.863227,mif_register_axis_swap_corrected,"Register had lon/lat swapped (register lon=9.863227, lat=7.646916); corrected using MIF point."
HF00944,Agbdemi Comprehensive Health Centre,Comprehensive Health Centre,Agbjisa,Adekeni LGA,Supwasa North,Supwasa State,Public,9.49319,11.008128,9.49319,plain,11.008128,plain,ok,,9.49319,11.008128,1.0,6.0,8.0,0.0,1.0,34.3,8.0,both,9.49319,11.008128,mif_consistent_with_register,
HF00764,Sokkoja Primary Health Centre,Primary Health Centre,Riylale,Tamluni,Uzojina North,Uzojina State,Public,8.388956,7.879492,8.388956,plain,7.879492,plain,ok,,8.388956,7.879492,2.0,4.0,3.0,1.0,1.0,35.7,20.0,both,8.388956,7.879492,mif_consistent_with_register,
HF00895,Sokdeja Cottage Hospital,Cottage Hospital,Lokyofa,Loksayi,Uzojina South,Uzojina State,Public,8.272792,8.783439,8.272792,plain,8.783439,plain,ok,,8.272792,8.783439,0.0,15.0,23.0,0.0,2.0,51.7,7.0,both,8.272792,8.783439,mif_consistent_with_register,
HF00629,Yelmiwo Primary Health Centre,Primary Health Centre,Katriwa,Joskeru,Tivbetu South,Tivbetu State,Public,8.365846,11.231339,8.365846,plain,11.231339,plain,ok,,8.365846,11.231339,0.0,4.0,3.0,2.0,1.0,23.0,42.0,both,8.365846,11.231339,mif_consistent_with_register,
HF00500,Birngole Primary Health Centre,Primary Health Centre,Zamlama,Agbtsiko,Tivbetu North,Tivbetu State,Public,7.97,10.16,7.97,plain,10.16,plain,ok,,7.973868,10.163458,0.0,2.0,2.0,1.0,0.0,10.5,65.0,both,7.973868,10.163458,mif_consistent_with_register,
HF00659,Kuknuja Primary Health Centre,Primary Health Centre,Banrani,Ibamide,Tivbetu South,Tivbetu State,Public,8.256369,11.432597,8.256369,plain,11.432597,plain,ok,,8.256369,11.432597,0.0,3.0,6.0,3.0,1.0,28.5,36.0,both,8.256369,11.432597,mif_consistent_with_register,
HF00635,Umusali Health Post,Health Post,Birmishi,Joskeru,Tivbetu South,Tivbetu State,Public,8.434217,11.223627,8.434217,plain,11.223627,plain,ok,,8.434217,11.223627,1.0,3.0,3.0,0.0,1.0,21.6,46.0,both,8.434217,11.223627,mif_consistent_with_register,
HF00674,Birmisa Primary Health Centre,Primary Health Centre,Shayona,Olujiwa LGA,Tivbetu South,Tivbetu State,Faith-based,8.041144,10.825541,8.041144,plain,10.825541,plain,ok,,8.041144,10.825541,1.0,1.0,5.0,0.0,1.0,20.0,50.0,both,8.041144,10.825541,mif_consistent_with_register,
HF00915,Eketile Cottage Hospital,Cottage Hospital,Tivsako,Banluwo,Uzojina South,Uzojina State,Public,8.560985,8.55657,8.560985,plain,8.55657,plain,ok,,,,,,,,,,,left_only,8.560985,8.55657,register,
HF00026,Birjini Health Post,Health Post,Yelluna,Uzoluni,Kukrima North,Kukrima State,Public,6.383685,9.003897,6.383685,plain,9.003897,plain,ok,,6.383685,9.003897,0.0,2.0,2.0,0.0,0.0,6.7,72.0,both,6.383685,9.003897,mif_consistent_with_register,
HF00208,Birtsiri Comprehensive Health Centre,Comprehensive Health Centre,Kuktsino,Adenaja LGA,Kukrima South,Kukrima State,Public,7.021574,10.460539,7.021574,plain,10.460539,plain,ok,,7.021574,10.460539,4.0,9.0,11.0,1.0,0.0,66.6,8.0,both,7.021574,10.460539,mif_consistent_with_register,
HF00503,Sokwako Primary Health Centre,Primary Health Centre,Yeltiko,Agbtsiko,Tivbetu North,Tivbetu State,Private,8.184064,9.952442,8.184064,plain,9.952442,plain,ok,,,,,,,,,,,left_only,8.184064,9.952442,register,
HF00551,Funrano Primary Health Centre,Primary Health Centre,Ekebemi,Malbawo-Central,Tivbetu North,Tivbetu State,Public,7.743608,9.509261,7.743608,plain,9.509261,plain,ok,,7.743608,9.509261,2.0,3.0,3.0,0.0,0.0,26.5,32.0,both,7.743608,9.509261,mif_consistent_with_register,
HF00394,Jossata Health Post,Health Post,Naslayi,Katrini,Agbzatu Central,Agbzatu State,Public,6.839057,8.340425,6.839057,plain,8.340425,plain,ok,,6.839057,8.340425,0.0,2.0,1.0,0.0,0.0,5.4,63.0,both,6.839057,8.340425,mif_consistent_with_register,
HF01138,Enubede Comprehensive Health Centre,Comprehensive Health Centre,Zamnuno,Sokmiri,Agbkeko North,Agbkeko State,Public,9.6847,9.144992,9.6847,plain,9.144992,plain,ok,,9.6847,9.144992,0.0,3.0,3.0,1.0,1.0,17.2,28.0,both,9.6847,9.144992,mif_consistent_with_register,
HF00364,Umunari Health Post,Health Post,Tivlana,Lokmata,Agbzatu Central,Agbzatu State,Private,6.457464,8.804419,6.457464,plain,8.804419,plain,ok,,6.457464,8.804419,0.0,2.0,2.0,0.0,0.0,6.7,61.0,both,6.457464,8.804419,mif_consistent_with_register,
HF00495,Aderiko Primary Health Centre,Primary Health Centre,Eketiyi,Agbtsiko,Tivbetu North,Tivbetu State,Private,7.837038,9.780427,7.837038,plain,9.780427,plain,ok,,7.837038,9.780427,2.0,5.0,2.0,0.0,1.0,32.7,20.0,both,7.837038,9.780427,mif_consistent_with_register,
HF00917,Loklushi Primary Health Centre,Primary Health Centre,Josmako,Banluwo,Uzojina South,Uzojina State,Public,8.71888,8.466546,8.71888,plain,8.466546,plain,ok,,8.71888,8.466546,0.0,4.0,11.0,0.0,0.0,22.4,34.0,both,8.71888,8.466546,mif_consistent_with_register,
HF00369,Malbata General Hospital,General Hospital,Okewako,Lokmata,Agbzatu Central,Agbzatu State,Public,6.618317,8.700354,6.618317,plain,8.700354,plain,ok,,6.618317,8.700354,2.0,15.0,22.0,7.0,0.0,76.4,1.0,both,6.618317,8.700354,mif_consistent_with_register,
HF00416,Adetsisa Primary Health Centre,Primary Health Centre,Adenuru,Iromashi,Agbzatu Central,Agbzatu State,Private,7.217638,8.266466,7.217638,plain,8.266466,plain,ok,,7.217638,8.266466,0.0,3.0,4.0,1.0,3.0,25.1,30.0,both,7.217638,8.266466,mif_consistent_with_register,
HF00554,Bantitu Primary Health Centre,Primary Health Centre,Hanbafa,MALBAWO-CENTRAL,Tivbetu North,Tivbetu State,Public,7.82633,9.568121,7.82633,plain,9.568121,plain,ok,,7.82633,9.568121,0.0,6.0,4.0,0.0,1.0,20.9,42.0,both,7.82633,9.568121,mif_consistent_with_register,
HF01082,Tamkefa Health Post,Health Post,Tivnuta,Ekedeta-East,Supwasa South,Supwasa State,Public,9.38925,11.643881,9.38925,plain,11.643881,plain,ok,,9.38925,11.643881,0.0,1.0,2.0,0.0,0.0,4.6,52.0,both,9.38925,11.643881,mif_consistent_with_register,
HF00748,Umujidu Comprehensive Health Centre,Comprehensive Health Centre,Bausako,Nasyotu LGA,Uzojina North,Uzojina State,Public,8.671537,7.999341,8.671537,plain,7.999341,plain,ok,,,,,,,,,,,left_only,8.671537,7.999341,register,
HF00799,Bansale Health Post,Health Post,Ngesana,Tamwata-South,Uzojina Central,Uzojina State,Public,9.780507,8.366928,9.780507,plain,8.366928,plain,ok,,9.780507,8.366928,0.0,0.0,2.0,0.0,0.0,2.6,63.0,both,9.780507,8.366928,mif_consistent_with_register,
HF01310,Irobako Primary Health Centre,Primary Health Centre,Yelwami,Zammiyi,Agbkeko South,Agbkeko State,Public,10.242446,9.928757,10.242446,plain,9.928757,plain,ok,,10.242446,9.928757,0.0,11.0,2.0,1.0,2.0,35.9,15.0,both,10.242446,9.928757,mif_consistent_with_register,
HF01316,Malduno Health Post,Health Post,Okewari,Zammiyi,Agbkeko South,Agbkeko State,Public,10.414329,10.315781,10.414329,plain,10.315781,plain,ok,,10.414329,10.315781,0.0,1.0,2.0,0.0,1.0,8.0,51.0,both,10.414329,10.315781,mif_consistent_with_register,
HF01257,Gwomiba Primary Health Centre,Primary Health Centre,Birjili,Daibama,Agbkeko Central,Agbkeko State,Private,9.434616,9.925679,9.434616,plain,9.925679,plain,ok,,9.434616,9.925679,3.0,4.0,5.0,0.0,2.0,46.0,19.0,both,9.434616,9.925679,mif_consistent_with_register,
HF00698,Agbtsiko Comprehensive Health Centre,Comprehensive Health Centre,Ekenushi,Adekowo,Tivbetu South,Tivbetu State,Public,8.546865,11.576843,8.546865,plain,11.576843,plain,ok,,8.546865,11.576843,3.0,1.0,12.0,4.0,0.0,57.1,11.0,both,8.546865,11.576843,mif_consistent_with_register,
HF00370,Baungota Primary Health Centre,Primary Health Centre,Sharama,Lokmata,Agbzatu Central,Agbzatu State,Public,6.735484,8.539168,6.735484,plain,8.539168,plain,ok,,6.735484,8.539168,0.0,0.0,3.0,1.0,2.0,14.3,50.0,both,6.735484,8.539168,mif_consistent_with_register,
HF00284,Agbwasa Comprehensive Health Centre,Comprehensive Health Centre,Daiyole,Malmaba LGA,Agbzatu North,Agbzatu State,Public,"7,772627","7,941249",7.772627,comma_decimal,7.941249,comma_decimal,ok,,,,,,,,,,,left_only,7.772627,7.941249,register,
HF00961,Lokratu General Hospital,General Hospital,Baulasa,Yobmija,Supwasa North,Supwasa State,Public,9.231796,10.251417,9.231796,plain,10.251417,plain,ok,,9.231796,10.251417,3.0,9.0,0.0,3.0,2.0,61.3,1.0,both,9.231796,10.251417,mif_consistent_with_register,
HF00717,Soknale Health Post,Health Post,Zambema,Tivrafa-West,Uzojina North,Uzojina State,Public,9.243735,7.777768,9.243735,plain,7.777768,plain,ok,,9.243735,7.777768,1.0,0.0,2.0,1.0,0.0,14.5,51.0,both,9.243735,7.777768,mif_consistent_with_register,
HF00710,Okezata Health Post,Health Post,Maldule,Tivrafa-West,Uzojina North,Uzojina State,Public,9.232631,7.726225,9.232631,plain,7.726225,plain,ok,,9.232631,7.726225,0.0,3.0,1.0,1.0,0.0,11.3,61.0,both,9.232631,7.726225,mif_consistent_with_register,
HF01058,Hanbaru Primary Health Centre,Primary Health Centre,Kadtini,Katdudu,Supwasa Central,Supwasa State,Public,10.155064,10.393141,10.155064,plain,10.393141,plain,ok,,10.155064,10.393141,2.0,9.0,7.0,2.0,1.0,55.0,18.0,both,10.155064,10.393141,mif_consistent_with_register,
HF00794,Funsasa Primary Health Centre,Primary Health Centre,Gwobako,NASSAKO-CENTRAL,Uzojina North,Uzojina State,Faith-based,8.87,7.52,8.87,plain,7.52,plain,ok,,8.869607,7.522145,2.0,1.0,6.0,0.0,1.0,29.5,26.0,both,8.869607,7.522145,mif_consistent_with_register,
HF00295,Zamjitu Health Post,Health Post,Adejisa,Supyoshi-East,Agbzatu North,Agbzatu State,Public,7.86684,7.46443,7.86684,plain,7.46443,plain,ok,,7.86684,7.46443,1.0,1.0,2.0,0.0,0.0,12.9,63.0,both,7.86684,7.46443,mif_consistent_with_register,
HF00756,Riyjima Health Post,Health Post,Banwama,Nasyotu,Uzojina North,Uzojina State,Public,9.021645,7.982298,9.021645,plain,7.982298,plain,ok,,,,,,,,,,,left_only,9.021645,7.982298,register,
HF00211,Zamlata Health Post,Health Post,Kuktsino,ADENAJA,Kukrima South,Kukrima State,Public,6.985067,10.553885,6.985067,plain,10.553885,plain,ok,,6.985067,10.553885,0.0,2.0,1.0,0.0,0.0,5.4,64.0,both,6.985067,10.553885,mif_consistent_with_register,
HF01087,Riymayi Cottage Hospital,Cottage Hospital,Baubama,Ekedeta-East,Supwasa South,Supwasa State,Public,9.617499,11.658015,9.617499,plain,11.658015,plain,ok,,9.617499,11.658015,6.0,1.0,15.0,2.0,0.0,58.8,1.0,both,9.617499,11.658015,mif_consistent_with_register,
HF01019,Adewata Primary Health Centre,Primary Health Centre,Kukngole,Funkedu,Supwasa Central,Supwasa State,Public,10.173192,11.26131,10.173192,plain,11.26131,plain,ok,,10.173192,11.26131,2.0,1.0,7.0,2.0,2.0,41.6,38.0,both,10.173192,11.26131,mif_consistent_with_register,
HF00343,Funyosa Primary Health Centre,Primary Health Centre,Bannayi,Zamkeri,Agbzatu Central,Agbzatu State,Public,6.763095,8.870277,6.763095,plain,8.870277,plain,ok,,6.763095,8.870277,0.0,5.0,10.0,0.0,0.0,23.2,34.0,both,6.763095,8.870277,mif_consistent_with_register,
HF00265,Okematu Primary Health Centre,Primary Health Centre,Gwoyota,AGBMITA,Agbzatu North,Agbzatu State,Faith-based,8.207244,8.201994,8.207244,plain,8.201994,plain,ok,,8.207244,8.201994,1.0,6.0,4.0,1.0,0.0,29.6,25.0,both,8.207244,8.201994,mif_consistent_with_register,
HF00038,Kadngole Primary Health Centre,Primary Health Centre,Dutmidu,Riylude-North,Kukrima North,Kukrima State,Public,6.54,9.84,6.54,plain,9.84,plain,ok,,6.539327,9.837906,0.0,5.0,3.0,4.0,0.0,29.3,32.0,both,6.539327,9.837906,mif_consistent_with_register,
HF00331,Wurtiri Health Post,Health Post,Daidushi,Gwodele-South ,Agbzatu North,Agbzatu State,Public,8.230303,7.48549,8.230303,plain,7.48549,plain,ok,,8.230303,7.48549,0.0,2.0,1.0,0.0,0.0,5.4,80.0,both,8.230303,7.48549,mif_consistent_with_register,
HF00778,Zamjimi Health Post,Health Post,Banlama,Nassako-Central,Uzojina North,Uzojina State,Public,8.327864,7.60835,8.327864,plain,7.60835,plain,ok,,8.327864,7.60835,0.0,1.0,2.0,0.0,1.0,8.0,70.0,both,8.327864,7.60835,mif_consistent_with_register,
HF01064,Kadkeba Health Post,Health Post,Banluwa,Okeyoru-South,Supwasa Central,Supwasa State,Public,9.809516,10.930568,9.809516,plain,10.930568,plain,ok,,9.809516,10.930568,0.0,1.0,2.0,1.0,1.0,11.7,81.0,both,9.809516,10.930568,mif_consistent_with_register,
HF00972,Banrale Primary Health Centre,Primary Health Centre,Wurkele,Wuryona,Supwasa North,Supwasa State,Public,9.860753,10.506397,9.860753,plain,10.506397,plain,ok,,9.860753,10.506397,1.0,2.0,1.0,1.0,1.0,20.7,14.0,both,9.860753,10.506397,mif_consistent_with_register,
HF00888,Wurnuna Primary Health Centre,Primary Health Centre,Wurzano,Uzorisa,Uzojina South,Uzojina State,Public,8.64188,9.500256,8.64188,plain,9.500256,plain,ok,,8.64188,9.500256,0.0,0.0,6.0,2.0,0.0,15.2,47.0,both,8.64188,9.500256,mif_consistent_with_register,
HF00270,Yobtija General Hospital,General Hospital,Dainani,Agbmita,Agbzatu North,Agbzatu State,Public,-3.871829,7.849982,-3.871829,plain,7.849982,plain,ok,,8.143003,7.849982,0.0,4.0,12.0,3.0,5.0,44.9,12.0,both,8.143003,7.849982,mif_preferred_register_unreliable,"Register coordinate (-3.871829, 7.849982) is 1323.4 km from the MIF point and not explained by an axis swap. Register value falls outside the boundary extent; MIF point used. FLAGGED FOR MANUAL FIELD VERIFICATION."
HF00758,Tamnuba Health Post,Health Post,Daiyona,TAMLUNI,Uzojina North,Uzojina State,Public,8.272339,7.730002,8.272339,plain,7.730002,plain,ok,,8.272339,7.730002,1.0,1.0,1.0,1.0,0.0,15.3,47.0,both,8.272339,7.730002,mif_consistent_with_register,
HF00958,Enunale Comprehensive Health Centre,Comprehensive Health Centre,Agbshako,Yobmija,Supwasa North,Supwasa State,Public,9.097046,10.324913,9.097046,plain,10.324913,plain,ok,,9.097046,10.324913,0.0,4.0,8.0,2.0,2.0,32.7,9.0,both,9.097046,10.324913,mif_consistent_with_register,
HF01263,Kuknuma Primary Health Centre,Primary Health Centre,Dailutu,Zamjidu,Agbkeko Central,Agbkeko State,Public,9.641493,10.12013,9.641493,plain,10.12013,plain,ok,,9.641493,10.12013,1.0,5.0,6.0,1.0,0.0,30.1,32.0,both,9.641493,10.12013,mif_consistent_with_register,
HF00015,Enumifa Health Post,Health Post,Enunasa,Katmaba,Kukrima North,Kukrima State,Public,5.8,9.14,5.8,plain,9.14,plain,ok,,5.803076,9.138595,0.0,1.0,2.0,1.0,0.0,8.4,68.0,both,5.803076,9.138595,mif_consistent_with_register,
HF01109,Baukemi Health Post,Health Post,Lokngode,Oluyofa,Supwasa South,Supwasa State,Public,9.136627,11.416771,9.136627,plain,11.416771,plain,ok,,9.136627,11.416771,0.0,1.0,0.0,0.0,0.0,2.1,58.0,both,9.136627,11.416771,mif_consistent_with_register,
HF01096,Olukosa Health Post,Health Post,Yelngomi,Baumiru,Supwasa South,Supwasa State,Public,8.972945,11.359946,8.972945,plain,11.359946,plain,ok,,,,,,,,,,,left_only,8.972945,11.359946,register,
HF01217,Josmide Primary Health Centre,Primary Health Centre,Birriwa,Yobrifa-West LGA,Agbkeko Central,Agbkeko State,Public,9.041771,9.476063,9.041771,plain,9.476063,plain,ok,,9.041771,9.476063,0.0,3.0,5.0,1.0,1.0,19.7,46.0,both,9.041771,9.476063,mif_consistent_with_register,
HF00857,Dutrini Health Post,Health Post,Olunumi,Wurkota,Uzojina Central,Uzojina State,Public,9.058125,8.672668,9.058125,plain,8.672668,plain,ok,,,,,,,,,,,left_only,9.058125,8.672668,register,
HF01039,Ngebaja Cottage Hospital,Cottage Hospital,Josmadu,Josmiba,Supwasa Central,Supwasa State,Private,10.533387,10.645043,10.533387,plain,10.645043,plain,ok,,10.533387,10.645043,9.0,13.0,0.0,0.0,0.0,55.0,18.0,both,10.533387,10.645043,mif_consistent_with_register,
HF01210,Gwotidu Comprehensive Health Centre,Comprehensive Health Centre,Sokmiwa,Daibewo,Agbkeko Central,Agbkeko State,Private,9.470118,9.360938,9.470118,plain,9.360938,plain,ok,,9.470118,9.360938,0.0,12.0,22.0,2.0,2.0,59.2,11.0,both,9.470118,9.360938,mif_consistent_with_register,
HF01292,Uzomali Health Post,Health Post,Supdesa,Enumija,Agbkeko South,Agbkeko State,Faith-based,10.576886,10.268479,10.576886,plain,10.268479,plain,ok,,10.576886,10.268479,0.0,2.0,2.0,0.0,0.0,6.7,55.0,both,10.576886,10.268479,mif_consistent_with_register,
HF00452,Uzonudu Primary Health Centre,Primary Health Centre,Okelaja,Daishako,Agbzatu South,Agbzatu State,Public,7.60869,8.8218,7.60869,plain,8.8218,plain,ok,,7.60869,8.8218,0.0,4.0,4.0,0.0,0.0,13.4,45.0,both,7.60869,8.8218,mif_consistent_with_register,
HF00643,Enutsina Health Post,Health Post,Ibayoja,Tamlufa-East,Tivbetu South,Tivbetu State,Public,8.643686,10.631172,8.643686,plain,10.631172,plain,ok,,8.643686,10.631172,0.0,2.0,0.0,0.0,1.0,7.5,70.0,both,8.643686,10.631172,mif_consistent_with_register,
HF00520,Kadmatu General Hospital,General Hospital,Supbena,Agbzawa-South LGA,Tivbetu North,Tivbetu State,Private,8.310584,9.836605,8.310584,plain,9.836605,plain,ok,,8.310584,9.836605,7.0,22.0,13.0,1.0,7.0,85.4,1.0,both,8.310584,9.836605,mif_consistent_with_register,
HF00598,Baumita Primary Health Centre,Primary Health Centre,Katlatu,Agblasa,Tivbetu Central,Tivbetu State,Public,7.280791,10.216623,7.280791,plain,10.216623,plain,ok,,,,,,,,,,,left_only,7.280791,10.216623,register,
HF01192,Kukyole Primary Health Centre,Primary Health Centre,Kuknayi,Yeltili,Agbkeko North,Agbkeko State,Public,10.199928,8.977081,10.199928,plain,8.977081,plain,ok,,10.199928,8.977081,1.0,1.0,2.0,0.0,0.0,12.9,36.0,both,10.199928,8.977081,mif_consistent_with_register,
HF01258,Wurrari Comprehensive Health Centre,Comprehensive Health Centre,Birjili,Daibama LGA,Agbkeko Central,Agbkeko State,Public,9.393802,9.979997,9.393802,plain,9.979997,plain,ok,,9.393802,9.979997,0.0,8.0,13.0,0.0,0.0,33.3,29.0,both,9.393802,9.979997,mif_consistent_with_register,
HF00538,Dailana Comprehensive Health Centre,Comprehensive Health Centre,Yelwana,Uzoberi,Tivbetu North,Tivbetu State,Public,8.666693,10.397508,8.666693,plain,10.397508,plain,ok,,8.666693,10.397508,2.0,7.0,7.0,0.0,0.0,40.0,16.0,both,8.666693,10.397508,mif_consistent_with_register,
HF00100,Okewama Health Post,Health Post,Gwosani,Yelkefa,Kukrima Central,Kukrima State,Public,7.586489,9.539469,7.586489,plain,9.539469,plain,ok,,7.586489,9.539469,0.0,2.0,1.0,0.0,0.0,5.4,65.0,both,7.586489,9.539469,mif_consistent_with_register,
HF00113,Tamnuni Health Post,Health Post,Banmashi,Lokbaru,Kukrima Central,Kukrima State,Public,"6°58'01.8""E","10°02'07.3""N",6.9671666666666665,dms,10.035361111111111,dms,ok,,6.96717,10.03537,0.0,1.0,1.0,0.0,0.0,3.4,68.0,both,6.96717,10.03537,mif_consistent_with_register,
HF00005,Yelluko Cottage Hospital,Cottage Hospital,Olumadu,Maltsimi,Kukrima North,Kukrima State,Public,6.219923,9.464022,6.219923,plain,9.464022,plain,ok,,,,,,,,,,,left_only,6.219923,9.464022,register,
HF00042,Yobtiko Primary Health Centre,Primary Health Centre,Ibarija,Riylude-North LGA,Kukrima North,Kukrima State,Public,6.549921,9.746958,6.549921,plain,9.746958,plain,ok,,6.549921,9.746958,0.0,2.0,2.0,2.0,1.0,17.6,48.0,both,6.549921,9.746958,mif_consistent_with_register,
HF00052,Adetija Primary Health Centre,Primary Health Centre,Wurjimi,Irolufa LGA,Kukrima North,Kukrima State,Public,6.104447,9.650465,6.104447,plain,9.650465,plain,ok,,6.104447,9.650465,3.0,8.0,4.0,1.0,1.0,53.5,12.0,both,6.104447,9.650465,mif_consistent_with_register,
HF00363,Nasrimi Primary Health Centre,Primary Health Centre,Tivlana,Lokmata,Agbzatu Central,Agbzatu State,Public,6.327128,8.744952,6.327128,plain,8.744952,plain,ok,,6.327128,8.744952,2.0,3.0,6.0,1.0,1.0,37.4,12.0,both,6.327128,8.744952,mif_consistent_with_register,
HF00896,Malluli Comprehensive Health Centre,Comprehensive Health Centre,Lokyofa,LOKSAYI,Uzojina South,Uzojina State,Public,8.390438,8.815405,8.390438,plain,8.815405,plain,ok,,8.390438,8.815405,3.0,0.0,18.0,3.0,0.0,55.9,5.0,both,8.390438,8.815405,mif_consistent_with_register,
HF00004,Oluyoja Health Post,Health Post,Katzano,Maltsimi,Kukrima North,Kukrima State,Public,6.201218,9.424269,6.201218,plain,9.424269,plain,ok,,6.201218,9.424269,0.0,2.0,2.0,0.0,0.0,6.7,72.0,both,6.201218,9.424269,mif_consistent_with_register,
HF00153,Nasshami Primary Health Centre,Primary Health Centre,Hanluta,Wurmashi,Kukrima Central,Kukrima State,Public,7.39,10.09,7.39,plain,10.09,plain,ok,,7.386554,10.091184,1.0,4.0,0.0,0.0,2.0,23.2,29.0,both,7.386554,10.091184,mif_consistent_with_register,
HF01170,Kukdesa Primary Health Centre,Primary Health Centre,Shangodu,Ngenuta-Central,Agbkeko North,Agbkeko State,Public,10.296369,8.727731,10.296369,plain,8.727731,plain,ok,,10.296369,8.727731,1.0,1.0,3.0,1.0,1.0,21.2,20.0,both,10.296369,8.727731,mif_consistent_with_register,
HF00147,Katkoli Primary Health Centre,Primary Health Centre,Banrija,Wurmashi,Kukrima Central,Kukrima State,Public,7.076038,10.222401,7.076038,plain,10.222401,plain,ok,,7.076038,10.222401,2.0,1.0,3.0,1.0,2.0,32.8,15.0,both,7.076038,10.222401,mif_consistent_with_register,
HF00091,Ekemiwa Primary Health Centre,Primary Health Centre,Ekerini,Yelkefa ,Kukrima Central,Kukrima State,Public,7.33846,9.544489,7.33846,plain,9.544489,plain,ok,,,,,,,,,,,left_only,7.33846,9.544489,register,
HF01156,Oluzama Health Post,Health Post,Tivdewo,Jostile ,Agbkeko North,Agbkeko State,Public,9.846378,9.486986,9.846378,plain,9.486986,plain,ok,,9.846378,9.486986,0.0,1.0,0.0,0.0,0.0,2.1,53.0,both,9.846378,9.486986,mif_consistent_with_register,
HF00195,Okeriru Cottage Hospital,Cottage Hospital,Zamkono,Umumitu,Kukrima South,Kukrima State,Private,"6°38'34.7""E","10°54'45.0""N",6.642972222222221,dms,10.9125,dms,ok,,6.642976,10.912504,10.0,25.0,29.0,4.0,4.0,100.0,1.0,both,6.642976,10.912504,mif_consistent_with_register,
HF01235,Daingowo General Hospital,General Hospital,Gwobeno,Hanjile,Agbkeko Central,Agbkeko State,Public,9.664444,9.539778,9.664444,plain,9.539778,plain,ok,,9.664444,9.539778,0.0,0.0,0.0,7.0,7.0,25.0,39.0,both,9.664444,9.539778,mif_consistent_with_register,
HF01149,Sokyole Primary Health Centre,Primary Health Centre,Riynawa,Lokshasa,Agbkeko North,Agbkeko State,Public,10.454715,9.335704,10.454715,plain,9.335704,plain,ok,,10.454715,9.335704,0.0,1.0,0.0,0.0,0.0,2.1,53.0,both,10.454715,9.335704,mif_consistent_with_register,
HF00862,Dairata Primary Health Centre,Primary Health Centre,Ekebawa,Wurkota,Uzojina Central,Uzojina State,Public,9.257766,8.798446,9.257766,plain,8.798446,plain,ok,,9.257766,8.798446,1.0,4.0,2.0,0.0,0.0,19.1,34.0,both,9.257766,8.798446,mif_consistent_with_register,
HF00536,Enumiri Comprehensive Health Centre,Comprehensive Health Centre,Duttsita,Uzoberi,Tivbetu North,Tivbetu State,Private,8.732364,10.241774,8.732364,plain,10.241774,plain,ok,,,,,,,,,,,left_only,8.732364,10.241774,register,
HF00105,Yelzade Health Post,Health Post,Banluma,Yelkefa,Kukrima Central,Kukrima State,Public,7.560141,9.684515,7.560141,plain,9.684515,plain,ok,,7.560141,9.684515,0.0,1.0,1.0,0.0,0.0,3.4,68.0,both,7.560141,9.684515,mif_consistent_with_register,
HF00550,Hankeko Comprehensive Health Centre,Comprehensive Health Centre,Ekebemi,Malbawo-Central,Tivbetu North,Tivbetu State,Public,7.718681,9.53098,7.718681,plain,9.53098,plain,ok,,7.718681,9.53098,3.0,2.0,6.0,0.0,4.0,46.5,11.0,both,7.718681,9.53098,mif_consistent_with_register,
HF00600,Supnale Primary Health Centre,Primary Health Centre,Daikema,Agblasa,Tivbetu Central,Tivbetu State,Private,7.550657,10.253187,7.550657,plain,10.253187,plain,ok,,7.550657,10.253187,3.0,2.0,5.0,2.0,0.0,42.7,15.0,both,7.550657,10.253187,mif_consistent_with_register,
HF00566,Bantsimi Primary Health Centre,Primary Health Centre,Oluyoko,Ibajija-South,Tivbetu Central,Tivbetu State,Public,7.119101,10.99749,7.119101,plain,10.99749,plain,ok,,7.119101,10.99749,0.0,9.0,4.0,1.0,0.0,27.6,33.0,both,7.119101,10.99749,mif_consistent_with_register,
HF01259,Ekerami Primary Health Centre,Primary Health Centre,Riytsina,Zamjidu ,Agbkeko Central,Agbkeko State,Public,9.555371,10.111013,9.555371,plain,10.111013,plain,ok,,9.555371,10.111013,0.0,4.0,2.0,2.0,2.0,25.1,38.0,both,9.555371,10.111013,mif_consistent_with_register,
HF00644,Enunudu Health Post,Health Post,Ibayoja,Tamlufa-East,Tivbetu South,Tivbetu State,Public,8.719519,10.689064,8.719519,plain,10.689064,plain,ok,,8.719519,10.689064,0.0,2.0,2.0,1.0,0.0,10.5,65.0,both,8.719519,10.689064,mif_consistent_with_register,
HF00649,Enuride Primary Health Centre,Primary Health Centre,Katduba,Tamlufa-East,Tivbetu South,Tivbetu State,Private,8.787756,10.695032,8.787756,plain,10.695032,plain,ok,,8.787756,10.695032,0.0,6.0,8.0,3.0,0.0,34.0,27.0,both,8.787756,10.695032,mif_consistent_with_register,
HF00255,Yobtitu Primary Health Centre,Primary Health Centre,Kadbetu,Agbmita,Agbzatu North,Agbzatu State,Public,7.826075,8.349803,7.826075,plain,8.349803,plain,ok,,7.826075,8.349803,1.0,3.0,4.0,1.0,1.0,26.7,33.0,both,7.826075,8.349803,mif_consistent_with_register,
HF00873,Fundefa Primary Health Centre,Primary Health Centre,Kukmiyi,Olubani-South,Uzojina South,Uzojina State,Public,8.109248,8.406026,8.109248,plain,8.406026,plain,ok,,8.109248,8.406026,1.0,4.0,4.0,0.0,0.0,21.7,36.0,both,8.109248,8.406026,mif_consistent_with_register,
HF00746,Yelberu Primary Health Centre,Primary Health Centre,Bausako,NASYOTU,Uzojina North,Uzojina State,Private,8.682355,8.102501,8.682355,plain,8.102501,plain,ok,,8.682355,8.102501,2.0,8.0,4.0,0.0,1.0,41.6,13.0,both,8.682355,8.102501,mif_consistent_with_register,
HF00311,Shashaba Primary Health Centre,Primary Health Centre,Gwonade,Josduri-South,Agbzatu North,Agbzatu State,Faith-based,7.694136,7.57436,7.694136,plain,7.57436,plain,ok,,7.694136,7.57436,1.0,3.0,3.0,1.0,0.0,22.1,37.0,both,7.694136,7.57436,mif_consistent_with_register,
HF00774,Shakoyi Comprehensive Health Centre,Comprehensive Health Centre,Uzosawo,Tamluni,Uzojina North,Uzojina State,Public,8.572348,7.956988,8.572348,plain,7.956988,plain,ok,,8.572348,7.956988,2.0,8.0,7.0,2.0,0.0,49.6,5.0,both,8.572348,7.956988,mif_consistent_with_register,
HF00749,Ekengona Primary Health Centre,Primary Health Centre,Kuknadu,Nasyotu,Uzojina North,Uzojina State,Public,8.850089,7.919349,8.850089,plain,7.919349,plain,ok,,8.850089,7.919349,0.0,8.0,5.0,1.0,1.0,30.1,25.0,both,8.850089,7.919349,mif_consistent_with_register,
HF01206,Ibatiba Comprehensive Health Centre,Comprehensive Health Centre,Sokbedu,Daibewo,Agbkeko Central,Agbkeko State,Public,9.368564,9.181111,9.368564,plain,9.181111,plain,ok,,9.368564,9.181111,0.0,11.0,0.0,6.0,0.0,37.9,24.0,both,9.368564,9.181111,mif_consistent_with_register,
HF00445,Hanketu Primary Health Centre,Primary Health Centre,Malkori,Agbngoru,Agbzatu South,Agbzatu State,Public,7.716927,8.49926,7.716927,plain,8.49926,plain,ok,,7.716927,8.49926,0.0,6.0,3.0,1.0,1.0,23.4,31.0,both,7.716927,8.49926,mif_consistent_with_register,
HF00879,Shawasa Health Post,Health Post,Wurlutu,Olubani-South ,Uzojina South,Uzojina State,Private,8.458121,8.495552,8.458121,plain,8.495552,plain,ok,,8.458121,8.495552,0.0,0.0,3.0,1.0,0.0,7.6,65.0,both,8.458121,8.495552,mif_consistent_with_register,
HF00930,Wuryoni General Hospital,General Hospital,Tivtsisa,Zamberi-North,Uzojina South,Uzojina State,Public,8.523822,8.910009,8.523822,plain,8.910009,plain,ok,,8.523822,8.910009,11.0,11.0,25.0,6.0,5.0,97.9,1.0,both,8.523822,8.910009,mif_consistent_with_register,
HF00978,Shamaja Health Post,Health Post,Sokdeba,Zambani,Supwasa Central,Supwasa State,Public,9.848304,11.03691,9.848304,plain,11.03691,plain,ok,,9.848304,11.03691,1.0,2.0,3.0,0.0,1.0,19.6,65.0,both,9.848304,11.03691,mif_consistent_with_register,
HF00192,Funnani Primary Health Centre,Primary Health Centre,Tivsawo,Umumitu,Kukrima South,Kukrima State,Public,6.552121,10.794518,6.552121,plain,10.794518,plain,ok,,6.552121,10.794518,3.0,8.0,10.0,0.0,0.0,54.1,16.0,both,6.552121,10.794518,mif_consistent_with_register,
HF00499,Baumima Health Post,Health Post,Kukbeja,Agbtsiko,Tivbetu North,Tivbetu State,Public,7.99139,9.912396,7.99139,plain,9.912396,plain,ok,,7.99139,9.912396,0.0,1.0,3.0,0.0,1.0,9.3,68.0,both,7.99139,9.912396,mif_consistent_with_register,
HF00747,Umutimi Health Post,Health Post,Bausako,Nasyotu,Uzojina North,Uzojina State,Public,8.806199,7.998375,8.806199,plain,7.998375,plain,ok,,,,,,,,,,,left_only,8.806199,7.998375,register,
HF01094,Kadrija Health Post,Health Post,Yelngomi,Baumiru,Supwasa South,Supwasa State,Public,8.998953,11.399235,8.998953,plain,11.399235,plain,ok,,8.998953,11.399235,0.0,2.0,3.0,1.0,0.0,11.8,42.0,both,8.998953,11.399235,mif_consistent_with_register,
HF00534,Olubawa Cottage Hospital,Cottage Hospital,Ekebewa,Uzoberi,Tivbetu North,Tivbetu State,Public,8.498951,10.387755,8.498951,plain,10.387755,plain,ok,,8.498951,10.387755,2.0,3.0,19.0,0.0,0.0,42.7,13.0,both,8.498951,10.387755,mif_consistent_with_register,
HF00313,Ekebesa Health Post,Health Post,Gwonade,Josduri-South LGA,Agbzatu North,Agbzatu State,Public,7.639672,7.535651,7.639672,plain,7.535651,plain,ok,,7.639672,7.535651,1.0,1.0,0.0,0.0,0.0,10.3,72.0,both,7.639672,7.535651,mif_consistent_with_register,
HF01063,Kadnana Cottage Hospital,Cottage Hospital,Banluwa,Okeyoru-South,Supwasa Central,Supwasa State,Public,9.828417,10.937464,9.828417,plain,10.937464,plain,ok,,9.828417,10.937464,6.0,0.0,2.0,0.0,3.0,42.6,36.0,both,9.828417,10.937464,mif_consistent_with_register,
HF00834,Josyori Primary Health Centre,Primary Health Centre,Yobbafa,Yeltsina LGA,Uzojina Central,Uzojina State,Private,9.757267,8.792874,9.757267,plain,8.792874,plain,ok,,9.757267,8.792874,0.0,0.0,4.0,1.0,2.0,15.5,44.0,both,9.757267,8.792874,mif_consistent_with_register,
HF00047,Dainuwo Comprehensive Health Centre,Comprehensive Health Centre,Tamyowa,Irolufa,Kukrima North,Kukrima State,Private,5.913583,9.778972,5.913583,plain,9.778972,plain,ok,,5.913583,9.778972,2.0,7.0,8.0,1.0,3.0,55.0,10.0,both,5.913583,9.778972,mif_consistent_with_register,
HF00845,Uzobesa Primary Health Centre,Primary Health Centre,Gwoyowo,Adelaja North,Uzojina Central,Uzojina State,Public,9.226196,8.565027,9.226196,plain,8.565027,plain,ok,,9.226196,8.565027,0.0,3.0,1.0,1.0,0.0,11.3,50.0,both,9.226196,8.565027,mif_consistent_with_register,
HF00009,Adekoshi Health Post,Health Post,Dutkoko,Maltsimi ,Kukrima North,Kukrima State,Public,6.287578,9.305531,6.287578,plain,9.305531,plain,ok,,6.287578,9.305531,0.0,2.0,0.0,1.0,0.0,7.9,71.0,both,6.287578,9.305531,mif_consistent_with_register,
HF00789,Hanshami Primary Health Centre,Primary Health Centre,Daitisa,Nassako-Central,Uzojina North,Uzojina State,Public,8.5302,7.653698,8.5302,plain,7.653698,plain,ok,,8.5302,7.653698,2.0,2.0,5.0,2.0,1.0,37.8,17.0,both,8.5302,7.653698,mif_consistent_with_register,
HF00839,Irodule Primary Health Centre,Primary Health Centre,Funwashi,Dutkeni,Uzojina Central,Uzojina State,Public,9.750554,8.734666,9.750554,plain,8.734666,plain,ok,,9.750554,8.734666,0.0,3.0,0.0,0.0,0.0,6.2,56.0,both,9.750554,8.734666,mif_consistent_with_register,
HF00090,Lokkeli Health Post,Health Post,Ekerini,Yelkefa,Kukrima Central,Kukrima State,Public,7.301828,9.47408,7.301828,plain,9.47408,plain,ok,,,,,,,,,,,left_only,7.301828,9.47408,register,
HF00128,Dutshari Health Post,Health Post,Jostsili,Tambemi,Kukrima Central,Kukrima State,Private,6.874655,9.673279,6.874655,plain,9.673279,plain,ok,,6.874655,9.673279,0.0,0.0,1.0,0.0,0.0,1.3,75.0,both,6.874655,9.673279,mif_consistent_with_register,
HF00276,Oketside Health Post,Health Post,Kukyoba,Malmaba,Agbzatu North,Agbzatu State,Public,7.544852,8.118132,7.544852,plain,8.118132,plain,ok,,7.544852,8.118132,0.0,2.0,2.0,0.0,0.0,6.7,77.0,both,7.544852,8.118132,mif_consistent_with_register,
HF00477,Supjisa Primary Health Centre,Primary Health Centre,Yobbeko,Ngetija,Agbzatu South,Agbzatu State,Public,7.72612,9.239025,7.72612,plain,9.239025,plain,ok,,7.72612,9.239025,1.0,8.0,3.0,2.0,1.0,39.6,15.0,both,7.72612,9.239025,mif_consistent_with_register,
HF00288,Kuklade General Hospital,General Hospital,Daisale,Supyoshi-East,Agbzatu North,Agbzatu State,Public,7.662236,7.486589,7.662236,plain,7.486589,plain,ok,,7.662236,7.486589,0.0,23.0,15.0,1.0,1.0,51.3,6.0,both,7.662236,7.486589,mif_consistent_with_register,
HF00519,Olurashi Primary Health Centre,Primary Health Centre,Supbena,Agbzawa-South,Tivbetu North,Tivbetu State,Public,8.357055,9.828162,8.357055,plain,9.828162,plain,ok,,8.357055,9.828162,2.0,3.0,6.0,1.0,0.0,34.1,18.0,both,8.357055,9.828162,mif_consistent_with_register,
HF00613,Irozako Health Post,Health Post,Riyshawa,Ironama,Tivbetu Central,Tivbetu State,Public,7.550008,10.72978,7.550008,plain,10.72978,plain,ok,,7.550008,10.72978,0.0,2.0,1.0,0.0,0.0,5.4,56.0,both,7.550008,10.72978,mif_consistent_with_register,
HF00501,Ademasa Primary Health Centre,Primary Health Centre,Zamlama,Agbtsiko,Tivbetu North,Tivbetu State,Public,7.94622,10.19662,7.94622,plain,10.19662,plain,ok,,7.94622,10.19662,0.0,1.0,6.0,1.0,2.0,20.2,47.0,both,7.94622,10.19662,mif_consistent_with_register,
HF00595,Yelrawo Primary Health Centre,Primary Health Centre,Riyjiwo,Okerano-Central,Tivbetu Central,Tivbetu State,Public,-4.374758,11.376683,-4.374758,plain,11.376683,plain,ok,,7.317469,11.376683,2.0,3.0,9.0,2.0,0.0,41.7,16.0,both,7.317469,11.376683,mif_preferred_register_unreliable,"Register coordinate (-4.374758, 11.376683) is 1274.5 km from the MIF point and not explained by an axis swap. Register value falls outside the boundary extent; MIF point used. FLAGGED FOR MANUAL FIELD VERIFICATION."
HF00694,Yelkele Health Post,Health Post,Dutrama,Adekowo,Tivbetu South,Tivbetu State,Public,8.459204,11.615395,8.459204,plain,11.615395,plain,ok,,8.459204,11.615395,1.0,1.0,1.0,0.0,0.0,11.6,63.0,both,8.459204,11.615395,mif_consistent_with_register,
HF00316,Adedema Health Post,Health Post,Sokshayi,Josduri-South,Agbzatu North,Agbzatu State,Public,7.621859,7.423601,7.621859,plain,7.423601,plain,ok,,7.621859,7.423601,0.0,2.0,1.0,0.0,0.0,5.4,80.0,both,7.621859,7.423601,mif_consistent_with_register,
HF00904,Agbludu Health Post,Health Post,Uzowadu,Hansatu,Uzojina South,Uzojina State,Public,9.34602,8.974446,9.34602,plain,8.974446,plain,ok,,8.974446,9.34602,0.0,2.0,3.0,1.0,0.0,11.8,53.0,both,8.974446,9.34602,mif_register_axis_swap_corrected,"Register had lon/lat swapped (register lon=9.346020, lat=8.974446); corrected using MIF point."
HF00384,Adenuyi Primary Health Centre,Primary Health Centre,Kadjino,Enutifa,Agbzatu Central,Agbzatu State,Private,7.035096,7.921151,7.035096,plain,7.921151,plain,ok,,7.035096,7.921151,0.0,3.0,5.0,1.0,0.0,16.4,44.0,both,7.035096,7.921151,mif_consistent_with_register,
HF00360,Katkewa Health Post,Health Post,Funzako,IROSAJA,Agbzatu Central,Agbzatu State,Public,"6°39'58.4""E","8°02'24.0""N",6.666222222222222,dms,8.04,dms,ok,,6.666217,8.04,0.0,1.0,3.0,0.0,0.0,5.9,62.0,both,6.666217,8.04,mif_consistent_with_register,
HF01236,Nasjile Comprehensive Health Centre,Comprehensive Health Centre,Gwobeno,Hanjile,Agbkeko Central,Agbkeko State,Public,9.687848,9.563436,9.687848,plain,9.563436,plain,ok,,9.687848,9.563436,0.0,15.0,13.0,0.0,3.0,51.6,14.0,both,9.687848,9.563436,mif_consistent_with_register,
HF00700,Ibayona Primary Health Centre,Primary Health Centre,Sokshano,Adekowo,Tivbetu South,Tivbetu State,Private,8.704254,11.603649,8.704254,plain,11.603649,plain,ok,,8.704254,11.603649,0.0,1.0,5.0,0.0,1.0,11.8,60.0,both,8.704254,11.603649,mif_consistent_with_register,
HF01227,Adesata Primary Health Centre,Primary Health Centre,Sharishi,Yobrifa-West,Agbkeko Central,Agbkeko State,Public,9.261461,9.688894,9.261461,plain,9.688894,plain,ok,,9.261461,9.688894,2.0,7.0,10.0,0.0,2.0,50.5,15.0,both,9.261461,9.688894,mif_consistent_with_register,
HF00763,Birbeta Health Post,Health Post,Riylale,Tamluni,Uzojina North,Uzojina State,Public,8.428366,7.816138,8.428366,plain,7.816138,plain,ok,,,,,,,,,,,left_only,8.428366,7.816138,register,
HF00012,Daiyode Health Post,Health Post,Maltsisa,Katmaba,Kukrima North,Kukrima State,Public,5.755545,9.381572,5.755545,plain,9.381572,plain,ok,,5.755545,9.381572,0.0,2.0,3.0,0.0,1.0,11.3,61.0,both,5.755545,9.381572,mif_consistent_with_register,
HF00075,Yelwadu Primary Health Centre,Primary Health Centre,Supnami,Ibabani,Kukrima North,Kukrima State,Public,6.385216,9.256285,6.385216,plain,9.256285,plain,ok,,6.385216,9.256285,1.0,0.0,0.0,1.0,0.0,12.0,60.0,both,6.385216,9.256285,mif_consistent_with_register,
HF00193,Shayowo Health Post,Health Post,Zamkono,Umumitu,Kukrima South,Kukrima State,Public,6.669691,10.941114,6.669691,plain,10.941114,plain,ok,,6.669691,10.941114,1.0,2.0,2.0,0.0,0.0,14.9,52.0,both,6.669691,10.941114,mif_consistent_with_register,
HF00177,Okeyotu Health Post,Health Post,Baujina,DAIZADE,Kukrima South,Kukrima State,Public,6.184442,10.395017,6.184442,plain,10.395017,plain,ok,,6.184442,10.395017,0.0,1.0,1.0,0.0,0.0,3.4,66.0,both,6.184442,10.395017,mif_consistent_with_register,
HF01057,Ngezashi Health Post,Health Post,Wurtsiwa,KATDUDU,Supwasa Central,Supwasa State,Private,10.01078,10.418029,10.01078,plain,10.418029,plain,ok,,10.01078,10.418029,0.0,2.0,1.0,0.0,0.0,5.4,94.0,both,10.01078,10.418029,mif_consistent_with_register,
HF00071,Irolali Primary Health Centre,Primary Health Centre,Sokdema,Shajima,Kukrima North,Kukrima State,Public,6.013656,9.452195,6.013656,plain,9.452195,plain,ok,,6.013656,9.452195,0.0,6.0,2.0,1.0,2.0,25.5,36.0,both,6.013656,9.452195,mif_consistent_with_register,
HF01209,Shatsiwa Health Post,Health Post,Shayoshi,Daibewo,Agbkeko Central,Agbkeko State,Public,9.397927,9.548282,9.397927,plain,9.548282,plain,ok,,9.397927,9.548282,1.0,0.0,3.0,1.0,0.0,15.8,51.0,both,9.397927,9.548282,mif_consistent_with_register,
HF00175,Uzokodu Primary Health Centre,Primary Health Centre,Yobzasa,Zamnuni-North,Kukrima South,Kukrima State,Public,6.9515,10.128821,6.9515,plain,10.128821,plain,ok,,6.9515,10.128821,1.0,0.0,4.0,0.0,2.0,20.0,41.0,both,6.9515,10.128821,mif_consistent_with_register,
HF00918,Oluladu Primary Health Centre,Primary Health Centre,Josmako,Banluwo,Uzojina South,Uzojina State,Public,8.776158,8.561835,8.776158,plain,8.561835,plain,ok,,8.776158,8.561835,1.0,0.0,7.0,2.0,0.0,24.7,31.0,both,8.776158,8.561835,mif_consistent_with_register,
HF01314,Joskode Primary Health Centre,Primary Health Centre,Oluzana,Zammiyi,Agbkeko South,Agbkeko State,Public,10.3036,10.09922,10.3036,plain,10.09922,plain,ok,,10.3036,10.09922,0.0,6.0,5.0,0.0,1.0,22.2,28.0,both,10.3036,10.09922,mif_consistent_with_register,
HF01086,Katrishi Primary Health Centre,Primary Health Centre,Baubama,Ekedeta-East,Supwasa South,Supwasa State,Public,9.553317,11.586868,9.553317,plain,11.586868,plain,ok,,9.553317,11.586868,0.0,4.0,4.0,0.0,1.0,16.8,32.0,both,9.553317,11.586868,mif_consistent_with_register,
HF00440,Birmide Primary Health Centre,Primary Health Centre,Enurita,Agbngoru,Agbzatu South,Agbzatu State,Public,,,,missing,,missing,missing_coordinates,,7.471141,8.515684,0.0,3.0,3.0,0.0,2.0,16.8,39.0,both,7.471141,8.515684,mif_only_register_missing,
HF01202,Lokjita Primary Health Centre,Primary Health Centre,Suptini,Daibewo,Agbkeko Central,Agbkeko State,Faith-based,9.335028,9.41156,9.335028,plain,9.41156,plain,ok,,9.335028,9.41156,0.0,3.0,5.0,2.0,1.0,23.5,40.0,both,9.335028,9.41156,mif_consistent_with_register,
HF01221,Tivjino General Hospital,General Hospital,Shaluja,Yobrifa-West,Agbkeko Central,Agbkeko State,Private,9.132241,9.639112,9.132241,plain,9.639112,plain,ok,,9.132241,9.639112,3.0,10.0,14.0,3.0,6.0,84.6,5.0,both,9.132241,9.639112,mif_consistent_with_register,
HF01298,Sokrishi Health Post,Health Post,Malludu,Enumija,Agbkeko South,Agbkeko State,Public,10.814573,10.149264,10.814573,plain,10.149264,plain,ok,,10.814573,10.149264,0.0,2.0,1.0,0.0,1.0,8.8,47.0,both,10.814573,10.149264,mif_consistent_with_register,
HF00008,Zamrili Health Post,Health Post,Dutkoko,Maltsimi,Kukrima North,Kukrima State,Public,6.31174,9.306027,6.31174,plain,9.306027,plain,ok,,6.31174,9.306027,0.0,0.0,3.0,0.0,0.0,3.8,84.0,both,6.31174,9.306027,mif_consistent_with_register,
HF00185,Irozaja Health Post,Health Post,Dainali,Daizade,Kukrima South,Kukrima State,Public,6.532454,10.528277,6.532454,plain,10.528277,plain,ok,,6.532454,10.528277,0.0,2.0,2.0,0.0,0.0,6.7,61.0,both,6.532454,10.528277,mif_consistent_with_register,
HF00387,Gworifa Primary Health Centre,Primary Health Centre,Birnushi,Enutifa ,Agbzatu Central,Agbzatu State,Public,7.121138,8.161883,7.121138,plain,8.161883,plain,ok,,7.121138,8.161883,0.0,0.0,3.0,0.0,0.0,3.8,72.0,both,7.121138,8.161883,mif_consistent_with_register,
HF00847,Uzotsisa Primary Health Centre,Primary Health Centre,Tambawa,Adelaja-North,Uzojina Central,Uzojina State,Public,9.411792,8.428875,9.411792,plain,8.428875,plain,ok,,9.411792,8.428875,0.0,5.0,4.0,0.0,1.0,18.9,35.0,both,9.411792,8.428875,mif_consistent_with_register,
HF00021,Joskowa Primary Health Centre,Primary Health Centre,Loklude,Uzoluni,Kukrima North,Kukrima State,Public,6.302085,8.752193,6.302085,plain,8.752193,plain,ok,,6.302085,8.752193,0.0,5.0,3.0,1.0,0.0,18.0,47.0,both,6.302085,8.752193,mif_consistent_with_register,
HF01315,Hannana Primary Health Centre,Primary Health Centre,Okewari,Zammiyi,Agbkeko South,Agbkeko State,Public,10.412017,10.296785,10.412017,plain,10.296785,plain,ok,,10.412017,10.296785,3.0,5.0,0.0,1.0,1.0,42.2,13.0,both,10.412017,10.296785,mif_consistent_with_register,
HF01040,Katnuna Primary Health Centre,Primary Health Centre,Josmadu,Josmiba,Supwasa Central,Supwasa State,Public,10.598331,10.657604,10.598331,plain,10.657604,plain,ok,,10.598331,10.657604,0.0,4.0,1.0,1.0,1.0,16.7,68.0,both,10.598331,10.657604,mif_consistent_with_register,
HF01140,Birmayi Primary Health Centre,Primary Health Centre,Ekeriri,Sokmiri,Agbkeko North,Agbkeko State,Public,9.654445,8.904026,9.654445,plain,8.904026,plain,ok,,9.654445,8.904026,0.0,2.0,1.0,1.0,0.0,9.2,42.0,both,9.654445,8.904026,mif_consistent_with_register,
HF01226,Riytima Primary Health Centre,Primary Health Centre,Sharishi,Yobrifa-West,Agbkeko Central,Agbkeko State,Public,9.324263,9.671112,9.324263,plain,9.671112,plain,ok,,9.324263,9.671112,0.0,4.0,6.0,1.0,1.0,23.1,42.0,both,9.324263,9.671112,mif_consistent_with_register,
HF00556,Gwokomi Health Post,Health Post,Sokdushi,Soktimi,Tivbetu North,Tivbetu State,Public,7.678294,10.061189,7.678294,plain,10.061189,plain,ok,,7.678294,10.061189,0.0,1.0,1.0,0.0,0.0,3.4,80.0,both,7.678294,10.061189,mif_consistent_with_register,
HF00179,Bantiwa Primary Health Centre,Primary Health Centre,Baujina,Daizade,Kukrima South,Kukrima State,Private,6.1876,10.385132,6.1876,plain,10.385132,plain,ok,,6.1876,10.385132,0.0,7.0,6.0,0.0,5.0,32.3,30.0,both,6.1876,10.385132,mif_consistent_with_register,
HF00176,Dutyona Health Post,Health Post,Riynushi,Zamnuni North,Kukrima South,Kukrima State,Private,6.94361,10.311698,6.94361,plain,10.311698,plain,ok,,6.94361,10.311698,0.0,1.0,3.0,1.0,0.0,9.7,59.0,both,6.94361,10.311698,mif_consistent_with_register,
HF01041,Katnuja Comprehensive Health Centre,Comprehensive Health Centre,Daiwana,Josmiba,Supwasa Central,Supwasa State,Faith-based,10.65345,10.460045,10.65345,plain,10.460045,plain,ok,,10.65345,10.460045,0.0,7.0,19.0,1.0,0.0,38.3,43.0,both,10.65345,10.460045,mif_consistent_with_register,
HF00138,Shasashi Primary Health Centre,Primary Health Centre,Malsana,Gwolama,Kukrima Central,Kukrima State,Public,7.003928,9.546265,7.003928,plain,9.546265,plain,ok,,7.003928,9.546265,1.0,3.0,6.0,0.0,1.0,25.5,24.0,both,7.003928,9.546265,mif_consistent_with_register,
HF00559,Tamjima Health Post,Health Post,Birtima,Soktimi,Tivbetu North,Tivbetu State,Public,7.562021,10.015408,7.562021,plain,10.015408,plain,ok,,7.562021,10.015408,0.0,1.0,3.0,0.0,0.0,5.9,76.0,both,7.562021,10.015408,mif_consistent_with_register,
HF00152,Yeljimi Comprehensive Health Centre,Comprehensive Health Centre,Hanluta,Wurmashi,Kukrima Central,Kukrima State,Public,7.327791,10.127443,7.327791,plain,10.127443,plain,ok,,7.327791,10.127443,0.0,4.0,7.0,2.0,1.0,28.1,20.0,both,7.327791,10.127443,mif_consistent_with_register,
HF00381,Ekeduna Primary Health Centre,Primary Health Centre,Soktiri,Dutzama,Agbzatu Central,Agbzatu State,Public,6.913649,7.926184,6.913649,plain,7.926184,plain,ok,,,,,,,,,,,left_only,6.913649,7.926184,register,
HF00526,Kuklata Health Post,Health Post,Kukmatu,Hansaba ,Tivbetu North,Tivbetu State,Private,8.473404,9.812121,8.473404,plain,9.812121,plain,ok,,8.473404,9.812121,1.0,2.0,2.0,0.0,0.0,14.9,56.0,both,8.473404,9.812121,mif_consistent_with_register,
HF00993,Kadmiba Primary Health Centre,Primary Health Centre,Irokoni,Zambani,Supwasa Central,Supwasa State,Public,10.183303,10.922474,10.183303,plain,10.922474,plain,ok,,10.183303,10.922474,3.0,4.0,6.0,1.0,1.0,47.7,28.0,both,10.183303,10.922474,mif_consistent_with_register,
HF00796,Maljiko Primary Health Centre,Primary Health Centre,Yelbeba,Tamwata-South,Uzojina Central,Uzojina State,Public,10.013204,8.337604,10.013204,plain,8.337604,plain,ok,,10.013204,8.337604,0.0,3.0,4.0,0.0,0.0,11.4,49.0,both,10.013204,8.337604,mif_consistent_with_register,
HF00812,Ngetifa Primary Health Centre,Primary Health Centre,Daizana,DAISHALI-CENTRAL,Uzojina Central,Uzojina State,Public,8.965216,8.403839,8.965216,plain,8.403839,plain,ok,,8.965216,8.403839,1.0,7.0,0.0,0.0,2.0,29.5,22.0,both,8.965216,8.403839,mif_consistent_with_register,
HF00222,Zamshana Primary Health Centre,Primary Health Centre,Nastili,Enumade-West,Kukrima South,Kukrima State,Public,6.510914,10.437259,6.510914,plain,10.437259,plain,ok,,6.510914,10.437259,0.0,7.0,8.0,2.0,0.0,32.3,30.0,both,6.510914,10.437259,mif_consistent_with_register,
HF00411,Ekeshari Cottage Hospital,Cottage Hospital,Zamlani,Iromashi,Agbzatu Central,Agbzatu State,Public,7.12557,8.411782,7.12557,plain,8.411782,plain,ok,,7.12557,8.411782,3.0,16.0,11.0,0.0,3.0,73.7,2.0,both,7.12557,8.411782,mif_consistent_with_register,
HF00072,Uzongotu Primary Health Centre,Primary Health Centre,Supnami,Ibabani,Kukrima North,Kukrima State,Public,6.377367,9.346238,6.377367,plain,9.346238,plain,ok,,,,,,,,,,,left_only,6.377367,9.346238,register,
HF00020,Tammile Primary Health Centre,Primary Health Centre,Loklude,Uzoluni,Kukrima North,Kukrima State,Public,6.299295,8.742118,6.299295,plain,8.742118,plain,ok,,6.299295,8.742118,2.0,3.0,6.0,0.0,1.0,33.7,23.0,both,6.299295,8.742118,mif_consistent_with_register,
HF00278,Shaluna Primary Health Centre,Primary Health Centre,Wurngowo,Malmaba,Agbzatu North,Agbzatu State,Public,7.726362,8.360954,7.726362,plain,8.360954,plain,ok,,7.726362,8.360954,0.0,3.0,3.0,0.0,1.0,13.4,62.0,both,7.726362,8.360954,mif_consistent_with_register,
HF00289,Wurkefa Health Post,Health Post,Daisale,Supyoshi-East,Agbzatu North,Agbzatu State,Public,7.727978,7.426917,7.727978,plain,7.426917,plain,ok,,7.727978,7.426917,0.0,1.0,1.0,0.0,0.0,3.4,93.0,both,7.727978,7.426917,mif_consistent_with_register,
HF00467,Funmita Health Post,Health Post,Kuklasa,UMUMAYI,Agbzatu South,Agbzatu State,Public,8.005198,9.242279,8.005198,plain,9.242279,plain,ok,,8.005198,9.242279,0.0,2.0,0.0,0.0,0.0,4.2,59.0,both,8.005198,9.242279,mif_consistent_with_register,
HF01113,Ngejiko Primary Health Centre,Primary Health Centre,Agbngode,Oluyofa,Supwasa South,Supwasa State,Public,9.1918,11.295959,9.1918,plain,11.295959,plain,ok,,9.1918,11.295959,1.0,4.0,6.0,2.0,0.0,31.7,12.0,both,9.1918,11.295959,mif_consistent_with_register,
HF00859,Adenaja Health Post,Health Post,Shaduni,Wurkota ,Uzojina Central,Uzojina State,Public,9.077686,8.660756,9.077686,plain,8.660756,plain,ok,,9.077686,8.660756,0.0,1.0,1.0,0.0,0.0,3.4,61.0,both,9.077686,8.660756,mif_consistent_with_register,
HF00417,Gwotimi Health Post,Health Post,Lokngoko,Oketsifa,Agbzatu South,Agbzatu State,Public,7.888151,8.462873,7.888151,plain,8.462873,plain,ok,,7.888151,8.462873,0.0,3.0,0.0,0.0,0.0,6.2,56.0,both,7.888151,8.462873,mif_consistent_with_register,
HF00037,Riytiwo Primary Health Centre,Primary Health Centre,Dutmidu,Riylude-North,Kukrima North,Kukrima State,Public,6.450128,9.845145,6.450128,plain,9.845145,plain,ok,,6.450128,9.845145,0.0,2.0,6.0,2.0,0.0,19.3,45.0,both,6.450128,9.845145,mif_consistent_with_register,
HF00367,Malmide Cottage Hospital,Cottage Hospital,Okewako,Lokmata,Agbzatu Central,Agbzatu State,Public,6.520543,8.651852,6.520543,plain,8.651852,plain,ok,,6.520543,8.651852,3.0,1.0,6.0,4.0,3.0,59.4,3.0,both,6.520543,8.651852,mif_consistent_with_register,
HF00095,Naskowa Health Post,Health Post,Hanlana,Yelkefa LGA,Kukrima Central,Kukrima State,Public,7.438632,9.50402,7.438632,plain,9.50402,plain,ok,,7.438632,9.50402,0.0,1.0,1.0,0.0,0.0,3.4,68.0,both,7.438632,9.50402,mif_consistent_with_register,
HF01166,Malwawa Primary Health Centre,Primary Health Centre,Agbmama,NGENUTA-CENTRAL,Agbkeko North,Agbkeko State,Public,10.21,8.57,10.21,plain,8.57,plain,ok,,10.209865,8.5702,1.0,0.0,0.0,1.0,1.0,15.3,32.0,both,10.209865,8.5702,mif_consistent_with_register,
HF00584,Shakena Health Post,Health Post,Tivzana,Irongori,Tivbetu Central,Tivbetu State,Public,7.802094,10.868916,7.802094,plain,10.868916,plain,ok,,7.802094,10.868916,1.0,1.0,2.0,1.0,0.0,16.6,45.0,both,7.802094,10.868916,mif_consistent_with_register,
HF01294,Wurmade Health Post,Health Post,Ekejini,Enumija,Agbkeko South,Agbkeko State,Public,10.698088,10.233503,10.698088,plain,10.233503,plain,ok,,10.698088,10.233503,0.0,1.0,2.0,1.0,0.0,8.4,49.0,both,10.698088,10.233503,mif_consistent_with_register,
HF01304,Iroriwa Health Post,Health Post,Gwodeja,Ngemidu,Agbkeko South,Agbkeko State,Faith-based,"10°09'18.7""E","9°46'15.6""N",10.155194444444446,dms,9.771,dms,ok,,10.155199,9.771011,0.0,1.0,2.0,0.0,0.0,4.6,59.0,both,10.155199,9.771011,mif_consistent_with_register,
HF00771,Irolata Health Post,Health Post,Uzosawo,Tamluni,Uzojina North,Uzojina State,Public,8.484971,7.928792,8.484971,plain,7.928792,plain,ok,,8.484971,7.928792,1.0,1.0,1.0,0.0,0.0,11.6,60.0,both,8.484971,7.928792,mif_consistent_with_register,
HF00691,Zamrayi Comprehensive Health Centre,Comprehensive Health Centre,Shawaba,Nasdudu-North,Tivbetu South,Tivbetu State,Public,7.9556,11.535905,7.9556,plain,11.535905,plain,ok,,,,,,,,,,,left_only,7.9556,11.535905,register,
HF01035,Yobduru Health Post,Health Post,Gwonashi,Josmiba,Supwasa Central,Supwasa State,Private,10.405017,10.446018,10.405017,plain,10.446018,plain,ok,,10.405017,10.446018,0.0,2.0,3.0,1.0,0.0,11.8,79.0,both,10.405017,10.446018,mif_consistent_with_register,
HF01324,Supyoyi Primary Health Centre,Primary Health Centre,Yelshama,Gwodewo,Agbkeko South,Agbkeko State,Public,10.471842,9.915541,10.471842,plain,9.915541,plain,ok,,10.471842,9.915541,1.0,3.0,4.0,1.0,1.0,26.7,19.0,both,10.471842,9.915541,mif_consistent_with_register,
HF01095,Lokmisa Primary Health Centre,Primary Health Centre,Yelngomi,Baumiru,Supwasa South,Supwasa State,Public,8.932769,11.36894,8.932769,plain,11.36894,plain,ok,,8.932769,11.36894,2.0,2.0,6.0,0.0,1.0,31.6,13.0,both,8.932769,11.36894,mif_consistent_with_register,
HF00823,Wurjiwo Primary Health Centre,Primary Health Centre,Adetsidu,DaishaliCentral,Uzojina Central,Uzojina State,Public,9.305609,8.138822,9.305609,plain,8.138822,plain,ok,,9.305609,8.138822,0.0,3.0,4.0,0.0,1.0,14.7,45.0,both,9.305609,8.138822,mif_consistent_with_register,
HF00067,Josnuma Health Post,Health Post,Sokdema,Shajima,Kukrima North,Kukrima State,Public,5.961923,9.414439,5.961923,plain,9.414439,plain,ok,,5.961923,9.414439,0.0,0.0,2.0,1.0,0.0,6.3,79.0,both,5.961923,9.414439,mif_consistent_with_register,
HF00887,Hannuri Health Post,Health Post,Wurzano,Uzorisa,Uzojina South,Uzojina State,Public,8.604787,9.504081,8.604787,plain,9.504081,plain,ok,,8.604787,9.504081,1.0,0.0,1.0,0.0,0.0,9.5,63.0,both,8.604787,9.504081,mif_consistent_with_register,
HF00655,Josriyi Primary Health Centre,Primary Health Centre,Tivtimi,Ibamide LGA,Tivbetu South,Tivbetu State,Public,8.158438,11.213725,8.158438,plain,11.213725,plain,ok,,8.158438,11.213725,0.0,7.0,5.0,1.0,1.0,28.1,37.0,both,8.158438,11.213725,mif_consistent_with_register,
HF00422,Kuknuwo Cottage Hospital,Cottage Hospital,Kadmaja,Oketsifa,Agbzatu South,Agbzatu State,Public,-3.607123,8.644565,-3.607123,plain,8.644565,plain,ok,,7.895078,8.644565,4.0,3.0,11.0,4.0,0.0,65.3,4.0,both,7.895078,8.644565,mif_preferred_register_unreliable,"Register coordinate (-3.607123, 8.644565) is 1264.4 km from the MIF point and not explained by an axis swap. Register value falls outside the boundary extent; MIF point used. FLAGGED FOR MANUAL FIELD VERIFICATION."
HF01320,Ibaludu Primary Health Centre,Primary Health Centre,Ngetsiko,Zammiyi,Agbkeko South,Agbkeko State,Private,10.540791,9.970152,10.540791,plain,9.970152,plain,ok,,10.540791,9.970152,1.0,8.0,2.0,0.0,1.0,30.8,18.0,both,10.540791,9.970152,mif_consistent_with_register,
HF01042,Yelnashi Health Post,Health Post,Wurngomi,Josmiba,Supwasa Central,Supwasa State,Public,10.733492,10.628218,10.733492,plain,10.628218,plain,ok,,10.733492,10.628218,0.0,2.0,1.0,0.0,0.0,5.4,94.0,both,10.733492,10.628218,mif_consistent_with_register,
HF00625,Riynayi Cottage Hospital,Cottage Hospital,Supsani,Daidefa,Tivbetu Central,Tivbetu State,Public,6.871031,10.936763,6.871031,plain,10.936763,plain,ok,,,,,,,,,,,left_only,6.871031,10.936763,register,
HF00321,Tivwayi Comprehensive Health Centre,Comprehensive Health Centre,Josbesa,Gwodele-South,Agbzatu North,Agbzatu State,Faith-based,7.979697,7.433514,7.979697,plain,7.433514,plain,ok,,7.979697,7.433514,5.0,3.0,2.0,2.0,0.0,46.3,11.0,both,7.979697,7.433514,mif_consistent_with_register,
HF00064,Oludule Health Post,Health Post,Aderita,Shajima,Kukrima North,Kukrima State,Private,5.922543,9.067566,5.922543,plain,9.067566,plain,ok,,5.922543,9.067566,1.0,0.0,3.0,1.0,0.0,15.8,53.0,both,5.922543,9.067566,mif_consistent_with_register,
HF00708,Ibanali Health Post,Health Post,Katdeno,Tivrafa-West,Uzojina North,Uzojina State,Faith-based,9.117929,7.780579,9.117929,plain,7.780579,plain,ok,,9.117929,7.780579,0.0,0.0,1.0,0.0,0.0,1.3,87.0,both,9.117929,7.780579,mif_consistent_with_register,
HF00908,Hanbani Primary Health Centre,Primary Health Centre,Hanwano,Agbridu West,Uzojina South,Uzojina State,Public,"8,224397","9,069231",8.224397,comma_decimal,9.069231,comma_decimal,ok,,8.224397,9.069231,1.0,3.0,3.0,0.0,1.0,21.6,37.0,both,8.224397,9.069231,mif_consistent_with_register,
HF01125,Katngoni Health Post,Health Post,Naslawa,Tivmama,Supwasa South,Supwasa State,Private,9.468348,11.056699,9.468348,plain,11.056699,plain,ok,,9.468348,11.056699,1.0,1.0,2.0,0.0,0.0,12.9,41.0,both,9.468348,11.056699,mif_consistent_with_register,
HF01145,Umushawo Health Post,Health Post,Zamriru,Lokshasa,Agbkeko North,Agbkeko State,Public,10.421867,9.195991,10.421867,plain,9.195991,plain,ok,,10.421867,9.195991,0.0,1.0,1.0,0.0,0.0,3.4,49.0,both,10.421867,9.195991,mif_consistent_with_register,
HF00820,Naswatu Comprehensive Health Centre,Comprehensive Health Centre,Adewano,Daishali-Central,Uzojina Central,Uzojina State,Public,9.181705,8.385834,9.181705,plain,8.385834,plain,ok,,9.181705,8.385834,1.0,4.0,7.0,4.0,1.0,43.8,14.0,both,9.181705,8.385834,mif_consistent_with_register,
HF00198,Agbsama Health Post,Health Post,Banrana,Umumitu,Kukrima South,Kukrima State,Public,6.793319,11.020406,6.793319,plain,11.020406,plain,ok,,6.793319,11.020406,0.0,1.0,2.0,0.0,0.0,4.6,65.0,both,6.793319,11.020406,mif_consistent_with_register,
HF01219,Baukoyi Primary Health Centre,Primary Health Centre,Birriwa,YOBRIFA-WEST,Agbkeko Central,Agbkeko State,Public,9.104586,9.573868,9.104586,plain,9.573868,plain,ok,,9.104586,9.573868,2.0,6.0,1.0,3.0,1.0,44.8,20.0,both,9.104586,9.573868,mif_consistent_with_register,
HF00535,Uzoluwo Primary Health Centre,Primary Health Centre,Duttsita,Uzoberi,Tivbetu North,Tivbetu State,Public,8.674514,10.124574,8.674514,plain,10.124574,plain,ok,,8.674514,10.124574,0.0,3.0,5.0,0.0,2.0,19.3,48.0,both,8.674514,10.124574,mif_consistent_with_register,
HF00866,Lokriwo Primary Health Centre,Primary Health Centre,Lokkode,Tivngoba,Uzojina South,Uzojina State,Private,8.940091,8.94883,8.940091,plain,8.94883,plain,ok,,,,,,,,,,,left_only,8.940091,8.94883,register,
HF00139,Ekeyoma Health Post,Health Post,Ekeluwa,Gwolama,Kukrima Central,Kukrima State,Public,6.992913,9.328799,6.992913,plain,9.328799,plain,ok,,6.992913,9.328799,0.0,1.0,2.0,0.0,0.0,4.6,66.0,both,6.992913,9.328799,mif_consistent_with_register,
HF01200,Nasmili Health Post,Health Post,Adeketu,Daibewo,Agbkeko Central,Agbkeko State,Faith-based,9.307533,9.410747,9.307533,plain,9.410747,plain,ok,,9.307533,9.410747,0.0,2.0,2.0,1.0,0.0,10.5,58.0,both,9.307533,9.410747,mif_consistent_with_register,
HF00124,Shakeyi Primary Health Centre,Primary Health Centre,Wurdesa,Agbjide,Kukrima Central,Kukrima State,Public,6.850823,9.297858,6.850823,plain,9.297858,plain,ok,,6.850823,9.297858,0.0,7.0,4.0,1.0,1.0,26.8,22.0,both,6.850823,9.297858,mif_consistent_with_register,
HF00868,Olushawo Health Post,Health Post,Bantsitu,Tivngoba,Uzojina South,Uzojina State,Faith-based,9.031458,9.058523,9.031458,plain,9.058523,plain,ok,,9.031458,9.058523,1.0,2.0,2.0,0.0,0.0,14.9,48.0,both,9.031458,9.058523,mif_consistent_with_register,
HF00266,Kadlude Health Post,Health Post,Gwoyota,Agbmita,Agbzatu North,Agbzatu State,Public,8.122144,8.269106,8.122144,plain,8.269106,plain,ok,,8.122144,8.269106,0.0,0.0,1.0,0.0,0.0,1.3,101.0,both,8.122144,8.269106,mif_consistent_with_register,
HF01242,Zamkeni Health Post,Health Post,Irowani,Hanjile,Agbkeko Central,Agbkeko State,Public,9.89431,9.649259,9.89431,plain,9.649259,plain,ok,,9.89431,9.649259,1.0,1.0,1.0,1.0,1.0,18.7,48.0,both,9.89431,9.649259,mif_consistent_with_register,
HF00653,Dutbano General Hospital,General Hospital,Katnule,Ibamide,Tivbetu South,Tivbetu State,Public,8.08452,11.39746,8.08452,plain,11.39746,plain,ok,,,,,,,,,,,left_only,8.08452,11.39746,register,
HF00374,Shatina Cottage Hospital,Cottage Hospital,Uzotishi,Lokmata,Agbzatu Central,Agbzatu State,Public,6.716886,8.756201,6.716886,plain,8.756201,plain,ok,,6.716886,8.756201,0.0,2.0,18.0,6.0,4.0,49.2,4.0,both,6.716886,8.756201,mif_consistent_with_register,
HF00678,Tivshade Primary Health Centre,Primary Health Centre,Okemishi,Olujiwa ,Tivbetu South,Tivbetu State,Public,8.121102,10.705155,8.121102,plain,10.705155,plain,ok,,8.121102,10.705155,0.0,3.0,5.0,1.0,0.0,16.4,56.0,both,8.121102,10.705155,mif_consistent_with_register,
HF00555,Josritu Health Post,Health Post,Hanbafa,Malbawo-Central,Tivbetu North,Tivbetu State,Public,7.848479,9.616096,7.848479,plain,9.616096,plain,ok,,7.848479,9.616096,1.0,0.0,1.0,0.0,1.0,12.8,64.0,both,7.848479,9.616096,mif_consistent_with_register,
HF00658,Zamkedu General Hospital,General Hospital,Banrani,Ibamide,Tivbetu South,Tivbetu State,Public,8.1823,11.337864,8.1823,plain,11.337864,plain,ok,,8.1823,11.337864,5.0,54.0,21.0,0.0,3.0,85.0,1.0,both,8.1823,11.337864,mif_consistent_with_register,
HF00802,Wurmiko Health Post,Health Post,Uzoyodu,Tamwata-South,Uzojina Central,Uzojina State,Public,10.158177,8.413279,10.158177,plain,8.413279,plain,ok,,,,,,,,,,,left_only,10.158177,8.413279,register,
HF01268,Malrini Primary Health Centre,Primary Health Centre,Funzata,Zamjidu,Agbkeko Central,Agbkeko State,Public,9.853549,10.032682,9.853549,plain,10.032682,plain,ok,,9.853549,10.032682,1.0,12.0,3.0,2.0,0.0,44.6,21.0,both,9.853549,10.032682,mif_consistent_with_register,
HF00455,Katnuma Primary Health Centre,Primary Health Centre,Uzosafa,Banngono,Agbzatu South,Agbzatu State,Public,7.224104,9.034429,7.224104,plain,9.034429,plain,ok,,7.224104,9.034429,1.0,0.0,6.0,1.0,1.0,23.0,32.0,both,7.224104,9.034429,mif_consistent_with_register,
HF00871,Oluzasa Primary Health Centre,Primary Health Centre,Agbtiba,Olubani-South,Uzojina South,Uzojina State,Public,8.156597,8.566049,8.156597,plain,8.566049,plain,ok,,8.156597,8.566049,2.0,3.0,6.0,0.0,0.0,30.4,25.0,both,8.156597,8.566049,mif_consistent_with_register,
HF01003,Iroshafa Primary Health Centre,Primary Health Centre,Tivsana,BAUTIRU-WEST,Supwasa Central,Supwasa State,Public,10.672758,10.828111,10.672758,plain,10.828111,plain,ok,,10.672758,10.828111,0.0,9.0,7.0,1.0,0.0,31.4,53.0,both,10.672758,10.828111,mif_consistent_with_register,
HF00601,Shayomi Primary Health Centre,Primary Health Centre,Duttsija,Agblasa LGA,Tivbetu Central,Tivbetu State,Public,7.411315,10.269159,7.411315,plain,10.269159,plain,ok,,7.411315,10.269159,0.0,4.0,0.0,1.0,0.0,12.1,49.0,both,7.411315,10.269159,mif_consistent_with_register,
HF00790,Ngekoru Primary Health Centre,Primary Health Centre,Ekesasa,NASSAKO-CENTRAL,Uzojina North,Uzojina State,Public,8.744614,7.450122,8.744614,plain,7.450122,plain,ok,,8.744614,7.450122,1.0,5.0,3.0,0.0,1.0,25.8,31.0,both,8.744614,7.450122,mif_consistent_with_register,
HF00577,Jostsiru Health Post,Health Post,Josmita,Dutwano,Tivbetu Central,Tivbetu State,Public,7.685792,11.399495,7.685792,plain,11.399495,plain,ok,,7.685792,11.399495,0.0,1.0,1.0,0.0,0.0,3.4,61.0,both,7.685792,11.399495,mif_consistent_with_register,
HF00141,Riybade Comprehensive Health Centre,Comprehensive Health Centre,Lokngowa,Gwolama,Kukrima Central,Kukrima State,Public,7.008371,9.245351,7.008371,plain,9.245351,plain,ok,,7.008371,9.245351,2.0,0.0,14.0,2.0,0.0,41.8,9.0,both,7.008371,9.245351,mif_consistent_with_register,
HF01139,Hanrile Health Post,Health Post,Ekeriri,Sokmiri LGA,Agbkeko North,Agbkeko State,Public,9.749804,8.96697,9.749804,plain,8.96697,plain,ok,,9.749804,8.96697,0.0,0.0,1.0,0.0,0.0,1.3,57.0,both,9.749804,8.96697,mif_consistent_with_register,
HF00561,Oluduma Comprehensive Health Centre,Comprehensive Health Centre,Kukngowa,Soktimi,Tivbetu North,Tivbetu State,Public,7.688186,9.845039,7.688186,plain,9.845039,plain,ok,,7.688186,9.845039,2.0,7.0,6.0,1.0,0.0,42.4,14.0,both,7.688186,9.845039,mif_consistent_with_register,
HF00043,Lokdeko Primary Health Centre,Primary Health Centre,Ibarija,Riylude-North,Kukrima North,Kukrima State,Public,6.528414,9.726784,6.528414,plain,9.726784,plain,ok,,6.528414,9.726784,1.0,4.0,1.0,1.0,2.0,28.2,33.0,both,6.528414,9.726784,mif_consistent_with_register,
HF00174,Riymasa Primary Health Centre,Primary Health Centre,Yobzasa,ZamnuniNorth,Kukrima South,Kukrima State,Public,7.005231,10.117496,7.005231,plain,10.117496,plain,ok,,7.005231,10.117496,2.0,7.0,2.0,2.0,0.0,41.1,21.0,both,7.005231,10.117496,mif_consistent_with_register,
HF00108,Katsaja Primary Health Centre,Primary Health Centre,Banluma,Yelkefa LGA,Kukrima Central,Kukrima State,Public,7.506259,9.747259,7.506259,plain,9.747259,plain,ok,,7.506259,9.747259,0.0,4.0,5.0,0.0,1.0,18.1,37.0,both,7.506259,9.747259,mif_consistent_with_register,
HF00253,Ngemiba Health Post,Health Post,Kadbetu,Agbmita,Agbzatu North,Agbzatu State,Public,8.394384,7.88658,8.394384,plain,7.88658,plain,ok,,7.88658,8.394384,0.0,0.0,1.0,0.0,0.0,1.3,101.0,both,7.88658,8.394384,mif_register_axis_swap_corrected,"Register had lon/lat swapped (register lon=8.394384, lat=7.886580); corrected using MIF point."
HF01137,Enuyowa Comprehensive Health Centre,Comprehensive Health Centre,Zamnuno,Sokmiri,Agbkeko North,Agbkeko State,Public,9.573365,9.108368,9.573365,plain,9.108368,plain,ok,,9.573365,9.108368,2.0,1.0,4.0,2.0,0.0,31.1,12.0,both,9.573365,9.108368,mif_consistent_with_register,
HF00051,Lokdusa Primary Health Centre,Primary Health Centre,Oluwasa,Irolufa,Kukrima North,Kukrima State,Private,5.921303,10.002064,5.921303,plain,10.002064,plain,ok,,5.921303,10.002064,0.0,0.0,9.0,1.0,1.0,18.6,46.0,both,5.921303,10.002064,mif_consistent_with_register,
HF00234,Irokeshi Comprehensive Health Centre,Comprehensive Health Centre,Hanzami,Enumade-West,Kukrima South,Kukrima State,Public,6.663104,10.463394,6.663104,plain,10.463394,plain,ok,,6.663104,10.463394,5.0,6.0,15.0,3.0,3.0,82.9,2.0,both,6.663104,10.463394,mif_consistent_with_register,
HF00269,Oluduba Primary Health Centre,Primary Health Centre,Dainani,Agbmita,Agbzatu North,Agbzatu State,Faith-based,8.142656,7.957894,8.142656,plain,7.957894,plain,ok,,,,,,,,,,,left_only,8.142656,7.957894,register,
HF00403,Katkosa Primary Health Centre,Primary Health Centre,Kuktsija,Supsama-South,Agbzatu Central,Agbzatu State,Private,6.317395,8.68685,6.317395,plain,8.68685,plain,ok,,6.317395,8.68685,1.0,4.0,5.0,2.0,0.0,30.4,19.0,both,6.317395,8.68685,mif_consistent_with_register,
HF01062,Shanuma Health Post,Health Post,Daibefa,Katdudu,Supwasa Central,Supwasa State,Public,10.21287,10.523734,10.21287,plain,10.523734,plain,ok,,10.21287,10.523734,1.0,4.0,3.0,0.0,0.0,20.4,64.0,both,10.21287,10.523734,mif_consistent_with_register,
HF00549,Soknawa Primary Health Centre,Primary Health Centre,Ekebemi,Malbawo-Central LGA,Tivbetu North,Tivbetu State,Public,7.737099,9.584049,7.737099,plain,9.584049,plain,ok,,7.737099,9.584049,0.0,3.0,3.0,1.0,1.0,17.2,52.0,both,7.737099,9.584049,mif_consistent_with_register,
HF00398,Hanbena Primary Health Centre,Primary Health Centre,Maldefa,Katrini,Agbzatu Central,Agbzatu State,Public,7.048843,8.333614,7.048843,plain,8.333614,plain,ok,,7.048843,8.333614,1.0,2.0,5.0,0.0,2.0,25.4,29.0,both,7.048843,8.333614,mif_consistent_with_register,
HF00274,Yeltsitu Health Post,Health Post,Katlano,Malmaba,Agbzatu North,Agbzatu State,Public,7.57,8.05,7.57,plain,8.05,plain,ok,,7.574851,8.050554,1.0,2.0,2.0,0.0,1.0,18.3,50.0,both,7.574851,8.050554,mif_consistent_with_register,
HF01187,Riyriwa Primary Health Centre,Primary Health Centre,Nasmitu,Yeltili ,Agbkeko North,Agbkeko State,Public,9.888077,8.712628,9.888077,plain,8.712628,plain,ok,,9.888077,8.712628,1.0,3.0,0.0,0.0,1.0,17.8,26.0,both,9.888077,8.712628,mif_consistent_with_register,
HF01112,Kukyodu Primary Health Centre,Primary Health Centre,Agbngode,Oluyofa,Supwasa South,Supwasa State,Public,9.298757,11.303614,9.298757,plain,11.303614,plain,ok,,9.298757,11.303614,1.0,3.0,4.0,0.0,1.0,22.9,22.0,both,9.298757,11.303614,mif_consistent_with_register,
HF00498,Yelnaja Primary Health Centre,Primary Health Centre,Kukbeja,Agbtsiko,Tivbetu North,Tivbetu State,Public,8.059468,9.852051,8.059468,plain,9.852051,plain,ok,,8.059468,9.852051,0.0,4.0,2.0,1.0,2.0,21.3,39.0,both,8.059468,9.852051,mif_consistent_with_register,
HF00087,Umujiri Comprehensive Health Centre,Comprehensive Health Centre,Sokjitu,Ekejisa-North,Kukrima North,Kukrima State,Public,5.693857,9.785948,5.693857,plain,9.785948,plain,ok,,5.693857,9.785948,2.0,2.0,8.0,0.0,1.0,34.2,19.0,both,5.693857,9.785948,mif_consistent_with_register,
HF01255,Hanwama Primary Health Centre,Primary Health Centre,Birjili,Daibama,Agbkeko Central,Agbkeko State,Public,9.385171,9.944942,9.385171,plain,9.944942,plain,ok,,9.385171,9.944942,2.0,0.0,8.0,0.0,1.0,30.0,33.0,both,9.385171,9.944942,mif_consistent_with_register,
HF01325,Bantsina Health Post,Health Post,Yelshama,Gwodewo,Agbkeko South,Agbkeko State,Public,10.638319,9.901975,10.638319,plain,9.901975,plain,ok,,10.638319,9.901975,1.0,2.0,1.0,1.0,0.0,17.4,38.0,both,10.638319,9.901975,mif_consistent_with_register,
HF01261,Olujisa Health Post,Health Post,Riytsina,Zamjidu,Agbkeko Central,Agbkeko State,Public,9.516427,10.079886,9.516427,plain,10.079886,plain,ok,,9.516427,10.079886,1.0,0.0,3.0,0.0,0.0,12.1,57.0,both,9.516427,10.079886,mif_consistent_with_register,
HF01005,Uzoyoko Health Post,Health Post,Ekekode,Bautiru-West,Supwasa Central,Supwasa State,Public,"10°35'15.9""E","11°04'27.4""N",10.58775,dms,11.074277777777777,dms,ok,,10.587747,11.07428,0.0,2.0,4.0,1.0,0.0,13.0,75.0,both,10.587747,11.07428,mif_consistent_with_register,
HF00415,Oluyowa Comprehensive Health Centre,Comprehensive Health Centre,Adenuru,IROMASHI,Agbzatu Central,Agbzatu State,Public,7.129634,8.252513,7.129634,plain,8.252513,plain,ok,,7.129634,8.252513,0.0,4.0,6.0,1.0,3.0,29.8,23.0,both,7.129634,8.252513,mif_consistent_with_register,
HF00483,Hankoru Primary Health Centre,Primary Health Centre,Shabafa,Tivsano-North,Tivbetu North,Tivbetu State,Faith-based,8.258281,10.403605,8.258281,plain,10.403605,plain,ok,,8.258281,10.403605,3.0,3.0,4.0,3.0,0.0,47.3,10.0,both,8.258281,10.403605,mif_consistent_with_register,
HF00564,Okelufa Primary Health Centre,Primary Health Centre,Ngemima,Ibajija-South,Tivbetu Central,Tivbetu State,Public,6.957632,10.805009,6.957632,plain,10.805009,plain,ok,,6.957632,10.805009,0.0,3.0,10.0,1.0,0.0,22.8,39.0,both,6.957632,10.805009,mif_consistent_with_register,
HF01274,Olumana Primary Health Centre,Primary Health Centre,Uzodushi,Nasnadu,Agbkeko South,Agbkeko State,Public,9.84058,9.882078,9.84058,plain,9.882078,plain,ok,,9.84058,9.882078,3.0,7.0,0.0,1.0,1.0,46.3,9.0,both,9.84058,9.882078,mif_consistent_with_register,
HF00693,Adewafa Health Post,Health Post,Okenatu,Nasdudu-North,Tivbetu South,Tivbetu State,Public,8.06598,11.13844,8.06598,plain,11.13844,plain,ok,,8.06598,11.13844,0.0,2.0,2.0,0.0,1.0,10.1,66.0,both,8.06598,11.13844,mif_consistent_with_register,
HF00366,Tivkewa Comprehensive Health Centre,Comprehensive Health Centre,Okewako,Lokmata,Agbzatu Central,Agbzatu State,Public,6.615772,8.634457,6.615772,plain,8.634457,plain,ok,,6.615772,8.634457,1.0,7.0,2.0,1.0,1.0,32.4,15.0,both,6.615772,8.634457,mif_consistent_with_register,
HF00525,Katbeshi Comprehensive Health Centre,Comprehensive Health Centre,Ibarima,AGBZAWA-SOUTH,Tivbetu North,Tivbetu State,Public,8.369306,9.587759,8.369306,plain,9.587759,plain,ok,,8.369306,9.587759,2.0,2.0,3.0,1.0,1.0,31.5,25.0,both,8.369306,9.587759,mif_consistent_with_register,
HF00303,Zamngofa Health Post,Health Post,Dutkota,Hanraja,Agbzatu North,Agbzatu State,Public,7.45,7.87,7.45,plain,7.87,plain,ok,,7.451397,7.874117,0.0,1.0,1.0,0.0,0.0,3.4,93.0,both,7.451397,7.874117,mif_consistent_with_register,
HF01309,Yobrade Primary Health Centre,Primary Health Centre,Malsharu,Ngemidu,Agbkeko South,Agbkeko State,Public,10.349002,9.781313,10.349002,plain,9.781313,plain,ok,,10.349002,9.781313,2.0,3.0,3.0,0.0,0.0,26.5,21.0,both,10.349002,9.781313,mif_consistent_with_register,
HF00736,Bantsini Health Post,Health Post,Enumitu,Agbkotu-South,Uzojina North,Uzojina State,Public,8.336858,8.064907,8.336858,plain,8.064907,plain,ok,,8.336858,8.064907,0.0,2.0,3.0,0.0,0.0,8.0,70.0,both,8.336858,8.064907,mif_consistent_with_register,
HF00340,Tivkoli Comprehensive Health Centre,Comprehensive Health Centre,Bannayi,Zamkeri,Agbzatu Central,Agbzatu State,Public,6.84398,8.905034,6.84398,plain,8.905034,plain,ok,,6.84398,8.905034,0.0,8.0,10.0,3.0,0.0,40.7,10.0,both,6.84398,8.905034,mif_consistent_with_register,
HF00579,Nasnuno Health Post,Health Post,Soknari,Dutwano,Tivbetu Central,Tivbetu State,Public,7.76356,11.402001,7.76356,plain,11.402001,plain,ok,,7.76356,11.402001,0.0,1.0,2.0,0.0,0.0,4.6,57.0,both,7.76356,11.402001,mif_consistent_with_register,
HF00039,Adewale Health Post,Health Post,Dutmidu,Riylude-North,Kukrima North,Kukrima State,Faith-based,6.3978,9.844214,6.3978,plain,9.844214,plain,ok,,6.3978,9.844214,0.0,1.0,0.0,0.0,0.0,2.1,86.0,both,6.3978,9.844214,mif_consistent_with_register,
HF00609,Kadshafa Comprehensive Health Centre,Comprehensive Health Centre,Ekekena,Ironama,Tivbetu Central,Tivbetu State,Public,7.494114,10.77238,7.494114,plain,10.77238,plain,ok,,7.494114,10.77238,3.0,10.0,7.0,0.0,2.0,61.1,6.0,both,7.494114,10.77238,mif_consistent_with_register,
HF00380,Ekeshade Primary Health Centre,Primary Health Centre,Sharashi,DUTZAMA,Agbzatu Central,Agbzatu State,Public,6.782301,7.870861,6.782301,plain,7.870861,plain,ok,,6.782301,7.870861,0.0,2.0,1.0,0.0,0.0,5.4,63.0,both,6.782301,7.870861,mif_consistent_with_register,
HF00491,Lokngota Primary Health Centre,Primary Health Centre,Umunuta,Tivsano-North,Tivbetu North,Tivbetu State,Private,8.463899,10.251886,8.463899,plain,10.251886,plain,ok,,,,,,,,,,,left_only,8.463899,10.251886,register,
HF00636,Agbbata Comprehensive Health Centre,Comprehensive Health Centre,Wurzafa,Joskeru,Tivbetu South,Tivbetu State,Private,8.612233,11.264857,8.612233,plain,11.264857,plain,ok,,8.612233,11.264857,0.0,6.0,12.0,0.0,3.0,37.8,22.0,both,8.612233,11.264857,mif_consistent_with_register,
HF00769,Baubali Primary Health Centre,Primary Health Centre,Uzosawo,Tamluni,Uzojina North,Uzojina State,Public,8.533387,7.987262,8.533387,plain,7.987262,plain,ok,,8.533387,7.987262,1.0,6.0,6.0,1.0,2.0,38.8,15.0,both,8.533387,7.987262,mif_consistent_with_register,
HF01097,Birjija Comprehensive Health Centre,Comprehensive Health Centre,Katluko,Baumiru,Supwasa South,Supwasa State,Public,9.0,11.2,9.0,plain,11.2,plain,ok,,8.996297,11.197808,2.0,0.0,5.0,1.0,1.0,29.9,14.0,both,8.996297,11.197808,mif_consistent_with_register,
HF00049,Tivbewa Primary Health Centre,Primary Health Centre,Oluwasa,Irolufa,Kukrima North,Kukrima State,Public,5.954722,10.033424,5.954722,plain,10.033424,plain,ok,,5.954722,10.033424,3.0,3.0,3.0,4.0,1.0,53.1,13.0,both,5.954722,10.033424,mif_consistent_with_register,
HF00932,Funmide Health Post,Health Post,Tivtsisa,Zamberi-North,Uzojina South,Uzojina State,Public,8.577357,8.900812,8.577357,plain,8.900812,plain,ok,,8.577357,8.900812,0.0,1.0,1.0,1.0,1.0,10.4,59.0,both,8.577357,8.900812,mif_consistent_with_register,
HF00720,Funbani Health Post,Health Post,Tivyoyi,Dutjiri,Uzojina North,Uzojina State,Public,8.627528,8.360639,8.627528,plain,8.360639,plain,ok,,8.627528,8.360639,0.0,1.0,2.0,0.0,0.0,4.6,83.0,both,8.627528,8.360639,mif_consistent_with_register,
HF00874,Adeluna Health Post,Health Post,Tamduri,Olubani-South,Uzojina South,Uzojina State,Public,8.26993,8.632786,8.26993,plain,8.632786,plain,ok,,8.26993,8.632786,0.0,1.0,3.0,0.0,0.0,5.9,68.0,both,8.26993,8.632786,mif_consistent_with_register,
HF00901,Banyoma Primary Health Centre,Primary Health Centre,Supyomi,Hansatu,Uzojina South,Uzojina State,Public,8.811091,9.348975,8.811091,plain,9.348975,plain,ok,,8.811091,9.348975,2.0,9.0,6.0,0.0,2.0,49.5,10.0,both,8.811091,9.348975,mif_consistent_with_register,
HF00682,Uzotside Primary Health Centre,Primary Health Centre,Kukrali,Olujiwa,Tivbetu South,Tivbetu State,Public,8.094521,11.022761,8.094521,plain,11.022761,plain,ok,,8.094521,11.022761,3.0,5.0,6.0,2.0,2.0,56.9,12.0,both,8.094521,11.022761,mif_consistent_with_register,
HF00528,Irongoli Comprehensive Health Centre,Comprehensive Health Centre,Kukmatu,Hansaba,Tivbetu North,Tivbetu State,Public,8.56882,9.940451,8.56882,plain,9.940451,plain,ok,,,,,,,,,,,left_only,8.56882,9.940451,register,
HF00648,Oluzawo Comprehensive Health Centre,Comprehensive Health Centre,Hanraru,Tamlufa-East,Tivbetu South,Tivbetu State,Private,8.814164,10.592617,8.814164,plain,10.592617,plain,ok,,8.814164,10.592617,2.0,11.0,21.0,0.0,1.0,62.7,9.0,both,8.814164,10.592617,mif_consistent_with_register,
HF00397,Uzokowa Health Post,Health Post,Irotsifa,Katrini,Agbzatu Central,Agbzatu State,Public,6.878779,8.16498,6.878779,plain,8.16498,plain,ok,,6.878779,8.16498,1.0,3.0,1.0,0.0,0.0,15.7,46.0,both,6.878779,8.16498,mif_consistent_with_register,
HF00074,Riyshaba Primary Health Centre,Primary Health Centre,Supnami,Ibabani,Kukrima North,Kukrima State,Private,6.345406,9.475665,6.345406,plain,9.475665,plain,ok,,6.345406,9.475665,2.0,2.0,5.0,0.0,2.0,33.7,23.0,both,6.345406,9.475665,mif_consistent_with_register,
HF00251,Banrisa Health Post,Health Post,Daizaru,Agbmita,Agbzatu North,Agbzatu State,Public,7.849626,8.017297,7.849626,plain,8.017297,plain,ok,,7.849626,8.017297,0.0,1.0,1.0,0.0,0.0,3.4,93.0,both,7.849626,8.017297,mif_consistent_with_register,
HF00628,Nasshafa Comprehensive Health Centre,Comprehensive Health Centre,Gwokemi,Daidefa,Tivbetu Central,Tivbetu State,Public,7.107582,11.147235,7.107582,plain,11.147235,plain,ok,,7.107582,11.147235,0.0,7.0,6.0,3.0,3.0,43.5,13.0,both,7.107582,11.147235,mif_consistent_with_register,
HF00263,Enuzayi Primary Health Centre,Primary Health Centre,Uzowana,Agbmita,Agbzatu North,Agbzatu State,Public,8.023887,8.17409,8.023887,plain,8.17409,plain,ok,,8.023887,8.17409,1.0,0.0,4.0,1.0,0.0,17.1,53.0,both,8.023887,8.17409,mif_consistent_with_register,
HF00014,Yellali Primary Health Centre,Primary Health Centre,Maltsisa,Katmaba,Kukrima North,Kukrima State,Public,"5,698752","9,381432",5.698752,comma_decimal,9.381432,comma_decimal,ok,,,,,,,,,,,left_only,5.698752,9.381432,register,
HF01281,Tambemi Primary Health Centre,Primary Health Centre,Adetsita,Nasnadu,Agbkeko South,Agbkeko State,Private,10.043838,10.184815,10.043838,plain,10.184815,plain,ok,,10.043838,10.184815,0.0,4.0,5.0,0.0,3.0,24.7,24.0,both,10.043838,10.184815,mif_consistent_with_register,
HF01241,Wurshawo Primary Health Centre,Primary Health Centre,Irowani,HANJILE,Agbkeko Central,Agbkeko State,Public,9.912945,9.626453,9.912945,plain,9.626453,plain,ok,,,,,,,,,,,left_only,9.912945,9.626453,register,
HF00925,Kadsasa Cottage Hospital,Cottage Hospital,Nastino,Zamberi-North,Uzojina South,Uzojina State,Public,8.561178,8.811937,8.561178,plain,8.811937,plain,ok,,8.561178,8.811937,0.0,12.0,3.0,5.0,1.0,47.2,14.0,both,8.561178,8.811937,mif_consistent_with_register,
HF00803,Olutsili Cottage Hospital,Cottage Hospital,Uzoyodu,Tamwata-South,Uzojina Central,Uzojina State,Public,10.028566,8.355887,10.028566,plain,8.355887,plain,ok,,10.028566,8.355887,0.0,0.0,1.0,5.0,0.0,16.3,43.0,both,10.028566,8.355887,mif_consistent_with_register,
HF01050,Kaddewo Health Post,Health Post,Bandema,KATDUDU,Supwasa Central,Supwasa State,Public,10.142413,10.700895,10.142413,plain,10.700895,plain,ok,,10.142413,10.700895,0.0,0.0,2.0,1.0,0.0,6.3,92.0,both,10.142413,10.700895,mif_consistent_with_register,
HF00940,Enusaja Health Post,Health Post,Funngoru,Adekeni,Supwasa North,Supwasa State,Public,9.37969,10.989921,9.37969,plain,10.989921,plain,ok,,9.37969,10.989921,0.0,2.0,1.0,0.0,0.0,5.4,28.0,both,9.37969,10.989921,mif_consistent_with_register,
HF01017,Bauyoyi Health Post,Health Post,Soktiba,Funkedu,Supwasa Central,Supwasa State,Public,10.410072,11.361348,10.410072,plain,11.361348,plain,ok,,10.410072,11.361348,0.0,3.0,1.0,1.0,1.0,14.6,71.0,both,10.410072,11.361348,mif_consistent_with_register,
HF00938,Dailuyi Health Post,Health Post,Funngoru,Adekeni,Supwasa North,Supwasa State,Public,9.349977,10.884026,9.349977,plain,10.884026,plain,ok,,9.349977,10.884026,0.0,2.0,0.0,0.0,0.0,4.2,30.0,both,9.349977,10.884026,mif_consistent_with_register,
HF00688,Wurkewa Primary Health Centre,Primary Health Centre,Yeldule,Nasdudu-North,Tivbetu South,Tivbetu State,Public,7.953908,11.569309,7.953908,plain,11.569309,plain,ok,,7.953908,11.569309,0.0,0.0,9.0,0.0,2.0,18.2,54.0,both,7.953908,11.569309,mif_consistent_with_register,
HF00309,Riytiko Primary Health Centre,Primary Health Centre,Riyriru,Josduri-South ,Agbzatu North,Agbzatu State,Public,7.574104,7.510472,7.574104,plain,7.510472,plain,ok,,7.574104,7.510472,1.0,2.0,0.0,1.0,1.0,19.5,46.0,both,7.574104,7.510472,mif_consistent_with_register,
HF01108,Gwokoni Health Post,Health Post,Shangoru,Loknaba,Supwasa South,Supwasa State,Public,9.027383,11.655609,9.027383,plain,11.655609,plain,ok,,9.027383,11.655609,0.0,2.0,2.0,0.0,0.0,6.7,48.0,both,9.027383,11.655609,mif_consistent_with_register,
HF00913,Bausaja Health Post,Health Post,Gwojishi,Agbridu-West,Uzojina South,Uzojina State,Public,8.437296,9.068528,8.437296,plain,9.068528,plain,ok,,8.437296,9.068528,1.0,2.0,1.0,0.0,1.0,17.0,43.0,both,8.437296,9.068528,mif_consistent_with_register,
HF00923,Tamlude Primary Health Centre,Primary Health Centre,Nastino,ZAMBERI-NORTH,Uzojina South,Uzojina State,Public,8.55411,8.719858,8.55411,plain,8.719858,plain,ok,,8.55411,8.719858,6.0,1.0,5.0,1.0,1.0,45.6,15.0,both,8.55411,8.719858,mif_consistent_with_register,
HF00821,Banduko Health Post,Health Post,Adewano,Daishali Central,Uzojina Central,Uzojina State,Public,9.219424,8.284518,9.219424,plain,8.284518,plain,ok,,9.219424,8.284518,0.0,1.0,0.0,0.0,0.0,2.1,66.0,both,9.219424,8.284518,mif_consistent_with_register,
HF00651,Zamshawo Primary Health Centre,Primary Health Centre,Ekemiwa,Ibamide,Tivbetu South,Tivbetu State,Public,8.04,11.55,8.04,plain,11.55,plain,ok,,8.042098,11.549147,1.0,2.0,3.0,1.0,0.0,20.0,50.0,both,8.042098,11.549147,mif_consistent_with_register,
HF00580,Josmishi Cottage Hospital,Cottage Hospital,Ngemafa,Dutwano,Tivbetu Central,Tivbetu State,Private,7.891742,11.207827,7.891742,plain,11.207827,plain,ok,,7.891742,11.207827,0.0,16.0,15.0,4.0,3.0,69.2,3.0,both,7.891742,11.207827,mif_consistent_with_register,
HF00576,Nasbayi Primary Health Centre,Primary Health Centre,Fundeko,Dutwano,Tivbetu Central,Tivbetu State,Public,7.54,11.45,7.54,plain,11.45,plain,ok,,7.543362,11.451516,2.0,6.0,3.0,1.0,1.0,39.9,18.0,both,7.543362,11.451516,mif_consistent_with_register,
HF01172,Tamdeta Comprehensive Health Centre,Comprehensive Health Centre,Malnumi,Maljiwo,Agbkeko North,Agbkeko State,Public,,,,missing,,missing,missing_coordinates,,9.453897,9.144702,2.0,4.0,2.0,1.0,2.0,37.7,8.0,both,9.453897,9.144702,mif_only_register_missing,
HF01059,Bannuru Cottage Hospital,Cottage Hospital,Kadtini,Katdudu,Supwasa Central,Supwasa State,Public,10.193241,10.405481,10.193241,plain,10.405481,plain,ok,,10.193241,10.405481,0.0,15.0,7.0,1.0,4.0,47.7,28.0,both,10.193241,10.405481,mif_consistent_with_register,
HF00186,Wursari Comprehensive Health Centre,Comprehensive Health Centre,Kadbemi,Daizade,Kukrima South,Kukrima State,Public,6.367893,10.575492,6.367893,plain,10.575492,plain,ok,,,,,,,,,,,left_only,6.367893,10.575492,register,
HF00085,Ngezana Primary Health Centre,Primary Health Centre,Sokjitu,Ekejisa-North,Kukrima North,Kukrima State,Private,5.792405,9.699518,5.792405,plain,9.699518,plain,ok,,5.792405,9.699518,0.0,3.0,2.0,0.0,1.0,12.1,59.0,both,5.792405,9.699518,mif_consistent_with_register,
HF00148,Enujini General Hospital,General Hospital,Banrija,Wurmashi,Kukrima Central,Kukrima State,Public,7.096931,10.250366,7.096931,plain,10.250366,plain,ok,,7.096931,10.250366,3.0,7.0,17.0,4.0,0.0,74.2,2.0,both,7.096931,10.250366,mif_consistent_with_register,
HF00755,Ngenuwa Health Post,Health Post,Banwama,Nasyotu,Uzojina North,Uzojina State,Public,9.055201,7.967541,9.055201,plain,7.967541,plain,ok,,9.055201,7.967541,0.0,3.0,0.0,1.0,0.0,10.0,67.0,both,9.055201,7.967541,mif_consistent_with_register,
HF00744,Riynuko Health Post,Health Post,Daitsitu,Agbkotu-South,Uzojina North,Uzojina State,Public,8.388348,8.254835,8.388348,plain,8.254835,plain,ok,,8.388348,8.254835,1.0,1.0,0.0,0.0,0.0,10.3,64.0,both,8.388348,8.254835,mif_consistent_with_register,
HF01290,Ibajita Health Post,Health Post,Dairiwo,Enumija,Agbkeko South,Agbkeko State,Public,10.634276,10.10173,10.634276,plain,10.10173,plain,ok,,,,,,,,,,,left_only,10.634276,10.10173,register,
HF00362,Daizata Primary Health Centre,Primary Health Centre,Mallufa,Irosaja,Agbzatu Central,Agbzatu State,Public,6.610718,7.975798,6.610718,plain,7.975798,plain,ok,,6.610718,7.975798,1.0,2.0,4.0,0.0,1.0,20.8,39.0,both,6.610718,7.975798,mif_consistent_with_register,
HF00965,Adeluru Health Post,Health Post,Kattino,Ibangosa,Supwasa North,Supwasa State,Public,9.395978,10.287542,9.395978,plain,10.287542,plain,ok,,9.395978,10.287542,0.0,1.0,1.0,0.0,0.0,3.4,31.0,both,9.395978,10.287542,mif_consistent_with_register,
HF01119,Zamtiwa Comprehensive Health Centre,Comprehensive Health Centre,Ekenuno,Oluyofa,Supwasa South,Supwasa State,Public,9.254836,11.223359,9.254836,plain,11.223359,plain,ok,,9.254836,11.223359,1.0,6.0,12.0,0.0,3.0,46.1,5.0,both,9.254836,11.223359,mif_consistent_with_register,
HF01136,Tamnuna Health Post,Health Post,Zamnuno,Sokmiri,Agbkeko North,Agbkeko State,Faith-based,9.574423,9.093929,9.574423,plain,9.093929,plain,ok,,9.574423,9.093929,0.0,0.0,1.0,0.0,0.0,1.3,57.0,both,9.574423,9.093929,mif_consistent_with_register,
HF00407,Okemashi Primary Health Centre,Primary Health Centre,Malrama,Supsama-South,Agbzatu Central,Agbzatu State,Public,6.406447,8.389587,6.406447,plain,8.389587,plain,ok,,,,,,,,,,,left_only,6.406447,8.389587,register,
HF00652,Tivmari Primary Health Centre,Primary Health Centre,Katnule,Ibamide,Tivbetu South,Tivbetu State,Public,8.063028,11.427013,8.063028,plain,11.427013,plain,ok,,8.063028,11.427013,2.0,0.0,4.0,1.0,1.0,28.6,35.0,both,8.063028,11.427013,mif_consistent_with_register,
HF00587,Funngowo Primary Health Centre,Primary Health Centre,Soksani,Irongori,Tivbetu Central,Tivbetu State,Private,7.764898,10.616426,7.764898,plain,10.616426,plain,ok,,7.764898,10.616426,1.0,6.0,6.0,0.0,0.0,28.4,30.0,both,7.764898,10.616426,mif_consistent_with_register,
HF00679,Gwodede Primary Health Centre,Primary Health Centre,Okemishi,Olujiwa,Tivbetu South,Tivbetu State,Private,8.084209,10.7198,8.084209,plain,10.7198,plain,ok,,8.084209,10.7198,0.0,8.0,2.0,4.0,1.0,37.6,23.0,both,8.084209,10.7198,mif_consistent_with_register,
HF00488,Uzorano Health Post,Health Post,Riyzama,Tivsano-North,Tivbetu North,Tivbetu State,Public,8.413854,10.041296,8.413854,plain,10.041296,plain,ok,,8.413854,10.041296,0.0,0.0,1.0,0.0,0.0,1.3,82.0,both,8.413854,10.041296,mif_consistent_with_register,
HF01083,Gwoyowo Health Post,Health Post,Funjiyi,Ekedeta-East,Supwasa South,Supwasa State,Public,9.40919,11.445907,9.40919,plain,11.445907,plain,ok,,9.40919,11.445907,1.0,1.0,3.0,1.0,0.0,17.9,30.0,both,9.40919,11.445907,mif_consistent_with_register,
HF00217,Yelyoyi Primary Health Centre,Primary Health Centre,Adenutu,Banluta,Kukrima South,Kukrima State,Public,6.032417,10.123064,6.032417,plain,10.123064,plain,ok,,6.032417,10.123064,0.0,0.0,11.0,1.0,0.0,17.8,46.0,both,6.032417,10.123064,mif_consistent_with_register,
HF00632,Supkowo Primary Health Centre,Primary Health Centre,Hanluri,Joskeru,Tivbetu South,Tivbetu State,Public,8.343724,10.969225,8.343724,plain,10.969225,plain,ok,,8.343724,10.969225,0.0,1.0,7.0,0.0,0.0,11.0,64.0,both,8.343724,10.969225,mif_consistent_with_register,
HF00903,Kadkotu Primary Health Centre,Primary Health Centre,Uzowadu,Hansatu,Uzojina South,Uzojina State,Public,9.006057,9.315658,9.006057,plain,9.315658,plain,ok,,9.006057,9.315658,0.0,1.0,6.0,1.0,2.0,20.2,40.0,both,9.006057,9.315658,mif_consistent_with_register,
HF01318,Loklami Health Post,Health Post,Ngetsiko,ZAMMIYI,Agbkeko South,Agbkeko State,Public,10.491615,9.973942,10.491615,plain,9.973942,plain,ok,,10.491615,9.973942,0.0,1.0,1.0,1.0,0.0,7.1,52.0,both,10.491615,9.973942,mif_consistent_with_register,
HF00156,Ibadushi Primary Health Centre,Primary Health Centre,Birwari,Wurmashi,Kukrima Central,Kukrima State,Public,7.220702,10.013517,7.220702,plain,10.013517,plain,ok,,7.220702,10.013517,0.0,2.0,2.0,2.0,1.0,17.6,39.0,both,7.220702,10.013517,mif_consistent_with_register,
HF00614,Tivngoshi Primary Health Centre,Primary Health Centre,Shabani,Ironama,Tivbetu Central,Tivbetu State,Public,7.635528,10.87375,7.635528,plain,10.87375,plain,ok,,7.635528,10.87375,2.0,4.0,4.0,1.0,1.0,37.0,20.0,both,7.635528,10.87375,mif_consistent_with_register,
HF01028,Supberi General Hospital,General Hospital,Wurbasa,Funkedu,Supwasa Central,Supwasa State,Public,10.601456,11.238738,10.601456,plain,11.238738,plain,ok,,10.601456,11.238738,3.0,12.0,35.0,24.0,11.0,94.7,1.0,both,10.601456,11.238738,mif_consistent_with_register,
HF00298,Kadjisa Primary Health Centre,Primary Health Centre,Loknuri,Hanraja,Agbzatu North,Agbzatu State,Public,7.420777,8.011711,7.420777,plain,8.011711,plain,ok,,7.420777,8.011711,0.0,4.0,5.0,1.0,0.0,18.5,49.0,both,7.420777,8.011711,mif_consistent_with_register,
HF01220,Yobkeli Primary Health Centre,Primary Health Centre,Birriwa,Yobrifa-West,Agbkeko Central,Agbkeko State,Faith-based,8.981233,9.572757,8.981233,plain,9.572757,plain,ok,,8.981233,9.572757,2.0,5.0,2.0,0.0,2.0,36.1,26.0,both,8.981233,9.572757,mif_consistent_with_register,
HF00986,Agbmifa Primary Health Centre,Primary Health Centre,Lokrana,Zambani,Supwasa Central,Supwasa State,Faith-based,10.099949,11.433938,10.099949,plain,11.433938,plain,ok,,10.099949,11.433938,1.0,9.0,10.0,1.0,0.0,43.5,35.0,both,10.099949,11.433938,mif_consistent_with_register,
HF00233,Umudeyi Health Post,Health Post,Hanzami,Enumade West,Kukrima South,Kukrima State,Public,6.638614,10.448883,6.638614,plain,10.448883,plain,ok,,,,,,,,,,,left_only,6.638614,10.448883,register,
HF00379,Gwosata Health Post,Health Post,Sharashi,Dutzama,Agbzatu Central,Agbzatu State,Public,6.808917,7.764147,6.808917,plain,7.764147,plain,ok,,6.808917,7.764147,0.0,1.0,2.0,0.0,0.0,4.6,67.0,both,6.808917,7.764147,mif_consistent_with_register,
HF00318,Riynuba Primary Health Centre,Primary Health Centre,Joskoko,Gwodele-South,Agbzatu North,Agbzatu State,Public,8.191681,7.2695,8.191681,plain,7.2695,plain,ok,,8.191681,7.2695,1.0,6.0,2.0,0.0,1.0,26.6,34.0,both,8.191681,7.2695,mif_consistent_with_register,
HF00428,Uzoluja Health Post,Health Post,Oludude,Oketsifa,Agbzatu South,Agbzatu State,Public,7.96805,8.416047,7.96805,plain,8.416047,plain,ok,,7.96805,8.416047,0.0,0.0,1.0,1.0,0.0,5.0,58.0,both,7.96805,8.416047,mif_consistent_with_register,
HF00570,Tivshasa Primary Health Centre,Primary Health Centre,Dutsaba,Ibajija-South,Tivbetu Central,Tivbetu State,Public,7.372115,10.898618,7.372115,plain,10.898618,plain,ok,,7.372115,10.898618,2.0,2.0,7.0,0.0,1.0,32.9,24.0,both,7.372115,10.898618,mif_consistent_with_register,
HF00277,Sokmawo Primary Health Centre,Primary Health Centre,Wurngowo,Malmaba,Agbzatu North,Agbzatu State,Private,7.742389,8.229237,7.742389,plain,8.229237,plain,ok,,7.742389,8.229237,2.0,1.0,4.0,0.0,1.0,27.0,31.0,both,7.742389,8.229237,mif_consistent_with_register,
HF00068,Kaddeshi Primary Health Centre,Primary Health Centre,Sokdema,Shajima,Kukrima North,Kukrima State,Public,5.947112,9.470632,5.947112,plain,9.470632,plain,ok,,5.947112,9.470632,1.0,2.0,5.0,0.0,1.0,22.1,41.0,both,5.947112,9.470632,mif_consistent_with_register,
HF00981,Riylufa Primary Health Centre,Primary Health Centre,Adesale,Zambani,Supwasa Central,Supwasa State,Public,10.001704,11.135483,10.001704,plain,11.135483,plain,ok,,10.001704,11.135483,1.0,1.0,1.0,1.0,1.0,18.7,67.0,both,10.001704,11.135483,mif_consistent_with_register,
HF00731,Gwomini Primary Health Centre,Primary Health Centre,Uzodumi,Agbkotu-South,Uzojina North,Uzojina State,Public,8.325049,8.370509,8.325049,plain,8.370509,plain,ok,,8.325049,8.370509,0.0,4.0,4.0,1.0,1.0,20.5,40.0,both,8.325049,8.370509,mif_consistent_with_register,
HF00027,Ngezata Health Post,Health Post,Banshali,Uzoluni,Kukrima North,Kukrima State,Private,6.421896,8.900539,6.421896,plain,8.900539,plain,ok,,6.421896,8.900539,0.0,0.0,1.0,1.0,0.0,5.0,81.0,both,6.421896,8.900539,mif_consistent_with_register,
HF00115,Katduko Primary Health Centre,Primary Health Centre,Okenami,Agbnumi,Kukrima Central,Kukrima State,Public,7.188433,9.172574,7.188433,plain,9.172574,plain,ok,,7.188433,9.172574,0.0,0.0,2.0,2.0,0.0,10.1,53.0,both,7.188433,9.172574,mif_consistent_with_register,
HF00663,Zamduwo Health Post,Health Post,Tivdeli,Hanjiko,Tivbetu South,Tivbetu State,Public,8.50209,10.793922,8.50209,plain,10.793922,plain,ok,,,,,,,,,,,left_only,8.50209,10.793922,register,
HF00811,Dutshako Cottage Hospital,Cottage Hospital,Adetsiko,Ekedewo,Uzojina Central,Uzojina State,Public,9.606225,8.221645,9.606225,plain,8.221645,plain,ok,,9.606225,8.221645,0.0,4.0,2.0,1.0,0.0,14.6,46.0,both,9.606225,8.221645,mif_consistent_with_register,
HF01205,Uzoyoyi Health Post,Health Post,Sokbedu,Daibewo,Agbkeko Central,Agbkeko State,Public,9.416492,9.247613,9.416492,plain,9.247613,plain,ok,,9.416492,9.247613,0.0,3.0,2.0,1.0,0.0,12.6,56.0,both,9.416492,9.247613,mif_consistent_with_register,
HF00204,Kadlule Primary Health Centre,Primary Health Centre,Ibabewo,Adenaja,Kukrima South,Kukrima State,Public,6.79551,10.429899,6.79551,plain,10.429899,plain,ok,,6.79551,10.429899,2.0,2.0,3.0,1.0,3.0,38.2,24.0,both,6.79551,10.429899,mif_consistent_with_register,
HF01173,Birdeta Cottage Hospital,Cottage Hospital,Malnumi,Maljiwo LGA,Agbkeko North,Agbkeko State,Public,9.508112,9.189691,9.508112,plain,9.189691,plain,ok,,9.508112,9.189691,0.0,2.0,2.0,1.0,4.0,20.5,22.0,both,9.508112,9.189691,mif_consistent_with_register,
HF00546,Ekeyona Comprehensive Health Centre,Comprehensive Health Centre,Joskodu,Bandede-North,Tivbetu North,Tivbetu State,Public,8.055006,9.75661,8.055006,plain,9.75661,plain,ok,,8.055006,9.75661,0.0,11.0,1.0,0.0,2.0,30.9,26.0,both,8.055006,9.75661,mif_consistent_with_register,
HF00161,Uzozama Primary Health Centre,Primary Health Centre,Birwari,Wurmashi,Kukrima Central,Kukrima State,Public,7.2496,10.079692,7.2496,plain,10.079692,plain,ok,,7.2496,10.079692,0.0,2.0,2.0,0.0,0.0,6.7,60.0,both,7.2496,10.079692,mif_consistent_with_register,
HF00350,Shalushi Health Post,Health Post,Umuwata,Zamkeri,Agbzatu Central,Agbzatu State,Public,6.808364,9.050639,6.808364,plain,9.050639,plain,ok,,6.808364,9.050639,0.0,1.0,2.0,0.0,0.0,4.6,67.0,both,6.808364,9.050639,mif_consistent_with_register,
HF00216,Malmishi Health Post,Health Post,Kadyodu,Banluta,Kukrima South,Kukrima State,Public,6.077736,10.403584,6.077736,plain,10.403584,plain,ok,,6.077736,10.403584,1.0,2.0,1.0,1.0,0.0,17.4,48.0,both,6.077736,10.403584,mif_consistent_with_register,
HF00405,Bandeshi Health Post,Health Post,Tivjidu,SUPSAMA-SOUTH,Agbzatu Central,Agbzatu State,Public,6.424085,8.53411,6.424085,plain,8.53411,plain,ok,,6.424085,8.53411,0.0,2.0,1.0,0.0,1.0,8.8,58.0,both,6.424085,8.53411,mif_consistent_with_register,
HF00106,Dutkoli Health Post,Health Post,Banluma,Yelkefa,Kukrima Central,Kukrima State,Public,7.442582,9.700669,7.442582,plain,9.700669,plain,ok,,7.442582,9.700669,0.0,2.0,0.0,0.0,1.0,7.5,59.0,both,7.442582,9.700669,mif_consistent_with_register,
HF01000,Duttide Cottage Hospital,Cottage Hospital,Uzomisa,Bautiru-West,Supwasa Central,Supwasa State,Private,10.493156,10.754548,10.493156,plain,10.754548,plain,ok,,10.493156,10.754548,6.0,9.0,11.0,9.0,0.0,77.8,4.0,both,10.493156,10.754548,mif_consistent_with_register,
HF00798,Adezawa Comprehensive Health Centre,Comprehensive Health Centre,Riynaja,Tamwata-South,Uzojina Central,Uzojina State,Public,9.686997,8.173974,9.686997,plain,8.173974,plain,ok,,,,,,,,,,,left_only,9.686997,8.173974,register,
HF01262,Ibatside Primary Health Centre,Primary Health Centre,Riywashi,Zamjidu,Agbkeko Central,Agbkeko State,Public,9.763771,9.938692,9.763771,plain,9.938692,plain,ok,,9.763771,9.938692,0.0,5.0,3.0,1.0,0.0,18.0,49.0,both,9.763771,9.938692,mif_consistent_with_register,
HF00844,Hanbetu Primary Health Centre,Primary Health Centre,Gwoyowo,Adelaja-North,Uzojina Central,Uzojina State,Public,9.290389,8.464223,9.290389,plain,8.464223,plain,ok,,9.290389,8.464223,2.0,4.0,2.0,0.0,1.0,30.7,19.0,both,9.290389,8.464223,mif_consistent_with_register,
HF00119,Oluduwo Primary Health Centre,Primary Health Centre,Kadjisa,Agbjide,Kukrima Central,Kukrima State,Public,6.733361,9.425632,6.733361,plain,9.425632,plain,ok,,6.733361,9.425632,0.0,1.0,4.0,1.0,0.0,10.9,51.0,both,6.733361,9.425632,mif_consistent_with_register,
HF01079,Dairili Comprehensive Health Centre,Comprehensive Health Centre,Tivnuta,Ekedeta-East ,Supwasa South,Supwasa State,Public,9.482863,11.621839,9.482863,plain,11.621839,plain,ok,,,,,,,,,,,left_only,9.482863,11.621839,register,
HF00909,Ngejini Primary Health Centre,Primary Health Centre,Hanwano,AGBRIDU-WEST,Uzojina South,Uzojina State,Public,8.16768,9.122585,8.16768,plain,9.122585,plain,ok,,8.16768,9.122585,0.0,6.0,0.0,0.0,3.0,22.5,33.0,both,8.16768,9.122585,mif_consistent_with_register,
HF00330,Ibanayi Primary Health Centre,Primary Health Centre,Olukoyi,Gwodele-South,Agbzatu North,Agbzatu State,Public,8.069302,7.431189,8.069302,plain,7.431189,plain,ok,,8.069302,7.431189,0.0,1.0,0.0,1.0,1.0,9.2,74.0,both,8.069302,7.431189,mif_consistent_with_register,
HF00594,Wurtiwo Primary Health Centre,Primary Health Centre,Riyjiwo,Okerano-Central,Tivbetu Central,Tivbetu State,Public,7.301035,11.302627,7.301035,plain,11.302627,plain,ok,,7.301035,11.302627,1.0,3.0,0.0,1.0,1.0,21.6,41.0,both,7.301035,11.302627,mif_consistent_with_register,
HF00094,Sokrari Primary Health Centre,Primary Health Centre,Hanlana,Yelkefa ,Kukrima Central,Kukrima State,Public,7.424451,9.463961,7.424451,plain,9.463961,plain,ok,,,,,,,,,,,left_only,7.424451,9.463961,register,
HF00943,Adeshale Primary Health Centre,Primary Health Centre,Wurshani,Adekeni,Supwasa North,Supwasa State,Public,9.324961,10.644653,9.324961,plain,10.644653,plain,ok,,9.324961,10.644653,0.0,2.0,6.0,0.0,0.0,11.8,23.0,both,9.324961,10.644653,mif_consistent_with_register,
HF00514,Shaduwo Primary Health Centre,Primary Health Centre,Nasbayi,Agbzawa-South,Tivbetu North,Tivbetu State,Public,8.323831,9.778981,8.323831,plain,9.778981,plain,ok,,8.323831,9.778981,1.0,3.0,6.0,1.0,1.0,29.2,28.0,both,8.323831,9.778981,mif_consistent_with_register,
HF00029,Malduli Health Post,Health Post,Baukeshi,Riylude-North,Kukrima North,Kukrima State,Public,6.248834,9.756682,6.248834,plain,9.756682,plain,ok,,6.248834,9.756682,0.0,2.0,3.0,0.0,0.0,8.0,69.0,both,6.248834,9.756682,mif_consistent_with_register,
HF00191,Yelluba Primary Health Centre,Primary Health Centre,Tivsawo,Umumitu,Kukrima South,Kukrima State,Public,6.582052,10.778957,6.582052,plain,10.778957,plain,ok,,6.582052,10.778957,0.0,0.0,5.0,3.0,0.0,17.6,47.0,both,6.582052,10.778957,mif_consistent_with_register,
HF00388,Umubata Health Post,Health Post,Birnushi,Enutifa,Agbzatu Central,Agbzatu State,Public,7.126142,8.133481,7.126142,plain,8.133481,plain,ok,,7.126142,8.133481,0.0,1.0,2.0,0.0,0.0,4.6,67.0,both,7.126142,8.133481,mif_consistent_with_register,
HF00332,Supluma Health Post,Health Post,Daidushi,Gwodele-South,Agbzatu North,Agbzatu State,Public,8.177324,7.546386,8.177324,plain,7.546386,plain,ok,,8.177324,7.546386,0.0,0.0,2.0,1.0,0.0,6.3,78.0,both,8.177324,7.546386,mif_consistent_with_register,
HF00293,Shamishi General Hospital,General Hospital,Suplali,Supyoshi-East,Agbzatu North,Agbzatu State,Public,7.996485,7.360402,7.996485,plain,7.360402,plain,ok,,7.996485,7.360402,9.0,2.0,10.0,6.0,2.0,68.6,4.0,both,7.996485,7.360402,mif_consistent_with_register,
HF00243,Kukkoru Primary Health Centre,Primary Health Centre,Zamngono,Yobkosa-South,Agbzatu North,Agbzatu State,Public,7.256911,7.849374,7.256911,plain,7.849374,plain,ok,,7.256911,7.849374,1.0,3.0,3.0,1.0,0.0,22.1,37.0,both,7.256911,7.849374,mif_consistent_with_register,
HF00531,Ibaluri Primary Health Centre,Primary Health Centre,Duttiri,HANSABA,Tivbetu North,Tivbetu State,Public,8.791897,10.052547,8.791897,plain,10.052547,plain,ok,,8.791897,10.052547,1.0,3.0,5.0,0.0,0.0,20.9,42.0,both,8.791897,10.052547,mif_consistent_with_register,
HF00664,Malzami Cottage Hospital,Cottage Hospital,Tivdeli,Hanjiko,Tivbetu South,Tivbetu State,Public,,,,missing,,missing,missing_coordinates,,8.564307,10.815608,6.0,11.0,3.0,5.0,4.0,81.8,3.0,both,8.564307,10.815608,mif_only_register_missing,
HF00735,Sokmaja Health Post,Health Post,Uzotsiru,Agbkotu-South,Uzojina North,Uzojina State,Public,8.210416,8.178031,8.210416,plain,8.178031,plain,ok,,8.210416,8.178031,1.0,2.0,1.0,0.0,0.0,13.7,54.0,both,8.210416,8.178031,mif_consistent_with_register,
HF00084,Enuwaja Health Post,Health Post,Lokdushi,Ekejisa-North,Kukrima North,Kukrima State,Public,5.600045,9.591785,5.600045,plain,9.591785,plain,ok,,5.600045,9.591785,0.0,2.0,2.0,0.0,0.0,6.7,72.0,both,5.600045,9.591785,mif_consistent_with_register,
HF00605,Umujitu Cottage Hospital,Cottage Hospital,Shatsiru,Ironama,Tivbetu Central,Tivbetu State,Public,7.50992,10.612509,7.50992,plain,10.612509,plain,ok,,7.50992,10.612509,2.0,7.0,4.0,5.0,0.0,51.1,9.0,both,7.50992,10.612509,mif_consistent_with_register,
HF00475,Katzama Health Post,Health Post,Enuyona,Ngetija,Agbzatu South,Agbzatu State,Public,7.748684,9.013615,7.748684,plain,9.013615,plain,ok,,7.748684,9.013615,0.0,0.0,2.0,0.0,0.0,2.6,62.0,both,7.748684,9.013615,mif_consistent_with_register,
HF00905,Tivritu Health Post,Health Post,Okeriyi,HANSATU,Uzojina South,Uzojina State,Public,9.051375,9.211033,9.051375,plain,9.211033,plain,ok,,9.051375,9.211033,1.0,0.0,1.0,0.0,0.0,9.5,63.0,both,9.051375,9.211033,mif_consistent_with_register,
HF00547,Malrafa Primary Health Centre,Primary Health Centre,Tivbata,Bandede-North,Tivbetu North,Tivbetu State,Public,8.030499,9.580669,8.030499,plain,9.580669,plain,ok,,8.030499,9.580669,0.0,6.0,6.0,1.0,0.0,23.9,35.0,both,8.030499,9.580669,mif_consistent_with_register,
HF00751,Uzoluno Primary Health Centre,Primary Health Centre,Kuknadu,Nasyotu,Uzojina North,Uzojina State,Private,7.834249,8.90828,7.834249,plain,8.90828,plain,ok,,8.90828,7.834249,0.0,0.0,3.0,1.0,0.0,7.6,75.0,both,8.90828,7.834249,mif_register_axis_swap_corrected,"Register had lon/lat swapped (register lon=7.834249, lat=8.908280); corrected using MIF point."
HF00461,Supbele Primary Health Centre,Primary Health Centre,Banlumi,Umumayi,Agbzatu South,Agbzatu State,Public,7.748328,9.154166,7.748328,plain,9.154166,plain,ok,,7.748328,9.154166,2.0,6.0,5.0,2.0,0.0,42.8,13.0,both,7.748328,9.154166,mif_consistent_with_register,
HF00096,Dutwata Comprehensive Health Centre,Comprehensive Health Centre,Hanlana,Yelkefa,Kukrima Central,Kukrima State,Public,7.375313,9.39139,7.375313,plain,9.39139,plain,ok,,7.375313,9.39139,4.0,2.0,7.0,0.0,0.0,43.1,8.0,both,7.375313,9.39139,mif_consistent_with_register,
HF00213,Katrija Primary Health Centre,Primary Health Centre,Okenawa,Adenaja,Kukrima South,Kukrima State,Public,7.099791,10.73505,7.099791,plain,10.73505,plain,ok,,7.099791,10.73505,1.0,8.0,4.0,3.0,1.0,44.6,19.0,both,7.099791,10.73505,mif_consistent_with_register,
HF01225,Eketsiwo Primary Health Centre,Primary Health Centre,Birnuwa,Yobrifa-West,Agbkeko Central,Agbkeko State,Public,9.175806,9.60965,9.175806,plain,9.60965,plain,ok,,,,,,,,,,,left_only,9.175806,9.60965,register,
HF00429,Zammino Primary Health Centre,Primary Health Centre,Oludude,Oketsifa ,Agbzatu South,Agbzatu State,Public,8.002916,8.452436,8.002916,plain,8.452436,plain,ok,,8.002916,8.452436,0.0,5.0,3.0,2.0,1.0,25.1,27.0,both,8.002916,8.452436,mif_consistent_with_register,
HF01265,Oludewa Health Post,Health Post,Dailutu,Zamjidu,Agbkeko Central,Agbkeko State,Public,17.762571,10.127099,17.762571,plain,10.127099,plain,ok,,9.570518,10.127099,0.0,2.0,2.0,1.0,0.0,10.5,58.0,both,9.570518,10.127099,mif_preferred_register_unreliable,"Register coordinate (17.762571, 10.127099) is 896.7 km from the MIF point and not explained by an axis swap. Register value falls outside the boundary extent; MIF point used. FLAGGED FOR MANUAL FIELD VERIFICATION."
HF00016,Agbrari Comprehensive Health Centre,Comprehensive Health Centre,Enunasa,Katmaba,Kukrima North,Kukrima State,Private,5.780191,9.163391,5.780191,plain,9.163391,plain,ok,,,,,,,,,,,left_only,5.780191,9.163391,register,
HF01252,Joszaru Primary Health Centre,Primary Health Centre,Uzozafa,Daibama,Agbkeko Central,Agbkeko State,Public,9.402006,10.119449,9.402006,plain,10.119449,plain,ok,,9.402006,10.119449,0.0,6.0,6.0,0.0,1.0,23.5,40.0,both,9.402006,10.119449,mif_consistent_with_register,
HF01288,Irotishi Primary Health Centre,Primary Health Centre,Dairiwo,Enumija,Agbkeko South,Agbkeko State,Public,10.694512,10.141298,10.694512,plain,10.141298,plain,ok,,10.694512,10.141298,0.0,0.0,5.0,1.0,0.0,10.1,45.0,both,10.694512,10.141298,mif_consistent_with_register,
HF00588,Tivngodu Health Post,Health Post,Soksani,Irongori,Tivbetu Central,Tivbetu State,Public,7.838577,10.564167,7.838577,plain,10.564167,plain,ok,,7.838577,10.564167,0.0,1.0,0.0,0.0,0.0,2.1,62.0,both,7.838577,10.564167,mif_consistent_with_register,
HF00172,Josnale Comprehensive Health Centre,Comprehensive Health Centre,Riysano,Zamtsiru,Kukrima South,Kukrima State,Public,6.65,10.03,6.65,plain,10.03,plain,ok,,6.650537,10.027945,1.0,6.0,14.0,4.0,4.0,63.6,12.0,both,6.650537,10.027945,mif_consistent_with_register,
HF00889,Nasderi Health Post,Health Post,Nasrari,Loksayi,Uzojina South,Uzojina State,Faith-based,8.061199,8.80266,8.061199,plain,8.80266,plain,ok,,8.061199,8.80266,0.0,0.0,2.0,1.0,1.0,9.6,62.0,both,8.061199,8.80266,mif_consistent_with_register,
HF00302,Adetino Health Post,Health Post,Dutkota,Hanraja,Agbzatu North,Agbzatu State,Public,7.486105,7.814608,7.486105,plain,7.814608,plain,ok,,7.486105,7.814608,0.0,1.0,2.0,0.0,0.0,4.6,85.0,both,7.486105,7.814608,mif_consistent_with_register,
HF00024,Birwawo Health Post,Health Post,Funngoli,Uzoluni,Kukrima North,Kukrima State,Public,6.305039,8.870696,6.305039,plain,8.870696,plain,ok,,6.305039,8.870696,0.0,2.0,2.0,0.0,0.0,6.7,72.0,both,6.305039,8.870696,mif_consistent_with_register,
HF01124,Banduwa Primary Health Centre,Primary Health Centre,Naslawa,Tivmama,Supwasa South,Supwasa State,Public,9.51344,11.056956,9.51344,plain,11.056956,plain,ok,,9.51344,11.056956,0.0,5.0,2.0,0.0,0.0,13.0,40.0,both,9.51344,11.056956,mif_consistent_with_register,
HF00425,Maltsita Health Post,Health Post,Okekede,Oketsifa,Agbzatu South,Agbzatu State,Private,8.029812,8.554622,8.029812,plain,8.554622,plain,ok,,8.029812,8.554622,0.0,3.0,1.0,0.0,0.0,7.5,52.0,both,8.029812,8.554622,mif_consistent_with_register,
HF01070,Irojiyi Primary Health Centre,Primary Health Centre,Hantsishi,Okeyoru-South,Supwasa Central,Supwasa State,Public,9.841221,10.915231,9.841221,plain,10.915231,plain,ok,,9.841221,10.915231,2.0,5.0,2.0,0.0,1.0,32.7,50.0,both,9.841221,10.915231,mif_consistent_with_register,
HF01038,Yelkeyi General Hospital,General Hospital,Shalule,Josmiba ,Supwasa Central,Supwasa State,Public,10.464824,10.631041,10.464824,plain,10.631041,plain,ok,,10.464824,10.631041,0.0,13.0,36.0,0.0,0.0,45.0,31.0,both,10.464824,10.631041,mif_consistent_with_register,
HF01011,Josdedu Health Post,Health Post,Irozari,Funkedu ,Supwasa Central,Supwasa State,Public,10.203274,11.501999,10.203274,plain,11.501999,plain,ok,,10.203274,11.501999,0.0,2.0,3.0,1.0,0.0,11.8,79.0,both,10.203274,11.501999,mif_consistent_with_register,
HF00466,Birnule Health Post,Health Post,Olulusa,Umumayi,Agbzatu South,Agbzatu State,Private,7.897318,9.088863,7.897318,plain,9.088863,plain,ok,,7.897318,9.088863,1.0,3.0,0.0,0.0,0.0,14.5,44.0,both,7.897318,9.088863,mif_consistent_with_register,
HF00157,Riyzali Primary Health Centre,Primary Health Centre,Birwari,Wurmashi,Kukrima Central,Kukrima State,Private,7.272776,9.923672,7.272776,plain,9.923672,plain,ok,,7.272776,9.923672,0.0,3.0,7.0,1.0,1.0,22.3,31.0,both,7.272776,9.923672,mif_consistent_with_register,
HF00168,Irolutu Health Post,Health Post,Aderimi,Zamtsiru,Kukrima South,Kukrima State,Public,6.454144,9.947783,6.454144,plain,9.947783,plain,ok,,6.454144,9.947783,1.0,4.0,3.0,0.0,0.0,20.4,40.0,both,6.454144,9.947783,mif_consistent_with_register,
HF01312,Agbbeja Health Post,Health Post,Oluzana,Zammiyi,Agbkeko South,Agbkeko State,Public,10.324519,10.185934,10.324519,plain,10.185934,plain,ok,,10.324519,10.185934,0.0,1.0,1.0,0.0,1.0,6.7,55.0,both,10.324519,10.185934,mif_consistent_with_register,
HF00421,Hannufa Primary Health Centre,Primary Health Centre,Kadmaja,Oketsifa,Agbzatu South,Agbzatu State,Public,7.959924,8.695468,7.959924,plain,8.695468,plain,ok,,7.959924,8.695468,2.0,3.0,5.0,0.0,1.0,32.4,18.0,both,7.959924,8.695468,mif_consistent_with_register,
HF00730,Tamtino Primary Health Centre,Primary Health Centre,Uzodumi,Agbkotu-South,Uzojina North,Uzojina State,Public,8.216102,8.377509,8.216102,plain,8.377509,plain,ok,,8.216102,8.377509,1.0,0.0,11.0,0.0,1.0,25.6,32.0,both,8.216102,8.377509,mif_consistent_with_register,
HF00826,Ekederu Primary Health Centre,Primary Health Centre,Tivlano,Yeltsina,Uzojina Central,Uzojina State,Public,"9°26'31.0""E","9°01'43.6""N",9.441944444444443,dms,9.028777777777778,dms,ok,,,,,,,,,,,left_only,9.441944444444443,9.028777777777778,register,
HF00489,Zamnuna Health Post,Health Post,Riyzama,Tivsano-North,Tivbetu North,Tivbetu State,Public,8.478877,10.090239,8.478877,plain,10.090239,plain,ok,,8.478877,10.090239,0.0,0.0,2.0,0.0,0.0,2.6,81.0,both,8.478877,10.090239,mif_consistent_with_register,
HF01002,Gwongole Primary Health Centre,Primary Health Centre,Zamkoja,BautiruWest,Supwasa Central,Supwasa State,Public,10.463872,11.098764,10.463872,plain,11.098764,plain,ok,,10.463872,11.098764,2.0,4.0,9.0,2.0,0.0,43.8,33.0,both,10.463872,11.098764,mif_consistent_with_register,
HF00271,Kadduyi Cottage Hospital,Cottage Hospital,Katlano,Malmaba,Agbzatu North,Agbzatu State,Public,7.527895,8.048385,7.527895,plain,8.048385,plain,ok,,7.527895,8.048385,1.0,2.0,4.0,2.0,2.0,31.7,23.0,both,7.527895,8.048385,mif_consistent_with_register,
HF01195,Tamlale Comprehensive Health Centre,Comprehensive Health Centre,Kuknayi,Yeltili,Agbkeko North,Agbkeko State,Faith-based,10.15565,9.04268,10.15565,plain,9.04268,plain,ok,,10.15565,9.04268,2.0,3.0,2.0,2.0,0.0,32.7,10.0,both,10.15565,9.04268,mif_consistent_with_register,
HF01273,Katshade Primary Health Centre,Primary Health Centre,Ngeriba,Nasnadu,Agbkeko South,Agbkeko State,Public,9.913511,10.144665,9.913511,plain,10.144665,plain,ok,,9.913511,10.144665,0.0,3.0,4.0,0.0,2.0,18.0,37.0,both,9.913511,10.144665,mif_consistent_with_register,
HF00468,Birrami Health Post,Health Post,Yelrari,Ngetija,Agbzatu South,Agbzatu State,Public,7.472585,8.988882,7.472585,plain,8.988882,plain,ok,,7.472585,8.988882,0.0,0.0,3.0,0.0,0.0,3.8,60.0,both,7.472585,8.988882,mif_consistent_with_register,
HF00840,Ngeketa General Hospital,General Hospital,Dutluko,Dutkeni,Uzojina Central,Uzojina State,Public,9.648745,8.526352,9.648745,plain,8.526352,plain,ok,,9.648745,8.526352,5.0,6.0,13.0,8.0,0.0,74.1,2.0,both,9.648745,8.526352,mif_consistent_with_register,
HF01128,Funmiru Primary Health Centre,Primary Health Centre,Yobdede,Tivmama,Supwasa South,Supwasa State,Faith-based,9.760496,11.026762,9.760496,plain,11.026762,plain,ok,,9.760496,11.026762,0.0,6.0,6.0,0.0,0.0,20.2,26.0,both,9.760496,11.026762,mif_consistent_with_register,
HF00912,Gwomari Primary Health Centre,Primary Health Centre,Yobnushi,Agbridu-West,Uzojina South,Uzojina State,Public,8.251791,9.262009,8.251791,plain,9.262009,plain,ok,,8.251791,9.262009,1.0,5.0,5.0,0.0,1.0,28.4,28.0,both,8.251791,9.262009,mif_consistent_with_register,
HF00822,Kuktile Primary Health Centre,Primary Health Centre,Adewano,Daishali-Central,Uzojina Central,Uzojina State,Public,9.238341,8.444037,9.238341,plain,8.444037,plain,ok,,9.238341,8.444037,0.0,1.0,0.0,1.0,1.0,9.2,53.0,both,9.238341,8.444037,mif_consistent_with_register,
HF00916,Baungoyi Primary Health Centre,Primary Health Centre,Josmako,Banluwo,Uzojina South,Uzojina State,Faith-based,8.656789,8.641654,8.656789,plain,8.641654,plain,ok,,8.656789,8.641654,0.0,8.0,7.0,1.0,2.0,36.0,21.0,both,8.656789,8.641654,mif_consistent_with_register,
HF00337,Maldeba Primary Health Centre,Primary Health Centre,Umubeli,GwodeleSouth,Agbzatu North,Agbzatu State,Public,,,,missing,,missing,missing_coordinates,,8.206676,7.689564,1.0,1.0,5.0,1.0,0.0,20.4,42.0,both,8.206676,7.689564,mif_only_register_missing,
HF00077,Hanluni Comprehensive Health Centre,Comprehensive Health Centre,Hantside,Ibabani,Kukrima North,Kukrima State,Public,6.538537,9.381455,6.538537,plain,9.381455,plain,ok,,6.538537,9.381455,1.0,4.0,4.0,1.0,2.0,32.1,27.0,both,6.538537,9.381455,mif_consistent_with_register,
HF01276,Kukduyi Cottage Hospital,Cottage Hospital,Uzodushi,Nasnadu,Agbkeko South,Agbkeko State,Private,9.822889,9.914023,9.822889,plain,9.914023,plain,ok,,9.822889,9.914023,0.0,10.0,16.0,2.0,4.0,58.3,5.0,both,9.822889,9.914023,mif_consistent_with_register,
HF00797,Yelnufa Comprehensive Health Centre,Comprehensive Health Centre,Yelbeba,Tamwata-South,Uzojina Central,Uzojina State,Public,10.014904,8.257483,10.014904,plain,8.257483,plain,ok,,,,,,,,,,,left_only,10.014904,8.257483,register,
HF00850,Tivrafa Health Post,Health Post,Loktsifa,Adelaja-North,Uzojina Central,Uzojina State,Public,9.574008,8.497804,9.574008,plain,8.497804,plain,ok,,9.574008,8.497804,0.0,0.0,2.0,0.0,0.0,2.6,63.0,both,9.574008,8.497804,mif_consistent_with_register,
HF00966,Enubeko Primary Health Centre,Primary Health Centre,Hanwani,IBANGOSA,Supwasa North,Supwasa State,Public,9.562662,10.376776,9.562662,plain,10.376776,plain,ok,,9.562662,10.376776,1.0,3.0,3.0,0.0,1.0,21.6,13.0,both,9.562662,10.376776,mif_consistent_with_register,
HF01048,Nastide Health Post,Health Post,Hanbeko,Katdudu,Supwasa Central,Supwasa State,Public,10.001199,10.604913,10.001199,plain,10.604913,plain,ok,,10.001199,10.604913,0.0,3.0,3.0,0.0,0.0,10.1,85.0,both,10.001199,10.604913,mif_consistent_with_register,
HF00849,Bautsiyi Health Post,Health Post,Uzolaba,Adelaja-North,Uzojina Central,Uzojina State,Public,9.376616,8.598739,9.376616,plain,8.598739,plain,ok,,9.376616,8.598739,0.0,0.0,2.0,0.0,0.0,2.6,63.0,both,9.376616,8.598739,mif_consistent_with_register,
HF01191,Birbaja General Hospital,General Hospital,Okedefa,Yeltili,Agbkeko North,Agbkeko State,Public,10.071297,8.936743,10.071297,plain,8.936743,plain,ok,,10.071297,8.936743,6.0,15.0,9.0,2.0,0.0,74.0,1.0,both,10.071297,8.936743,mif_consistent_with_register,
HF01014,Naslani Health Post,Health Post,Soktiba,Funkedu LGA,Supwasa Central,Supwasa State,Public,10.378728,11.445765,10.378728,plain,11.445765,plain,ok,,10.378728,11.445765,1.0,3.0,4.0,0.0,0.0,19.6,65.0,both,10.378728,11.445765,mif_consistent_with_register,
HF00093,Katyoru Health Post,Health Post,Adelawa,Yelkefa,Kukrima Central,Kukrima State,Public,"7,256004","9,771679",7.256004,comma_decimal,9.771679,comma_decimal,ok,,7.256004,9.771679,0.0,0.0,1.0,0.0,0.0,1.3,75.0,both,7.256004,9.771679,mif_consistent_with_register,
HF00111,Banlawo Primary Health Centre,Primary Health Centre,Ekebako,Lokbaru,Kukrima Central,Kukrima State,Public,6.958013,9.850584,6.958013,plain,9.850584,plain,ok,,6.958013,9.850584,1.0,5.0,2.0,1.0,0.0,24.9,25.0,both,6.958013,9.850584,mif_consistent_with_register,
HF00236,Funmari Health Post,Health Post,Irodefa,Yobkosa-South,Agbzatu North,Agbzatu State,Public,7.335736,7.478305,7.335736,plain,7.478305,plain,ok,,7.335736,7.478305,0.0,0.0,0.0,1.0,0.0,3.8,92.0,both,7.335736,7.478305,mif_consistent_with_register,
HF00308,Kadkoni Comprehensive Health Centre,Comprehensive Health Centre,Tivjija,Hanraja,Agbzatu North,Agbzatu State,Private,7.480383,7.786838,7.480383,plain,7.786838,plain,ok,,7.480383,7.786838,2.0,10.0,0.0,3.0,0.0,48.5,7.0,both,7.480383,7.786838,mif_consistent_with_register,
HF00870,Birraru Primary Health Centre,Primary Health Centre,Daikowa,Tivngoba,Uzojina South,Uzojina State,Public,9.113861,9.046058,9.113861,plain,9.046058,plain,ok,,9.113861,9.046058,2.0,4.0,5.0,0.0,0.0,31.2,24.0,both,9.113861,9.046058,mif_consistent_with_register,
HF00962,Enukoshi Primary Health Centre,Primary Health Centre,Baulasa,Yobmija,Supwasa North,Supwasa State,Private,9.204642,10.215874,9.204642,plain,10.215874,plain,ok,,9.204642,10.215874,0.0,1.0,4.0,1.0,0.0,10.9,25.0,both,9.204642,10.215874,mif_consistent_with_register,
HF00974,Kukduta Health Post,Health Post,Wurkele,Wuryona,Supwasa North,Supwasa State,Private,9.867766,10.597033,9.867766,plain,10.597033,plain,ok,,9.867766,10.597033,0.0,1.0,1.0,0.0,0.0,3.4,31.0,both,9.867766,10.597033,mif_consistent_with_register,
HF01022,Supyoja Primary Health Centre,Primary Health Centre,Gwonale,Funkedu,Supwasa Central,Supwasa State,Public,10.305186,11.051673,10.305186,plain,11.051673,plain,ok,,,,,,,,,,,left_only,10.305186,11.051673,register,
HF01034,Yelnude Health Post,Health Post,Gwonashi,Josmiba,Supwasa Central,Supwasa State,Public,10.354531,10.374949,10.354531,plain,10.374949,plain,ok,,10.354531,10.374949,0.0,0.0,3.0,0.0,1.0,7.2,89.0,both,10.354531,10.374949,mif_consistent_with_register,
HF00718,Yobnuyi Health Post,Health Post,Ibalana,Dutjiri,Uzojina North,Uzojina State,Public,8.667394,8.173917,8.667394,plain,8.173917,plain,ok,,8.667394,8.173917,0.0,3.0,2.0,0.0,0.0,8.8,69.0,both,8.667394,8.173917,mif_consistent_with_register,
HF01198,Agbjiyi Primary Health Centre,Primary Health Centre,Kuknayi,Yeltili,Agbkeko North,Agbkeko State,Faith-based,10.166476,9.118339,10.166476,plain,9.118339,plain,ok,,10.166476,9.118339,0.0,0.0,2.0,0.0,0.0,2.6,52.0,both,10.166476,9.118339,mif_consistent_with_register,
HF00548,Malkowo Primary Health Centre,Primary Health Centre,Ekebemi,Malbawo Central,Tivbetu North,Tivbetu State,Faith-based,7.671103,9.642942,7.671103,plain,9.642942,plain,ok,,7.671103,9.642942,1.0,2.0,1.0,0.0,0.0,13.7,59.0,both,7.671103,9.642942,mif_consistent_with_register,
HF01157,Birnade Health Post,Health Post,Tivdewo,Jostile,Agbkeko North,Agbkeko State,Public,9.82279,9.509212,9.82279,plain,9.509212,plain,ok,,9.82279,9.509212,0.0,0.0,1.0,0.0,0.0,1.3,57.0,both,9.82279,9.509212,mif_consistent_with_register,
HF00884,Umunufa Health Post,Health Post,Umurifa,Uzorisa,Uzojina South,Uzojina State,Public,8.46022,9.251456,8.46022,plain,9.251456,plain,ok,,8.46022,9.251456,0.0,2.0,1.0,0.0,0.0,5.4,69.0,both,8.46022,9.251456,mif_consistent_with_register,
HF00365,Shaluba Health Post,Health Post,Josmasa,Lokmata,Agbzatu Central,Agbzatu State,Private,6.529803,8.777148,6.529803,plain,8.777148,plain,ok,,,,,,,,,,,left_only,6.529803,8.777148,register,
HF00378,Lokmishi Health Post,Health Post,Sharashi,Dutzama,Agbzatu Central,Agbzatu State,Public,6.806389,7.752265,6.806389,plain,7.752265,plain,ok,,6.806389,7.752265,0.0,2.0,1.0,0.0,0.0,5.4,63.0,both,6.806389,7.752265,mif_consistent_with_register,
HF00813,Okeduni Primary Health Centre,Primary Health Centre,Daizana,Daishali-Central,Uzojina Central,Uzojina State,Public,9.025526,8.311861,9.025526,plain,8.311861,plain,ok,,9.025526,8.311861,0.0,0.0,1.0,1.0,0.0,5.0,58.0,both,9.025526,8.311861,mif_consistent_with_register,
HF01009,Umulude Health Post,Health Post,Irozari,Funkedu,Supwasa Central,Supwasa State,Public,10.281216,11.489221,10.281216,plain,11.489221,plain,ok,,10.281216,11.489221,0.0,2.0,3.0,0.0,0.0,8.0,87.0,both,10.281216,11.489221,mif_consistent_with_register,
HF00704,Yobdesa Health Post,Health Post,Ngeluli,Adekowo ,Tivbetu South,Tivbetu State,Public,8.706928,11.336231,8.706928,plain,11.336231,plain,ok,,8.706928,11.336231,0.0,0.0,2.0,0.0,1.0,5.9,72.0,both,8.706928,11.336231,mif_consistent_with_register,
HF00102,Okekesa Health Post,Health Post,Naslama,Yelkefa,Kukrima Central,Kukrima State,Public,7.531738,9.846981,7.531738,plain,9.846981,plain,ok,,7.531738,9.846981,0.0,1.0,1.0,0.0,0.0,3.4,68.0,both,7.531738,9.846981,mif_consistent_with_register,
HF01069,Tivkodu Primary Health Centre,Primary Health Centre,Hantsishi,Okeyoru-South,Supwasa Central,Supwasa State,Public,9.841191,10.908481,9.841191,plain,10.908481,plain,ok,,9.841191,10.908481,0.0,8.0,3.0,3.0,1.0,35.1,49.0,both,9.841191,10.908481,mif_consistent_with_register,
HF00782,Naskeja Primary Health Centre,Primary Health Centre,Riymano,Nassako-Central,Uzojina North,Uzojina State,Public,8.36865,7.40962,8.36865,plain,7.40962,plain,ok,,8.36865,7.40962,1.0,8.0,6.0,1.0,0.0,36.3,18.0,both,8.36865,7.40962,mif_consistent_with_register,
HF00221,Birjiba Health Post,Health Post,Nastili,Enumade-West,Kukrima South,Kukrima State,Public,6.432695,10.360968,6.432695,plain,10.360968,plain,ok,,6.432695,10.360968,1.0,2.0,0.0,1.0,0.0,16.1,50.0,both,6.432695,10.360968,mif_consistent_with_register,
HF00669,Enungoko Comprehensive Health Centre,Comprehensive Health Centre,Zamwari,Hanjiko,Tivbetu South,Tivbetu State,Public,8.665795,11.147041,8.665795,plain,11.147041,plain,ok,,8.665795,11.147041,2.0,0.0,11.0,2.0,2.0,44.7,17.0,both,8.665795,11.147041,mif_consistent_with_register,
HF00626,Kadzaja Health Post,Health Post,Hanradu,Daidefa,Tivbetu Central,Tivbetu State,Public,7.039971,10.97655,7.039971,plain,10.97655,plain,ok,,7.039971,10.97655,0.0,1.0,0.0,0.0,0.0,2.1,62.0,both,7.039971,10.97655,mif_consistent_with_register,
HF00933,Shashano Health Post,Health Post,Nasjidu,Zamberi-North,Uzojina South,Uzojina State,Public,8.613455,8.853192,8.613455,plain,8.853192,plain,ok,,8.613455,8.853192,0.0,1.0,3.0,1.0,0.0,9.7,61.0,both,8.613455,8.853192,mif_consistent_with_register,
HF01130,Kadluko Primary Health Centre,Primary Health Centre,Supdushi,Tivmama,Supwasa South,Supwasa State,Public,9.879404,11.594656,9.879404,plain,11.594656,plain,ok,,9.879404,11.594656,3.0,5.0,7.0,0.0,1.0,47.4,4.0,both,9.879404,11.594656,mif_consistent_with_register,
HF01146,Malnuba Primary Health Centre,Primary Health Centre,Zamriru,Lokshasa,Agbkeko North,Agbkeko State,Public,10.312119,9.259469,10.312119,plain,9.259469,plain,ok,,10.312119,9.259469,0.0,0.0,3.0,0.0,0.0,3.8,48.0,both,10.312119,9.259469,mif_consistent_with_register,
HF00070,Tambani Health Post,Health Post,Sokdema,Shajima,Kukrima North,Kukrima State,Public,5.915863,9.409864,5.915863,plain,9.409864,plain,ok,,5.915863,9.409864,0.0,3.0,2.0,0.0,0.0,8.8,66.0,both,5.915863,9.409864,mif_consistent_with_register,
HF00173,Enuridu Health Post,Health Post,Lokderi,Zamnuni-North,Kukrima South,Kukrima State,Public,6.829183,10.168736,6.829183,plain,10.168736,plain,ok,,6.829183,10.168736,1.0,4.0,2.0,0.0,0.0,19.1,44.0,both,6.829183,10.168736,mif_consistent_with_register,
HF00433,Fundule Primary Health Centre,Primary Health Centre,Joszayi,Baungoshi,Agbzatu South,Agbzatu State,Public,7.046457,8.808469,7.046457,plain,8.808469,plain,ok,,7.046457,8.808469,3.0,2.0,2.0,3.0,0.0,42.6,14.0,both,7.046457,8.808469,mif_consistent_with_register,
HF00150,Umurita Health Post,Health Post,Katshale,WURMASHI,Kukrima Central,Kukrima State,Public,7.224394,10.08792,7.224394,plain,10.08792,plain,ok,,7.224394,10.08792,1.0,1.0,2.0,0.0,0.0,12.9,46.0,both,7.224394,10.08792,mif_consistent_with_register,
HF00482,Ironule Primary Health Centre,Primary Health Centre,Uzojili,Tivsano-North,Tivbetu North,Tivbetu State,Public,8.305827,10.159217,8.305827,plain,10.159217,plain,ok,,8.305827,10.159217,1.0,1.0,3.0,0.0,2.0,20.8,44.0,both,8.305827,10.159217,mif_consistent_with_register,
HF00283,Ekerafa Health Post,Health Post,Jossafa,Malmaba,Agbzatu North,Agbzatu State,Public,7.641555,8.077032,7.641555,plain,8.077032,plain,ok,,7.641555,8.077032,0.0,1.0,1.0,0.0,0.0,3.4,93.0,both,7.641555,8.077032,mif_consistent_with_register,
HF00386,Kukbaru Primary Health Centre,Primary Health Centre,Kadjino,Enutifa ,Agbzatu Central,Agbzatu State,Public,7.099591,8.034591,7.099591,plain,8.034591,plain,ok,,7.099591,8.034591,1.0,1.0,4.0,2.0,0.0,22.9,35.0,both,7.099591,8.034591,mif_consistent_with_register,
HF01313,Supkoja Primary Health Centre,Primary Health Centre,Oluzana,Zammiyi,Agbkeko South,Agbkeko State,Private,10.335641,10.072283,10.335641,plain,10.072283,plain,ok,,,,,,,,,,,left_only,10.335641,10.072283,register,
HF00210,Ibanufa Primary Health Centre,Primary Health Centre,Kuktsino,Adenaja,Kukrima South,Kukrima State,Faith-based,7.023242,10.508789,7.023242,plain,10.508789,plain,ok,,7.023242,10.508789,3.0,1.0,3.0,2.0,0.0,38.1,25.0,both,7.023242,10.508789,mif_consistent_with_register,
HF00341,Enulude Primary Health Centre,Primary Health Centre,Bannayi,Zamkeri,Agbzatu Central,Agbzatu State,Private,8.956983,6.803892,8.956983,plain,6.803892,plain,ok,,6.803892,8.956983,2.0,0.0,3.0,1.0,1.0,27.4,27.0,both,6.803892,8.956983,mif_register_axis_swap_corrected,"Register had lon/lat swapped (register lon=8.956983, lat=6.803892); corrected using MIF point."
HF00599,Irongoni Comprehensive Health Centre,Comprehensive Health Centre,Daikema,Agblasa,Tivbetu Central,Tivbetu State,Public,"7,491998","10,341278",7.491998,comma_decimal,10.341278,comma_decimal,ok,,7.491998,10.341278,0.0,4.0,4.0,2.0,6.0,30.9,27.0,both,7.491998,10.341278,mif_consistent_with_register,
HF01180,Loknami Comprehensive Health Centre,Comprehensive Health Centre,Maljini,Maljiwo,Agbkeko North,Agbkeko State,Public,9.670313,9.203031,9.670313,plain,9.203031,plain,ok,,9.670313,9.203031,2.0,6.0,4.0,3.0,2.0,52.0,4.0,both,9.670313,9.203031,mif_consistent_with_register,
HF00339,Agbdena Primary Health Centre,Primary Health Centre,Umubeli,Gwodele-South,Agbzatu North,Agbzatu State,Public,8.22584,7.654272,8.22584,plain,7.654272,plain,ok,,8.22584,7.654272,0.0,2.0,2.0,1.0,2.0,17.1,53.0,both,8.22584,7.654272,mif_consistent_with_register,
HF00522,Lokbani Health Post,Health Post,Supbena,Agbzawa-South,Tivbetu North,Tivbetu State,Public,8.366415,9.790939,8.366415,plain,9.790939,plain,ok,,8.366415,9.790939,0.0,0.0,1.0,0.0,0.0,1.3,82.0,both,8.366415,9.790939,mif_consistent_with_register,
HF00390,Yobwawo Primary Health Centre,Primary Health Centre,Oluketa,ENUTIFA,Agbzatu Central,Agbzatu State,Private,7.20362,7.951939,7.20362,plain,7.951939,plain,ok,,7.20362,7.951939,1.0,6.0,3.0,2.0,1.0,35.4,13.0,both,7.20362,7.951939,mif_consistent_with_register,
HF00036,Kadnatu Primary Health Centre,Primary Health Centre,Baulako,Riylude-North,Kukrima North,Kukrima State,Public,6.338552,9.581223,6.338552,plain,9.581223,plain,ok,,6.338552,9.581223,0.0,2.0,6.0,1.0,0.0,15.6,54.0,both,6.338552,9.581223,mif_consistent_with_register,
HF00287,Hanlutu Primary Health Centre,Primary Health Centre,Riysafa,Supyoshi-East ,Agbzatu North,Agbzatu State,Public,7.813168,7.272497,7.813168,plain,7.272497,plain,ok,,,,,,,,,,,left_only,7.813168,7.272497,register,
HF00623,Zamkewo Comprehensive Health Centre,Comprehensive Health Centre,Supsani,Daidefa ,Tivbetu Central,Tivbetu State,Public,6.946914,11.012054,6.946914,plain,11.012054,plain,ok,,6.946914,11.012054,0.0,0.0,12.0,2.0,3.0,32.8,25.0,both,6.946914,11.012054,mif_consistent_with_register,
HF00315,Enubata Health Post,Health Post,Gwonade,Josduri-South,Agbzatu North,Agbzatu State,Public,7.691968,7.631296,7.691968,plain,7.631296,plain,ok,,7.691968,7.631296,1.0,0.0,1.0,0.0,1.0,12.8,64.0,both,7.691968,7.631296,mif_consistent_with_register,
HF01032,Zamlushi Health Post,Health Post,Gwonashi,Josmiba,Supwasa Central,Supwasa State,Faith-based,10.446583,10.531729,10.446583,plain,10.531729,plain,ok,,10.446583,10.531729,0.0,0.0,1.0,1.0,1.0,8.4,86.0,both,10.446583,10.531729,mif_consistent_with_register,
HF00319,Wurngoma Cottage Hospital,Cottage Hospital,Joskoko,GwodeleSouth,Agbzatu North,Agbzatu State,Faith-based,8.125017,7.265829,8.125017,plain,7.265829,plain,ok,,8.125017,7.265829,1.0,0.0,11.0,3.0,3.0,43.5,13.0,both,8.125017,7.265829,mif_consistent_with_register,
HF00775,Daimashi Comprehensive Health Centre,Comprehensive Health Centre,Agbnana,Tamluni,Uzojina North,Uzojina State,Public,8.608941,7.964657,8.608941,plain,7.964657,plain,ok,,8.608941,7.964657,0.0,3.0,18.0,2.0,0.0,33.8,22.0,both,8.608941,7.964657,mif_consistent_with_register,
HF01114,Irolule Primary Health Centre,Primary Health Centre,Agbmile,Oluyofa,Supwasa South,Supwasa State,Public,9.331458,11.496599,9.331458,plain,11.496599,plain,ok,,9.331458,11.496599,0.0,1.0,3.0,0.0,1.0,9.3,46.0,both,9.331458,11.496599,mif_consistent_with_register,
HF01118,Nasriru Health Post,Health Post,Ekenuno,Oluyofa LGA,Supwasa South,Supwasa State,Public,9.271003,11.204682,9.271003,plain,11.204682,plain,ok,,9.271003,11.204682,0.0,1.0,1.0,0.0,0.0,3.4,56.0,both,9.271003,11.204682,mif_consistent_with_register,
HF00716,Supmiwa Comprehensive Health Centre,Comprehensive Health Centre,Zambema,Tivrafa-West,Uzojina North,Uzojina State,Private,9.162223,7.853431,9.162223,plain,7.853431,plain,ok,,,,,,,,,,,left_only,9.162223,7.853431,register,
HF01307,Sokritu Health Post,Health Post,Malsharu,Ngemidu,Agbkeko South,Agbkeko State,Private,10.331032,9.767527,10.331032,plain,9.767527,plain,ok,,10.331032,9.767527,1.0,2.0,1.0,0.0,0.0,13.7,41.0,both,10.331032,9.767527,mif_consistent_with_register,
HF00062,Ekenafa Primary Health Centre,Primary Health Centre,Aderita,Shajima,Kukrima North,Kukrima State,Public,5.847472,9.075516,5.847472,plain,9.075516,plain,ok,,5.847472,9.075516,0.0,4.0,3.0,1.0,0.0,15.9,52.0,both,5.847472,9.075516,mif_consistent_with_register,
HF00453,Daisari Primary Health Centre,Primary Health Centre,Okelaja,Daishako,Agbzatu South,Agbzatu State,Public,,,,missing,,missing,missing_coordinates,,7.565896,8.817205,1.0,2.0,5.0,0.0,0.0,18.8,37.0,both,7.565896,8.817205,mif_only_register_missing,
HF00631,Kadmawo Primary Health Centre,Primary Health Centre,Hanluri,Joskeru,Tivbetu South,Tivbetu State,Private,8.297274,10.988237,8.297274,plain,10.988237,plain,ok,,,,,,,,,,,left_only,8.297274,10.988237,register,
HF00163,Ngeduma General Hospital,General Hospital,Olubewo,Wurmashi,Kukrima Central,Kukrima State,Private,7.372612,9.825712,7.372612,plain,9.825712,plain,ok,,7.372612,9.825712,4.0,12.0,10.0,0.0,3.0,77.8,1.0,both,7.372612,9.825712,mif_consistent_with_register,
HF01010,Tamduni Cottage Hospital,Cottage Hospital,Irozari,Funkedu,Supwasa Central,Supwasa State,Public,10.308312,11.50089,10.308312,plain,11.50089,plain,ok,,10.308312,11.50089,16.0,16.0,0.0,0.0,1.0,58.3,12.0,both,10.308312,11.50089,mif_consistent_with_register,
HF00729,Umukemi Comprehensive Health Centre,Comprehensive Health Centre,Uzodumi,Agbkotu-South LGA,Uzojina North,Uzojina State,Public,8.217868,8.365974,8.217868,plain,8.365974,plain,ok,,8.217868,8.365974,1.0,7.0,12.0,7.0,6.0,63.1,3.0,both,8.217868,8.365974,mif_consistent_with_register,
HF00876,Irokoli Health Post,Health Post,Tamduri,Olubani-South,Uzojina South,Uzojina State,Public,8.297465,8.620468,8.297465,plain,8.620468,plain,ok,,8.297465,8.620468,0.0,2.0,3.0,0.0,1.0,11.3,57.0,both,8.297465,8.620468,mif_consistent_with_register,
HF00358,Riymini Primary Health Centre,Primary Health Centre,Funzako,Irosaja,Agbzatu Central,Agbzatu State,Public,"6°38'05.0""E","8°02'47.4""N",6.634722222222222,dms,8.0465,dms,ok,,6.634721,8.046505,1.0,0.0,4.0,0.0,0.0,13.3,54.0,both,6.634721,8.046505,mif_consistent_with_register,
HF00254,Agbmade Primary Health Centre,Primary Health Centre,Kadbetu,Agbmita ,Agbzatu North,Agbzatu State,Private,7.863119,8.300637,7.863119,plain,8.300637,plain,ok,,7.863119,8.300637,0.0,0.0,2.0,1.0,0.0,6.3,78.0,both,7.863119,8.300637,mif_consistent_with_register,
HF00097,Tamnayi Health Post,Health Post,Hanlana,Yelkefa ,Kukrima Central,Kukrima State,Public,7.321908,9.436841,7.321908,plain,9.436841,plain,ok,,7.321908,9.436841,0.0,1.0,1.0,0.0,0.0,3.4,68.0,both,7.321908,9.436841,mif_consistent_with_register,
HF00245,Tamlasa Comprehensive Health Centre,Comprehensive Health Centre,Ekezali,Yobkosa-South ,Agbzatu North,Agbzatu State,Public,7.396388,7.52661,7.396388,plain,7.52661,plain,ok,,7.396388,7.52661,1.0,6.0,2.0,4.0,1.0,41.6,14.0,both,7.396388,7.52661,mif_consistent_with_register,
HF00114,Nasshade Primary Health Centre,Primary Health Centre,Eketsino,Agbnumi,Kukrima Central,Kukrima State,Public,7.073944,9.378171,7.073944,plain,9.378171,plain,ok,,7.073944,9.378171,1.0,0.0,4.0,1.0,0.0,17.1,40.0,both,7.073944,9.378171,mif_consistent_with_register,
HF01264,Yelzawo Primary Health Centre,Primary Health Centre,Dailutu,Zamjidu,Agbkeko Central,Agbkeko State,Private,9.631287,10.053679,9.631287,plain,10.053679,plain,ok,,9.631287,10.053679,3.0,1.0,5.0,2.0,0.0,40.6,23.0,both,9.631287,10.053679,mif_consistent_with_register,
HF00745,Olunusa Primary Health Centre,Primary Health Centre,Daitsitu,Agbkotu-South,Uzojina North,Uzojina State,Public,8.429242,8.148335,8.429242,plain,8.148335,plain,ok,,8.429242,8.148335,0.0,6.0,2.0,0.0,0.0,15.1,49.0,both,8.429242,8.148335,mif_consistent_with_register,
HF00137,Zambawo Comprehensive Health Centre,Comprehensive Health Centre,Malsana,Gwolama,Kukrima Central,Kukrima State,Public,6.875789,9.464973,6.875789,plain,9.464973,plain,ok,,6.875789,9.464973,0.0,6.0,7.0,1.0,2.0,31.9,17.0,both,6.875789,9.464973,mif_consistent_with_register,
HF00013,Funnuba Primary Health Centre,Primary Health Centre,Maltsisa,Katmaba,Kukrima North,Kukrima State,Public,5.787011,9.350461,5.787011,plain,9.350461,plain,ok,,5.787011,9.350461,1.0,7.0,0.0,0.0,1.0,26.1,35.0,both,5.787011,9.350461,mif_consistent_with_register,
HF00392,Yelngotu Primary Health Centre,Primary Health Centre,Fundudu,Enutifa,Agbzatu Central,Agbzatu State,Public,7.220875,8.156061,7.220875,plain,8.156061,plain,ok,,7.220875,8.156061,1.0,4.0,3.0,2.0,0.0,27.9,25.0,both,7.220875,8.156061,mif_consistent_with_register,
HF01194,Uzonumi General Hospital,General Hospital,Kuknayi,Yeltili,Agbkeko North,Agbkeko State,Public,10.236493,9.088785,10.236493,plain,9.088785,plain,ok,,10.236493,9.088785,2.0,9.0,17.0,1.0,1.0,62.3,2.0,both,10.236493,9.088785,mif_consistent_with_register,
HF00506,Ekelali Health Post,Health Post,Banluba,Bauzani,Tivbetu North,Tivbetu State,Private,7.881317,10.393352,7.881317,plain,10.393352,plain,ok,,7.881317,10.393352,0.0,3.0,1.0,0.0,0.0,7.5,73.0,both,7.881317,10.393352,mif_consistent_with_register,
HF00493,Tamyofa Health Post,Health Post,Birngoko,Agbtsiko,Tivbetu North,Tivbetu State,Public,7.904155,9.88681,7.904155,plain,9.88681,plain,ok,,7.904155,9.88681,1.0,2.0,1.0,0.0,0.0,13.7,59.0,both,7.904155,9.88681,mif_consistent_with_register,
HF00294,Wurtiko Primary Health Centre,Primary Health Centre,Adejisa,Supyoshi East,Agbzatu North,Agbzatu State,Public,7.846969,7.523123,7.846969,plain,7.523123,plain,ok,,7.846969,7.523123,0.0,6.0,5.0,0.0,0.0,18.9,47.0,both,7.846969,7.523123,mif_consistent_with_register,
HF00207,Malkotu Health Post,Health Post,Tamdule,Adenaja,Kukrima South,Kukrima State,Public,6.91537,10.657512,6.91537,plain,10.657512,plain,ok,,6.91537,10.657512,0.0,3.0,3.0,0.0,1.0,13.4,53.0,both,6.91537,10.657512,mif_consistent_with_register,
HF00807,Enunama Comprehensive Health Centre,Comprehensive Health Centre,Uzoyodu,Tamwata-South,Uzojina Central,Uzojina State,Public,10.088412,8.380318,10.088412,plain,8.380318,plain,ok,,10.088412,8.380318,1.0,7.0,10.0,2.0,2.0,49.7,11.0,both,10.088412,8.380318,mif_consistent_with_register,
HF01280,Funzako Primary Health Centre,Primary Health Centre,Adetsita,Nasnadu,Agbkeko South,Agbkeko State,Public,9.983622,10.245049,9.983622,plain,10.245049,plain,ok,,9.983622,10.245049,2.0,6.0,0.0,0.0,1.0,32.3,17.0,both,9.983622,10.245049,mif_consistent_with_register,
HF00714,Ekezari Health Post,Health Post,Maldule,Tivrafa-West,Uzojina North,Uzojina State,Public,9.253637,7.75297,9.253637,plain,7.75297,plain,ok,,,,,,,,,,,left_only,9.253637,7.75297,register,
HF00817,Enudema Primary Health Centre,Primary Health Centre,Supngotu,Daishali-Central,Uzojina Central,Uzojina State,Private,9.194847,8.295374,9.194847,plain,8.295374,plain,ok,,9.194847,8.295374,0.0,1.0,0.0,0.0,1.0,5.4,57.0,both,9.194847,8.295374,mif_consistent_with_register,
HF00080,Katshadu Comprehensive Health Centre,Comprehensive Health Centre,Fundeyi,Ibabani,Kukrima North,Kukrima State,Public,6.551028,9.23757,6.551028,plain,9.23757,plain,ok,,6.551028,9.23757,0.0,14.0,15.0,4.0,1.0,62.5,8.0,both,6.551028,9.23757,mif_consistent_with_register,
HF00883,Josduli Comprehensive Health Centre,Comprehensive Health Centre,Olulale,Uzorisa,Uzojina South,Uzojina State,Public,8.61,9.3,8.61,plain,9.3,plain,ok,,8.612814,9.302195,0.0,5.0,1.0,0.0,0.0,11.7,54.0,both,8.612814,9.302195,mif_consistent_with_register,
HF01026,Ekeshatu Health Post,Health Post,Ngetiba,Funkedu,Supwasa Central,Supwasa State,Public,10.386903,11.274294,10.386903,plain,11.274294,plain,ok,,10.386903,11.274294,0.0,2.0,2.0,1.0,1.0,13.8,72.0,both,10.386903,11.274294,mif_consistent_with_register,
HF00401,Riykoshi Primary Health Centre,Primary Health Centre,Zammasa,Supsama-South,Agbzatu Central,Agbzatu State,Public,6.329248,8.35941,6.329248,plain,8.35941,plain,ok,,6.329248,8.35941,0.0,3.0,3.0,0.0,1.0,13.4,52.0,both,6.329248,8.35941,mif_consistent_with_register,
HF00158,Funkoyi Primary Health Centre,Primary Health Centre,Birwari,WURMASHI,Kukrima Central,Kukrima State,Public,"7,32801","10,01993",7.32801,comma_decimal,10.01993,comma_decimal,ok,,7.32801,10.01993,3.0,3.0,3.0,1.0,0.0,38.5,10.0,both,7.32801,10.01993,mif_consistent_with_register,
HF00492,Irokono Health Post,Health Post,Birngoko,Agbtsiko,Tivbetu North,Tivbetu State,Public,7.896897,9.957972,7.896897,plain,9.957972,plain,ok,,7.896897,9.957972,0.0,1.0,2.0,0.0,1.0,8.0,72.0,both,7.896897,9.957972,mif_consistent_with_register,
HF01223,Yobmasa Comprehensive Health Centre,Comprehensive Health Centre,Birnuwa,Yobrifa-West,Agbkeko Central,Agbkeko State,Faith-based,9.208669,9.582208,9.208669,plain,9.582208,plain,ok,,9.208669,9.582208,0.0,15.0,21.0,3.0,3.0,66.2,9.0,both,9.208669,9.582208,mif_consistent_with_register,
HF00726,Enuradu Primary Health Centre,Primary Health Centre,Katmana,Dutjiri,Uzojina North,Uzojina State,Public,8.768756,8.107688,8.768756,plain,8.107688,plain,ok,,8.768756,8.107688,2.0,3.0,2.0,2.0,1.0,36.1,19.0,both,8.768756,8.107688,mif_consistent_with_register,
HF00681,Jossari Health Post,Health Post,Kukrali,Olujiwa,Tivbetu South,Tivbetu State,Public,8.133588,11.010768,8.133588,plain,11.010768,plain,ok,,8.133588,11.010768,1.0,4.0,2.0,0.0,0.0,19.1,52.0,both,8.133588,11.010768,mif_consistent_with_register,
HF00402,Tivlude Primary Health Centre,Primary Health Centre,Zammasa,Supsama-South,Agbzatu Central,Agbzatu State,Public,6.331815,8.476892,6.331815,plain,8.476892,plain,ok,,,,,,,,,,,left_only,6.331815,8.476892,register,
HF00180,Nastile Primary Health Centre,Primary Health Centre,Baujina,Daizade,Kukrima South,Kukrima State,Public,6.180701,10.398511,6.180701,plain,10.398511,plain,ok,,6.180701,10.398511,1.0,2.0,7.0,0.0,1.0,24.7,36.0,both,6.180701,10.398511,mif_consistent_with_register,
HF00922,Tivnatu Primary Health Centre,Primary Health Centre,Nastino,Zamberi-North,Uzojina South,Uzojina State,Public,,,,missing,,missing,missing_coordinates,,,,,,,,,,,left_only,,,register,
HF00079,Nasngode Health Post,Health Post,Fundeyi,Ibabani,Kukrima North,Kukrima State,Public,6.647426,9.207911,6.647426,plain,9.207911,plain,ok,,6.647426,9.207911,0.0,2.0,2.0,0.0,0.0,6.7,72.0,both,6.647426,9.207911,mif_consistent_with_register,
HF00987,Funngole Cottage Hospital,Cottage Hospital,Lokrana,Zambani,Supwasa Central,Supwasa State,Public,10.051964,11.442163,10.051964,plain,11.442163,plain,ok,,10.051964,11.442163,0.0,12.0,21.0,0.0,0.0,45.0,31.0,both,10.051964,11.442163,mif_consistent_with_register,
HF01266,Okebede Health Post,Health Post,Wurbali,ZAMJIDU,Agbkeko Central,Agbkeko State,Public,9.721704,10.285211,9.721704,plain,10.285211,plain,ok,,9.721704,10.285211,0.0,1.0,3.0,0.0,0.0,5.9,65.0,both,9.721704,10.285211,mif_consistent_with_register,
HF01117,Enumitu General Hospital,General Hospital,Ekenuno,Oluyofa,Supwasa South,Supwasa State,Public,9.240381,11.194036,9.240381,plain,11.194036,plain,ok,,9.240381,11.194036,0.0,10.0,8.0,6.0,1.0,49.4,3.0,both,9.240381,11.194036,mif_consistent_with_register,
HF00737,Okenana Cottage Hospital,Cottage Hospital,Enumitu,Agbkotu-South,Uzojina North,Uzojina State,Public,8.408827,7.977742,8.408827,plain,7.977742,plain,ok,,8.408827,7.977742,8.0,22.0,18.0,5.0,2.0,96.7,1.0,both,8.408827,7.977742,mif_consistent_with_register,
HF00695,Sokmiru Primary Health Centre,Primary Health Centre,Dutrama,Adekowo,Tivbetu South,Tivbetu State,Public,8.427249,11.443271,8.427249,plain,11.443271,plain,ok,,8.427249,11.443271,0.0,7.0,5.0,0.0,0.0,21.0,48.0,both,8.427249,11.443271,mif_consistent_with_register,
HF00320,Jostile Primary Health Centre,Primary Health Centre,Josbesa,Gwodele South,Agbzatu North,Agbzatu State,Public,8.037996,7.485179,8.037996,plain,7.485179,plain,ok,,8.037996,7.485179,1.0,5.0,0.0,0.0,0.0,18.6,48.0,both,8.037996,7.485179,mif_consistent_with_register,
HF00485,Tivkeko Health Post,Health Post,Funbayi,Tivsano-North,Tivbetu North,Tivbetu State,Public,8.322352,10.370432,8.322352,plain,10.370432,plain,ok,,8.322352,10.370432,0.0,1.0,2.0,1.0,0.0,8.4,71.0,both,8.322352,10.370432,mif_consistent_with_register,
HF00199,Uzowaja Health Post,Health Post,Kukjimi,UMUMITU,Kukrima South,Kukrima State,Public,6.850184,10.934481,6.850184,plain,10.934481,plain,ok,,6.850184,10.934481,1.0,0.0,0.0,0.0,1.0,11.6,56.0,both,6.850184,10.934481,mif_consistent_with_register,
HF00818,Supride Health Post,Health Post,Supngotu,Daishali-Central,Uzojina Central,Uzojina State,Faith-based,9.064413,8.370969,9.064413,plain,8.370969,plain,ok,,9.064413,8.370969,0.0,0.0,1.0,0.0,0.0,1.3,68.0,both,9.064413,8.370969,mif_consistent_with_register,
HF00712,Dutmino Primary Health Centre,Primary Health Centre,Maldule,Tivrafa-West,Uzojina North,Uzojina State,Public,9.195903,7.733946,9.195903,plain,7.733946,plain,ok,,9.195903,7.733946,0.0,8.0,8.0,1.0,0.0,30.6,24.0,both,9.195903,7.733946,mif_consistent_with_register,
HF00621,Bautimi Primary Health Centre,Primary Health Centre,Yobzade,Daidefa,Tivbetu Central,Tivbetu State,Public,6.962039,11.197645,6.962039,plain,11.197645,plain,ok,,6.962039,11.197645,2.0,2.0,3.0,2.0,0.0,31.9,26.0,both,6.962039,11.197645,mif_consistent_with_register,
HF01047,Olurade Primary Health Centre,Primary Health Centre,Hanbeko,KATDUDU,Supwasa Central,Supwasa State,Public,9.903174,10.47537,9.903174,plain,10.47537,plain,ok,,9.903174,10.47537,4.0,7.0,10.0,2.0,0.0,64.9,9.0,both,9.903174,10.47537,mif_consistent_with_register,
HF00439,Adezano Primary Health Centre,Primary Health Centre,Daijiwa,Agbngoru,Agbzatu South,Agbzatu State,Public,7.451157,8.365148,7.451157,plain,8.365148,plain,ok,,7.451157,8.365148,1.0,3.0,5.0,1.0,1.0,27.9,24.0,both,7.451157,8.365148,mif_consistent_with_register,
HF01303,Umutsini Primary Health Centre,Primary Health Centre,Adenashi,Ngemidu,Agbkeko South,Agbkeko State,Public,10.108152,9.834896,10.108152,plain,9.834896,plain,ok,,10.108152,9.834896,2.0,0.0,0.0,1.0,0.0,20.2,31.0,both,10.108152,9.834896,mif_consistent_with_register,
HF00134,Enungowa Comprehensive Health Centre,Comprehensive Health Centre,Adetidu,Gwolama,Kukrima Central,Kukrima State,Public,6.720903,9.69918,6.720903,plain,9.69918,plain,ok,,6.720903,9.69918,0.0,4.0,5.0,0.0,0.0,14.7,43.0,both,6.720903,9.69918,mif_consistent_with_register,
HF00815,Hanlaba Comprehensive Health Centre,Comprehensive Health Centre,Daideli,Daishali-Central,Uzojina Central,Uzojina State,Public,9.016716,8.172384,9.016716,plain,8.172384,plain,ok,,9.016716,8.172384,1.0,6.0,5.0,0.0,1.0,30.4,20.0,both,9.016716,8.172384,mif_consistent_with_register,
HF00647,Kukrawo Health Post,Health Post,Hanraru,Tamlufa-East,Tivbetu South,Tivbetu State,Private,8.762285,10.494411,8.762285,plain,10.494411,plain,ok,,8.762285,10.494411,1.0,2.0,2.0,1.0,0.0,18.7,53.0,both,8.762285,10.494411,mif_consistent_with_register,
HF00863,Tivbana Primary Health Centre,Primary Health Centre,Kadbana,Tivngoba,Uzojina South,Uzojina State,Public,8.877169,8.876026,8.877169,plain,8.876026,plain,ok,,8.877169,8.876026,2.0,5.0,6.0,1.0,1.0,41.6,19.0,both,8.877169,8.876026,mif_consistent_with_register,
HF00900,Irozawa Primary Health Centre,Primary Health Centre,Funkotu,Hansatu,Uzojina South,Uzojina State,Public,8.739818,9.235174,8.739818,plain,9.235174,plain,ok,,8.739818,9.235174,3.0,5.0,5.0,1.0,0.0,45.2,17.0,both,8.739818,9.235174,mif_consistent_with_register,
HF00408,Kadtija General Hospital,General Hospital,Malrama,Supsama-South,Agbzatu Central,Agbzatu State,Public,6.458664,8.339632,6.458664,plain,8.339632,plain,ok,,6.458664,8.339632,0.0,0.0,15.0,0.0,7.0,29.2,24.0,both,6.458664,8.339632,mif_consistent_with_register,
HF00155,Adebetu Comprehensive Health Centre,Comprehensive Health Centre,Hanluta,Wurmashi,Kukrima Central,Kukrima State,Public,7.328893,10.089911,7.328893,plain,10.089911,plain,ok,,7.328893,10.089911,1.0,4.0,6.0,3.0,0.0,35.5,12.0,both,7.328893,10.089911,mif_consistent_with_register,
HF01030,Umungole Health Post,Health Post,Wurbasa,Funkedu,Supwasa Central,Supwasa State,Public,10.557672,11.275906,10.557672,plain,11.275906,plain,ok,,10.557672,11.275906,0.0,2.0,0.0,1.0,1.0,11.2,84.0,both,10.557672,11.275906,mif_consistent_with_register,
HF00279,Tamkosa Primary Health Centre,Primary Health Centre,Wurngowo,Malmaba,Agbzatu North,Agbzatu State,Public,7.687308,8.172457,7.687308,plain,8.172457,plain,ok,,7.687308,8.172457,0.0,2.0,3.0,2.0,0.0,15.5,57.0,both,7.687308,8.172457,mif_consistent_with_register,
HF00795,Enutija Primary Health Centre,Primary Health Centre,Yelbeba,Tamwata-South,Uzojina Central,Uzojina State,Private,9.969188,8.285255,9.969188,plain,8.285255,plain,ok,,9.969188,8.285255,1.0,4.0,4.0,1.0,0.0,25.4,27.0,both,9.969188,8.285255,mif_consistent_with_register,
HF00116,Gwoderi Primary Health Centre,Primary Health Centre,Wurshama,Agbnumi,Kukrima Central,Kukrima State,Public,,,,missing,,missing,missing_coordinates,,7.28864,9.293543,3.0,1.0,4.0,0.0,1.0,35.2,13.0,both,7.28864,9.293543,mif_only_register_missing,
HF00597,Kadmiru Cottage Hospital,Cottage Hospital,Hanlashi,Agblasa,Tivbetu Central,Tivbetu State,Public,7.289865,10.438936,7.289865,plain,10.438936,plain,ok,,7.289865,10.438936,0.0,6.0,13.0,0.0,3.0,39.1,19.0,both,7.289865,10.438936,mif_consistent_with_register,
HF00209,Ibabawo Primary Health Centre,Primary Health Centre,Kuktsino,Adenaja,Kukrima South,Kukrima State,Public,7.064385,10.437278,7.064385,plain,10.437278,plain,ok,,7.064385,10.437278,1.0,5.0,4.0,3.0,2.0,41.7,20.0,both,7.064385,10.437278,mif_consistent_with_register,
HF00719,Agbshaja Comprehensive Health Centre,Comprehensive Health Centre,Ibalana,Dutjiri,Uzojina North,Uzojina State,Private,8.632798,8.112821,8.632798,plain,8.112821,plain,ok,,8.632798,8.112821,2.0,4.0,12.0,0.0,2.0,46.8,6.0,both,8.632798,8.112821,mif_consistent_with_register,
HF00586,Tivngoko Primary Health Centre,Primary Health Centre,Tivzana,Irongori,Tivbetu Central,Tivbetu State,Public,7.802457,10.892201,7.802457,plain,10.892201,plain,ok,,7.802457,10.892201,0.0,7.0,6.0,2.0,1.0,33.1,23.0,both,7.802457,10.892201,mif_consistent_with_register,
HF01033,Irozari Comprehensive Health Centre,Comprehensive Health Centre,Gwonashi,Josmiba,Supwasa Central,Supwasa State,Public,10.424916,10.374908,10.424916,plain,10.374908,plain,ok,,,,,,,,,,,left_only,10.424916,10.374908,register,
HF00469,Olutsini Health Post,Health Post,Sokmimi,NGETIJA,Agbzatu South,Agbzatu State,Public,7.397743,9.157751,7.397743,plain,9.157751,plain,ok,,7.397743,9.157751,0.0,0.0,1.0,0.0,0.0,1.3,63.0,both,7.397743,9.157751,mif_consistent_with_register,
HF00540,Josrishi Health Post,Health Post,Yelnuba,Uzoberi,Tivbetu North,Tivbetu State,Public,8.812666,10.40768,8.812666,plain,10.40768,plain,ok,,8.812666,10.40768,0.0,0.0,0.0,1.0,0.0,3.8,79.0,both,8.812666,10.40768,mif_consistent_with_register,
HF00836,Lokkoma Primary Health Centre,Primary Health Centre,Dairili,Dutkeni,Uzojina Central,Uzojina State,Private,9.633994,8.617211,9.633994,plain,8.617211,plain,ok,,9.633994,8.617211,0.0,6.0,0.0,1.0,1.0,19.6,33.0,both,9.633994,8.617211,mif_consistent_with_register,
HF00529,Okeludu Primary Health Centre,Primary Health Centre,Ngebana,Hansaba,Tivbetu North,Tivbetu State,Public,8.617094,9.942694,8.617094,plain,9.942694,plain,ok,,8.617094,9.942694,0.0,3.0,4.0,2.0,1.0,22.2,37.0,both,8.617094,9.942694,mif_consistent_with_register,
HF00240,Tamsali Comprehensive Health Centre,Comprehensive Health Centre,Zammiwa,Yobkosa-South,Agbzatu North,Agbzatu State,Public,7.152962,7.587244,7.152962,plain,7.587244,plain,ok,,,,,,,,,,,left_only,7.152962,7.587244,register,
HF01270,Gwolani Primary Health Centre,Primary Health Centre,Bantsile,Nasnadu,Agbkeko South,Agbkeko State,Public,9.777677,10.31171,9.777677,plain,10.31171,plain,ok,,9.777677,10.31171,1.0,0.0,6.0,2.0,1.0,26.7,19.0,both,9.777677,10.31171,mif_consistent_with_register,
HF00458,Hankemi Primary Health Centre,Primary Health Centre,Agbkota,BANNGONO,Agbzatu South,Agbzatu State,Faith-based,7.341541,8.963465,7.341541,plain,8.963465,plain,ok,,7.341541,8.963465,2.0,0.0,5.0,2.0,1.0,33.7,16.0,both,7.341541,8.963465,mif_consistent_with_register,
HF00420,Irodesa Primary Health Centre,Primary Health Centre,Kadmaja,Oketsifa,Agbzatu South,Agbzatu State,Public,,,,missing,,missing,missing_coordinates,,7.969425,8.716564,2.0,2.0,5.0,0.0,0.0,27.0,26.0,both,7.969425,8.716564,mif_only_register_missing,
HF00264,Ademawo Primary Health Centre,Primary Health Centre,Tivlawa,Agbmita,Agbzatu North,Agbzatu State,Private,7.967791,7.894853,7.967791,plain,7.894853,plain,ok,,7.967791,7.894853,0.0,0.0,4.0,1.0,1.0,12.2,66.0,both,7.967791,7.894853,mif_consistent_with_register,
HF01104,Tamwani Comprehensive Health Centre,Comprehensive Health Centre,Agbdeni,Loknaba,Supwasa South,Supwasa State,Private,8.916813,11.497722,8.916813,plain,11.497722,plain,ok,,,,,,,,,,,left_only,8.916813,11.497722,register,
HF00920,Eketsiyi Health Post,Health Post,Yobkono,Banluwo,Uzojina South,Uzojina State,Public,8.746025,8.414476,8.746025,plain,8.414476,plain,ok,,,,,,,,,,,left_only,8.746025,8.414476,register,
HF01084,Katkele Primary Health Centre,Primary Health Centre,Shaketa,Ekedeta-East ,Supwasa South,Supwasa State,Public,9.735351,11.534799,9.735351,plain,11.534799,plain,ok,,9.735351,11.534799,1.0,1.0,2.0,2.0,0.0,20.4,25.0,both,9.735351,11.534799,mif_consistent_with_register,
HF00947,Adelani Health Post,Health Post,Uzotsija,Adekeni ,Supwasa North,Supwasa State,Public,9.572284,10.990339,9.572284,plain,10.990339,plain,ok,,9.572284,10.990339,0.0,0.0,0.0,0.0,0.0,0.0,38.0,both,9.572284,10.990339,mif_consistent_with_register,
HF00906,Birmaba General Hospital,General Hospital,Katlale,Hansatu,Uzojina South,Uzojina State,Public,9.11739,9.237454,9.11739,plain,9.237454,plain,ok,,9.11739,9.237454,2.0,19.0,19.0,6.0,4.0,86.4,2.0,both,9.11739,9.237454,mif_consistent_with_register,
HF00431,Yobtifa Cottage Hospital,Cottage Hospital,Oludude,Oketsifa ,Agbzatu South,Agbzatu State,Faith-based,7.906886,8.425708,7.906886,plain,8.425708,plain,ok,,7.906886,8.425708,0.0,6.0,14.0,5.0,3.0,55.4,8.0,both,7.906886,8.425708,mif_consistent_with_register,
HF00203,Funkota Health Post,Health Post,Ibanana,Adenaja,Kukrima South,Kukrima State,Public,6.759104,10.578527,6.759104,plain,10.578527,plain,ok,,6.759104,10.578527,1.0,3.0,3.0,1.0,0.0,22.1,38.0,both,6.759104,10.578527,mif_consistent_with_register,
HF00184,Bantsiyi Primary Health Centre,Primary Health Centre,Dainali,Daizade LGA,Kukrima South,Kukrima State,Public,6.523993,10.49626,6.523993,plain,10.49626,plain,ok,,6.523993,10.49626,1.0,4.0,13.0,3.0,1.0,47.7,17.0,both,6.523993,10.49626,mif_consistent_with_register,
HF00178,Adekoja Comprehensive Health Centre,Comprehensive Health Centre,Baujina,Daizade,Kukrima South,Kukrima State,Private,6.17052,10.410985,6.17052,plain,10.410985,plain,ok,,6.17052,10.410985,4.0,10.0,1.0,2.0,5.0,69.6,6.0,both,6.17052,10.410985,mif_consistent_with_register,
HF00937,Maltsiyi Primary Health Centre,Primary Health Centre,Josmatu,Zamberi-North,Uzojina South,Uzojina State,Public,8.729747,8.717338,8.729747,plain,8.717338,plain,ok,,8.729747,8.717338,0.0,1.0,10.0,3.0,1.0,29.4,27.0,both,8.729747,8.717338,mif_consistent_with_register,
HF01271,Shaduna Comprehensive Health Centre,Comprehensive Health Centre,Bantsile,Nasnadu,Agbkeko South,Agbkeko State,Private,19.692101,10.283345,19.692101,plain,10.283345,plain,ok,,9.805692,10.283345,5.0,11.0,2.0,2.0,1.0,66.3,4.0,both,9.805692,10.283345,mif_preferred_register_unreliable,"Register coordinate (19.692101, 10.283345) is 1081.6 km from the MIF point and not explained by an axis swap. Register value falls outside the boundary extent; MIF point used. FLAGGED FOR MANUAL FIELD VERIFICATION."
HF01293,Riyyoyi General Hospital,General Hospital,Ekejini,ENUMIJA,Agbkeko South,Agbkeko State,Public,10.706274,10.240565,10.706274,plain,10.240565,plain,ok,,10.706274,10.240565,0.0,0.0,17.0,12.0,8.0,45.0,11.0,both,10.706274,10.240565,mif_consistent_with_register,
HF00083,Hantisa Comprehensive Health Centre,Comprehensive Health Centre,Lokdushi,Ekejisa-North,Kukrima North,Kukrima State,Public,5.69673,9.468527,5.69673,plain,9.468527,plain,ok,,5.69673,9.468527,5.0,11.0,12.0,0.0,2.0,74.9,4.0,both,5.69673,9.468527,mif_consistent_with_register,
HF00159,Malduwo Primary Health Centre,Primary Health Centre,Birwari,Wurmashi,Kukrima Central,Kukrima State,Public,7.232863,9.979617,7.232863,plain,9.979617,plain,ok,,7.232863,9.979617,0.0,4.0,1.0,1.0,1.0,16.7,41.0,both,7.232863,9.979617,mif_consistent_with_register,
HF00086,Jostita Primary Health Centre,Primary Health Centre,Sokjitu,Ekejisa-North,Kukrima North,Kukrima State,Public,5.772775,9.779541,5.772775,plain,9.779541,plain,ok,,5.772775,9.779541,0.0,4.0,8.0,2.0,1.0,29.4,31.0,both,5.772775,9.779541,mif_consistent_with_register,
HF00154,Shalana Primary Health Centre,Primary Health Centre,Hanluta,Wurmashi LGA,Kukrima Central,Kukrima State,Public,7.337601,10.099004,7.337601,plain,10.099004,plain,ok,,7.337601,10.099004,1.0,2.0,4.0,0.0,1.0,20.8,35.0,both,7.337601,10.099004,mif_consistent_with_register,
HF00885,Bauwaru Primary Health Centre,Primary Health Centre,Umurifa,Uzorisa,Uzojina South,Uzojina State,Public,8.560145,9.157302,8.560145,plain,9.157302,plain,ok,,8.560145,9.157302,3.0,7.0,5.0,1.0,1.0,52.7,6.0,both,8.560145,9.157302,mif_consistent_with_register,
HF00634,Ngetsidu Primary Health Centre,Primary Health Centre,Hanluri,Joskeru,Tivbetu South,Tivbetu State,Public,8.371635,11.02418,8.371635,plain,11.02418,plain,ok,,8.371635,11.02418,1.0,1.0,3.0,1.0,1.0,21.2,47.0,both,8.371635,11.02418,mif_consistent_with_register,
HF00126,Wurmini Primary Health Centre,Primary Health Centre,Kadjina,Agbjide,Kukrima Central,Kukrima State,Public,6.682408,9.132827,6.682408,plain,9.132827,plain,ok,,6.682408,9.132827,0.0,3.0,6.0,1.0,0.0,17.7,38.0,both,6.682408,9.132827,mif_consistent_with_register,
HF00523,Zamyodu Primary Health Centre,Primary Health Centre,Ibarima,Agbzawa-South,Tivbetu North,Tivbetu State,Public,8.339937,9.618947,8.339937,plain,9.618947,plain,ok,,8.339937,9.618947,1.0,5.0,3.0,2.0,1.0,33.3,19.0,both,8.339937,9.618947,mif_consistent_with_register,
HF00824,Kadsadu Cottage Hospital,Cottage Hospital,Adetsidu,Daishali Central,Uzojina Central,Uzojina State,Public,9.306646,8.128605,9.306646,plain,8.128605,plain,ok,,9.306646,8.128605,3.0,3.0,8.0,0.0,0.0,41.1,16.0,both,9.306646,8.128605,mif_consistent_with_register,
HF01142,Zamtsili Primary Health Centre,Primary Health Centre,Bauyoyi,Sokmiri,Agbkeko North,Agbkeko State,Public,9.770981,9.088231,9.770981,plain,9.088231,plain,ok,,9.770981,9.088231,0.0,2.0,3.0,1.0,1.0,15.1,33.0,both,9.770981,9.088231,mif_consistent_with_register,
HF00620,Ekemide Health Post,Health Post,Enurawo,Tivbani,Tivbetu Central,Tivbetu State,Public,7.633096,10.558365,7.633096,plain,10.558365,plain,ok,,7.633096,10.558365,0.0,3.0,1.0,1.0,0.0,11.3,50.0,both,7.633096,10.558365,mif_consistent_with_register,
HF00976,Gwodusa Comprehensive Health Centre,Comprehensive Health Centre,Okenuko,WURYONA,Supwasa North,Supwasa State,Public,9.797223,10.381944,9.797223,plain,10.381944,plain,ok,,9.797223,10.381944,0.0,2.0,4.0,2.0,0.0,16.8,17.0,both,9.797223,10.381944,mif_consistent_with_register,
HF01008,Yobngoli Cottage Hospital,Cottage Hospital,Irozari,Funkedu,Supwasa Central,Supwasa State,Public,10.291289,11.391382,10.291289,plain,11.391382,plain,ok,,10.291289,11.391382,1.0,10.0,20.0,1.0,0.0,52.8,20.0,both,10.291289,11.391382,mif_consistent_with_register,
HF00711,Biryono Primary Health Centre,Primary Health Centre,Maldule,Tivrafa-West,Uzojina North,Uzojina State,Public,9.188483,7.66625,9.188483,plain,7.66625,plain,ok,,9.188483,7.66625,0.0,1.0,2.0,3.0,2.0,22.6,36.0,both,9.188483,7.66625,mif_consistent_with_register,
HF00949,Dutride General Hospital,General Hospital,Okezari,Adekeni,Supwasa North,Supwasa State,Public,"9,611282","10,806318",9.611282,comma_decimal,10.806318,comma_decimal,ok,,9.611282,10.806318,2.0,2.0,9.0,0.0,0.0,32.1,10.0,both,9.611282,10.806318,mif_consistent_with_register,
HF00739,Umukode Primary Health Centre,Primary Health Centre,Enumitu,Agbkotu-South,Uzojina North,Uzojina State,Public,8.295702,8.061593,8.295702,plain,8.061593,plain,ok,,8.295702,8.061593,1.0,1.0,0.0,1.0,1.0,17.4,44.0,both,8.295702,8.061593,mif_consistent_with_register,
HF00354,Shatsidu Comprehensive Health Centre,Comprehensive Health Centre,Shabeli,Zamkeri,Agbzatu Central,Agbzatu State,Public,6.976663,8.633944,6.976663,plain,8.633944,plain,ok,,6.976663,8.633944,1.0,4.0,11.0,1.0,2.0,41.0,8.0,both,6.976663,8.633944,mif_consistent_with_register,
HF01054,Ibaluta Primary Health Centre,Primary Health Centre,Wurtsiwa,Katdudu,Supwasa Central,Supwasa State,Public,10.115378,10.493284,10.115378,plain,10.493284,plain,ok,,10.115378,10.493284,0.0,8.0,9.0,2.0,0.0,35.7,47.0,both,10.115378,10.493284,mif_consistent_with_register,
HF00848,Yelluta Health Post,Health Post,Uzolaba,Adelaja-North LGA,Uzojina Central,Uzojina State,Public,-2.025305,8.528982,-2.025305,plain,8.528982,plain,ok,,9.431524,8.528982,0.0,1.0,2.0,0.0,0.0,4.6,59.0,both,9.431524,8.528982,mif_preferred_register_unreliable,"Register coordinate (-2.025305, 8.528982) is 1259.8 km from the MIF point and not explained by an axis swap. Register value falls outside the boundary extent; MIF point used. FLAGGED FOR MANUAL FIELD VERIFICATION."
HF00967,Olunadu Comprehensive Health Centre,Comprehensive Health Centre,Shazama,Wuryona,Supwasa North,Supwasa State,Public,9.648412,10.62545,9.648412,plain,10.62545,plain,ok,,9.648412,10.62545,0.0,6.0,3.0,0.0,0.0,16.3,19.0,both,9.648412,10.62545,mif_consistent_with_register,
HF00524,Dutdude Comprehensive Health Centre,Comprehensive Health Centre,Ibarima,AgbzawaSouth,Tivbetu North,Tivbetu State,Public,8.420957,9.544625,8.420957,plain,9.544625,plain,ok,,8.420957,9.544625,2.0,6.0,10.0,2.0,0.0,49.2,9.0,both,8.420957,9.544625,mif_consistent_with_register,
HF01167,Funnana Health Post,Health Post,Agbmama,Ngenuta-Central,Agbkeko North,Agbkeko State,Public,10.109794,8.527238,10.109794,plain,8.527238,plain,ok,,10.109794,8.527238,0.0,1.0,1.0,0.0,0.0,3.4,49.0,both,10.109794,8.527238,mif_consistent_with_register,
HF00907,Ibamana Primary Health Centre,Primary Health Centre,Katlale,Hansatu,Uzojina South,Uzojina State,Public,9.108846,9.398758,9.108846,plain,9.398758,plain,ok,,9.108846,9.398758,2.0,0.0,3.0,0.0,0.0,20.3,38.0,both,9.108846,9.398758,mif_consistent_with_register,
HF01267,Ibarani Health Post,Health Post,Funzata,Zamjidu,Agbkeko Central,Agbkeko State,Public,9.815728,10.058363,9.815728,plain,10.058363,plain,ok,,9.815728,10.058363,0.0,0.0,3.0,0.0,0.0,3.8,70.0,both,9.815728,10.058363,mif_consistent_with_register,
HF00286,Daingodu Primary Health Centre,Primary Health Centre,Riysafa,Supyoshi East,Agbzatu North,Agbzatu State,Public,7.721971,7.363033,7.721971,plain,7.363033,plain,ok,,7.721971,7.363033,1.0,1.0,2.0,0.0,1.0,16.2,56.0,both,7.721971,7.363033,mif_consistent_with_register,
HF00738,Wurnuni Primary Health Centre,Primary Health Centre,Enumitu,Agbkotu-South,Uzojina North,Uzojina State,Faith-based,8.282804,7.870243,8.282804,plain,7.870243,plain,ok,,8.282804,7.870243,2.0,8.0,4.0,2.0,0.0,45.7,7.0,both,8.282804,7.870243,mif_consistent_with_register,
HF01092,Uzoshama Health Post,Health Post,Hansasa,Baumiru LGA,Supwasa South,Supwasa State,Public,8.890092,11.167532,8.890092,plain,11.167532,plain,ok,,8.890092,11.167532,0.0,1.0,2.0,0.0,0.0,4.6,52.0,both,8.890092,11.167532,mif_consistent_with_register,
HF00779,Ibamino Primary Health Centre,Primary Health Centre,Banlama,Nassako-Central ,Uzojina North,Uzojina State,Public,8.391328,7.593854,8.391328,plain,7.593854,plain,ok,,8.391328,7.593854,0.0,6.0,3.0,2.0,1.0,27.2,28.0,both,8.391328,7.593854,mif_consistent_with_register,
HF00484,Daitsifa Health Post,Health Post,Shabafa,Tivsano-North,Tivbetu North,Tivbetu State,Private,8.195867,10.462858,8.195867,plain,10.462858,plain,ok,,8.195867,10.462858,1.0,1.0,2.0,0.0,0.0,12.9,63.0,both,8.195867,10.462858,mif_consistent_with_register,
HF00837,Malbami Primary Health Centre,Primary Health Centre,Supriyi,Dutkeni,Uzojina Central,Uzojina State,Private,9.648378,8.47573,9.648378,plain,8.47573,plain,ok,,9.648378,8.47573,0.0,0.0,6.0,2.0,1.0,18.5,38.0,both,9.648378,8.47573,mif_consistent_with_register,
HF00964,Ngengoru Cottage Hospital,Cottage Hospital,Kattino,Ibangosa,Supwasa North,Supwasa State,Public,9.421029,10.243308,9.421029,plain,10.243308,plain,ok,,9.421029,10.243308,1.0,0.0,6.0,2.0,1.0,26.7,11.0,both,9.421029,10.243308,mif_consistent_with_register,
HF00376,Funwafa Primary Health Centre,Primary Health Centre,Gwomali,Dutzama,Agbzatu Central,Agbzatu State,Public,7.06,7.56,7.06,plain,7.56,plain,ok,,7.064419,7.560213,1.0,3.0,2.0,1.0,1.0,24.1,32.0,both,7.064419,7.560213,mif_consistent_with_register,
HF00842,Hanrade Comprehensive Health Centre,Comprehensive Health Centre,Agbzali,Dutkeni,Uzojina Central,Uzojina State,Public,9.896609,8.483445,9.896609,plain,8.483445,plain,ok,,9.896609,8.483445,4.0,12.0,5.0,1.0,1.0,68.5,3.0,both,9.896609,8.483445,mif_consistent_with_register,
HF00299,Funyofa Primary Health Centre,Primary Health Centre,Loknuri,Hanraja,Agbzatu North,Agbzatu State,Private,7.485282,7.903418,7.485282,plain,7.903418,plain,ok,,7.485282,7.903418,2.0,4.0,4.0,1.0,2.0,40.3,15.0,both,7.485282,7.903418,mif_consistent_with_register,
HF00827,Birbeyi Comprehensive Health Centre,Comprehensive Health Centre,Tivlano,Yeltsina LGA,Uzojina Central,Uzojina State,Private,9.455965,8.894234,9.455965,plain,8.894234,plain,ok,,9.455965,8.894234,1.0,8.0,8.0,2.0,2.0,49.3,12.0,both,9.455965,8.894234,mif_consistent_with_register,
HF00946,Bandeno General Hospital,General Hospital,Uzotsija,Adekeni,Supwasa North,Supwasa State,Public,9.604945,10.891036,9.604945,plain,10.891036,plain,ok,,9.604945,10.891036,0.0,17.0,4.0,5.0,0.0,45.1,6.0,both,9.604945,10.891036,mif_consistent_with_register,
HF00899,Maltita Health Post,Health Post,Funkotu,Hansatu,Uzojina South,Uzojina State,Private,8.694335,9.05162,8.694335,plain,9.05162,plain,ok,,8.694335,9.05162,0.0,1.0,2.0,0.0,0.0,4.6,72.0,both,8.694335,9.05162,mif_consistent_with_register,
HF00306,Bauluni Primary Health Centre,Primary Health Centre,Tivjija,Hanraja,Agbzatu North,Agbzatu State,Public,7.534055,7.778562,7.534055,plain,7.778562,plain,ok,,7.534055,7.778562,1.0,5.0,3.0,1.0,0.0,26.2,35.0,both,7.534055,7.778562,mif_consistent_with_register,
HF01250,Katbefa Primary Health Centre,Primary Health Centre,Okebawo,Daibama,Agbkeko Central,Agbkeko State,Public,9.342473,9.818916,9.342473,plain,9.818916,plain,ok,,9.342473,9.818916,0.0,0.0,2.0,0.0,1.0,5.9,65.0,both,9.342473,9.818916,mif_consistent_with_register,
HF01044,Lokriri Primary Health Centre,Primary Health Centre,Funnuta,JOSMIBA,Supwasa Central,Supwasa State,Public,10.813933,10.433058,10.813933,plain,10.433058,plain,ok,,10.813933,10.433058,0.0,2.0,7.0,2.0,1.0,23.9,62.0,both,10.813933,10.433058,mif_consistent_with_register,
HF00044,Banzano Primary Health Centre,Primary Health Centre,Tamyowa,Irolufa,Kukrima North,Kukrima State,Faith-based,5.978349,9.791278,5.978349,plain,9.791278,plain,ok,,5.978349,9.791278,2.0,4.0,0.0,1.0,1.0,31.9,28.0,both,5.978349,9.791278,mif_consistent_with_register,
HF00122,Yelngona Health Post,Health Post,Wurdesa,AGBJIDE,Kukrima Central,Kukrima State,Public,6.775384,9.284507,6.775384,plain,9.284507,plain,ok,,6.775384,9.284507,0.0,1.0,2.0,1.0,0.0,8.4,57.0,both,6.775384,9.284507,mif_consistent_with_register,
HF01161,Ibanashi Primary Health Centre,Primary Health Centre,Tamsashi,Jostile,Agbkeko North,Agbkeko State,Public,9.972627,9.334659,9.972627,plain,9.334659,plain,ok,,9.972627,9.334659,0.0,1.0,2.0,1.0,0.0,8.4,43.0,both,9.972627,9.334659,mif_consistent_with_register,
HF01068,Okedele Health Post,Health Post,Hantsishi,Okeyoru-South,Supwasa Central,Supwasa State,Public,9.910485,10.873512,9.910485,plain,10.873512,plain,ok,,9.910485,10.873512,0.0,0.0,1.0,0.0,1.0,4.6,96.0,both,9.910485,10.873512,mif_consistent_with_register,
HF00715,Joszasa Health Post,Health Post,Maldule,Tivrafa-West ,Uzojina North,Uzojina State,Private,9.238574,7.753521,9.238574,plain,7.753521,plain,ok,,9.238574,7.753521,1.0,0.0,2.0,1.0,0.0,14.5,51.0,both,9.238574,7.753521,mif_consistent_with_register,
HF00697,Dutyodu Health Post,Health Post,Dutrama,Adekowo,Tivbetu South,Tivbetu State,Public,8.398191,11.523169,8.398191,plain,11.523169,plain,ok,,8.398191,11.523169,0.0,2.0,1.0,0.0,0.0,5.4,73.0,both,8.398191,11.523169,mif_consistent_with_register,
HF00574,Uzorasa Primary Health Centre,Primary Health Centre,Adewadu,Dutwano,Tivbetu Central,Tivbetu State,Public,7.546526,11.218139,7.546526,plain,11.218139,plain,ok,,7.546526,11.218139,1.0,5.0,8.0,2.0,2.0,43.0,14.0,both,7.546526,11.218139,mif_consistent_with_register,
HF01251,Zamzadu Comprehensive Health Centre,Comprehensive Health Centre,Okebawo,Daibama,Agbkeko Central,Agbkeko State,Public,9.312411,9.888199,9.312411,plain,9.888199,plain,ok,,9.312411,9.888199,4.0,6.0,14.0,0.0,0.0,60.4,10.0,both,9.312411,9.888199,mif_consistent_with_register,
HF00471,Soknumi Cottage Hospital,Cottage Hospital,Sokmimi,Ngetija,Agbzatu South,Agbzatu State,Public,7.405006,9.209063,7.405006,plain,9.209063,plain,ok,,7.405006,9.209063,0.0,9.0,3.0,3.0,6.0,43.8,12.0,both,7.405006,9.209063,mif_consistent_with_register,
HF00292,Agbkewa Health Post,Health Post,Suplali,Supyoshi-East,Agbzatu North,Agbzatu State,Public,7.988569,7.28424,7.988569,plain,7.28424,plain,ok,,7.988569,7.28424,0.0,1.0,2.0,0.0,0.0,4.6,85.0,both,7.988569,7.28424,mif_consistent_with_register,
HF00699,Ekerashi Primary Health Centre,Primary Health Centre,Sokshano,Adekowo,Tivbetu South,Tivbetu State,Public,8.656894,11.580592,8.656894,plain,11.580592,plain,ok,,8.656894,11.580592,0.0,7.0,11.0,1.0,1.0,35.7,25.0,both,8.656894,11.580592,mif_consistent_with_register,
HF00624,Umubawa Primary Health Centre,Primary Health Centre,Supsani,Daidefa,Tivbetu Central,Tivbetu State,Public,6.974772,10.978302,6.974772,plain,10.978302,plain,ok,,6.974772,10.978302,1.0,3.0,1.0,0.0,0.0,15.7,46.0,both,6.974772,10.978302,mif_consistent_with_register,
HF00034,Birtsina Cottage Hospital,Cottage Hospital,Baulako,Riylude-North,Kukrima North,Kukrima State,Public,6.400693,9.619628,6.400693,plain,9.619628,plain,ok,,6.400693,9.619628,8.0,14.0,18.0,4.0,6.0,100.0,1.0,both,6.400693,9.619628,mif_consistent_with_register,
HF00686,Hanyona Primary Health Centre,Primary Health Centre,Yobbana,Olujiwa,Tivbetu South,Tivbetu State,Public,8.357013,10.860141,8.357013,plain,10.860141,plain,ok,,8.357013,10.860141,2.0,5.0,1.0,3.0,0.0,39.4,20.0,both,8.357013,10.860141,mif_consistent_with_register,
HF00001,Shalude Primary Health Centre,Primary Health Centre,Ekeluno,Maltsimi,Kukrima North,Kukrima State,Public,6.067307,9.559098,6.067307,plain,9.559098,plain,ok,,6.067307,9.559098,0.0,5.0,1.0,1.0,3.0,25.4,37.0,both,6.067307,9.559098,mif_consistent_with_register,
HF00939,Dutwaja Primary Health Centre,Primary Health Centre,Funngoru,ADEKENI,Supwasa North,Supwasa State,Public,9.33108,10.880202,9.33108,plain,10.880202,plain,ok,,9.33108,10.880202,0.0,1.0,3.0,1.0,0.0,9.7,26.0,both,9.33108,10.880202,mif_consistent_with_register,
HF01160,Malshadu Health Post,Health Post,Josngoni,Jostile,Agbkeko North,Agbkeko State,Public,10.049445,9.550277,10.049445,plain,9.550277,plain,ok,,,,,,,,,,,left_only,10.049445,9.550277,register,
HF01328,Zamnasa Health Post,Health Post,Ngejile,Gwodewo,Agbkeko South,Agbkeko State,Public,10.685615,9.807173,10.685615,plain,9.807173,plain,ok,,10.685615,9.807173,0.0,2.0,0.0,0.0,0.0,4.2,60.0,both,10.685615,9.807173,mif_consistent_with_register,
HF00226,Tivraba Comprehensive Health Centre,Comprehensive Health Centre,Wurlawo,Enumade-West LGA,Kukrima South,Kukrima State,Private,6.627348,10.299467,6.627348,plain,10.299467,plain,ok,,6.627348,10.299467,3.0,3.0,18.0,6.0,2.0,72.6,5.0,both,6.627348,10.299467,mif_consistent_with_register,
HF01215,Zammaru Primary Health Centre,Primary Health Centre,Birriwa,Yobrifa-West,Agbkeko Central,Agbkeko State,Public,9.027722,9.590209,9.027722,plain,9.590209,plain,ok,,9.027722,9.590209,0.0,5.0,9.0,1.0,0.0,25.7,36.0,both,9.027722,9.590209,mif_consistent_with_register,
HF01246,Enudeta Primary Health Centre,Primary Health Centre,Shashafa,Daibama,Agbkeko Central,Agbkeko State,Faith-based,9.22915,10.047339,9.22915,plain,10.047339,plain,ok,,9.22915,10.047339,2.0,1.0,5.0,1.0,2.0,35.3,28.0,both,9.22915,10.047339,mif_consistent_with_register,
HF00244,Ibamali Cottage Hospital,Cottage Hospital,Zamngono,Yobkosa South,Agbzatu North,Agbzatu State,Public,7.272686,7.674971,7.272686,plain,7.674971,plain,ok,,7.272686,7.674971,0.0,3.0,11.0,1.0,3.0,34.1,19.0,both,7.272686,7.674971,mif_consistent_with_register,
HF00267,Enuwadu Primary Health Centre,Primary Health Centre,Gwoyota,Agbmita,Agbzatu North,Agbzatu State,Public,8.100179,8.355854,8.100179,plain,8.355854,plain,ok,,8.100179,8.355854,2.0,2.0,2.0,1.0,0.0,26.9,32.0,both,8.100179,8.355854,mif_consistent_with_register,
HF00886,Ibajiyi Health Post,Health Post,Umurifa,Uzorisa,Uzojina South,Uzojina State,Public,8.607114,9.238834,8.607114,plain,9.238834,plain,ok,,8.607114,9.238834,0.0,1.0,2.0,1.0,1.0,11.7,54.0,both,8.607114,9.238834,mif_consistent_with_register,
HF00787,Dutlule Health Post,Health Post,Ngemiyi,Nassako-Central,Uzojina North,Uzojina State,Public,8.518181,7.4617,8.518181,plain,7.4617,plain,ok,,8.518181,7.4617,0.0,2.0,2.0,0.0,0.0,6.7,77.0,both,8.518181,7.4617,mif_consistent_with_register,
HF01253,Birkoyi Comprehensive Health Centre,Comprehensive Health Centre,Birjili,Daibama,Agbkeko Central,Agbkeko State,Public,9.465921,9.884009,9.465921,plain,9.884009,plain,ok,,9.465921,9.884009,0.0,8.0,2.0,0.0,0.0,19.2,47.0,both,9.465921,9.884009,mif_consistent_with_register,
HF00945,Riybale Primary Health Centre,Primary Health Centre,Agbjisa,Adekeni,Supwasa North,Supwasa State,Public,9.527539,10.909523,9.527539,plain,10.909523,plain,ok,,9.527539,10.909523,0.0,3.0,3.0,0.0,1.0,13.4,22.0,both,9.527539,10.909523,mif_consistent_with_register,
HF01073,Okengowo Health Post,Health Post,Baurima,Okeyoru-South,Supwasa Central,Supwasa State,Private,10.122635,10.807329,10.122635,plain,10.807329,plain,ok,,10.122635,10.807329,0.0,2.0,2.0,0.0,0.0,6.7,91.0,both,10.122635,10.807329,mif_consistent_with_register,
HF01229,Kadmaru Health Post,Health Post,Katyodu,Hanjile,Agbkeko Central,Agbkeko State,Public,9.593327,9.819417,9.593327,plain,9.819417,plain,ok,,9.593327,9.819417,0.0,1.0,3.0,0.0,1.0,9.3,61.0,both,9.593327,9.819417,mif_consistent_with_register,
HF01127,Ironufa Comprehensive Health Centre,Comprehensive Health Centre,Banshafa,Tivmama,Supwasa South,Supwasa State,Public,9.714259,11.322685,9.714259,plain,11.322685,plain,ok,,9.714259,11.322685,1.0,6.0,3.0,4.0,1.0,42.9,6.0,both,9.714259,11.322685,mif_consistent_with_register,
HF01091,Malsali Primary Health Centre,Primary Health Centre,Agbwali,Baumiru,Supwasa South,Supwasa State,Public,8.869798,11.320579,8.869798,plain,11.320579,plain,ok,,8.869798,11.320579,1.0,3.0,5.0,0.0,0.0,20.9,24.0,both,8.869798,11.320579,mif_consistent_with_register,
HF00810,Tivlaja Primary Health Centre,Primary Health Centre,Banmide,Ekedewo,Uzojina Central,Uzojina State,Public,9.482032,8.012477,9.482032,plain,8.012477,plain,ok,,9.482032,8.012477,1.0,0.0,3.0,0.0,2.0,18.7,37.0,both,9.482032,8.012477,mif_consistent_with_register,
HF00023,Yobkono Primary Health Centre,Primary Health Centre,Funngoli,Uzoluni ,Kukrima North,Kukrima State,Public,6.167258,9.001536,6.167258,plain,9.001536,plain,ok,,6.167258,9.001536,0.0,5.0,5.0,3.0,2.0,34.7,18.0,both,6.167258,9.001536,mif_consistent_with_register,
HF00464,Zamnuyi Primary Health Centre,Primary Health Centre,Nasnayi,Umumayi,Agbzatu South,Agbzatu State,Private,7.91,9.27,7.91,plain,9.27,plain,ok,,7.91041,9.274581,2.0,1.0,5.0,0.0,1.0,28.2,23.0,both,7.91041,9.274581,mif_consistent_with_register,
HF00753,Kadradu Health Post,Health Post,Birbele,Nasyotu,Uzojina North,Uzojina State,Public,,,,missing,,missing,missing_coordinates,,8.92742,8.086422,1.0,2.0,1.0,0.0,0.0,13.7,54.0,both,8.92742,8.086422,mif_only_register_missing,
HF00728,Uzoriri Health Post,Health Post,Uzodumi,Agbkotu-South,Uzojina North,Uzojina State,Private,8.213559,8.337383,8.213559,plain,8.337383,plain,ok,,8.213559,8.337383,0.0,2.0,2.0,0.0,1.0,10.1,65.0,both,8.213559,8.337383,mif_consistent_with_register,
HF00854,Tamtili Health Post,Health Post,Wurtimi,Wurkota,Uzojina Central,Uzojina State,Public,8.993451,8.445017,8.993451,plain,8.445017,plain,ok,,8.993451,8.445017,0.0,1.0,1.0,0.0,1.0,6.7,55.0,both,8.993451,8.445017,mif_consistent_with_register,
HF00657,Umujiwo Cottage Hospital,Cottage Hospital,Banrani,Ibamide,Tivbetu South,Tivbetu State,Public,8.303582,11.318028,8.303582,plain,11.318028,plain,ok,,8.303582,11.318028,0.0,11.0,20.0,0.0,0.0,42.9,19.0,both,8.303582,11.318028,mif_consistent_with_register,
HF00865,Adeketu Cottage Hospital,Cottage Hospital,Zamzani,Tivngoba,Uzojina South,Uzojina State,Public,8.885733,9.120351,8.885733,plain,9.120351,plain,ok,,8.885733,9.120351,0.0,0.0,18.0,3.0,4.0,41.2,20.0,both,8.885733,9.120351,mif_consistent_with_register,
HF00470,Daimiwa Comprehensive Health Centre,Comprehensive Health Centre,Sokmimi,Ngetija,Agbzatu South,Agbzatu State,Public,7.581169,9.107867,7.581169,plain,9.107867,plain,ok,,7.581169,9.107867,3.0,8.0,10.0,3.0,0.0,65.4,3.0,both,7.581169,9.107867,mif_consistent_with_register,
HF00983,Ngetiri Primary Health Centre,Primary Health Centre,Adesale,Zambani,Supwasa Central,Supwasa State,Public,10.003236,11.166351,10.003236,plain,11.166351,plain,ok,,10.003236,11.166351,2.0,3.0,8.0,4.0,1.0,51.2,22.0,both,10.003236,11.166351,mif_consistent_with_register,
HF00162,Riyrale Primary Health Centre,Primary Health Centre,Birwari,Wurmashi,Kukrima Central,Kukrima State,Public,7.348028,9.985114,7.348028,plain,9.985114,plain,ok,,7.348028,9.985114,2.0,4.0,3.0,1.0,1.0,35.7,11.0,both,7.348028,9.985114,mif_consistent_with_register,
HF00877,Maldeshi Cottage Hospital,Cottage Hospital,Wurlutu,OLUBANI-SOUTH,Uzojina South,Uzojina State,Faith-based,8.414048,8.481082,8.414048,plain,8.481082,plain,ok,,8.414048,8.481082,0.0,14.0,6.0,3.0,2.0,50.6,9.0,both,8.414048,8.481082,mif_consistent_with_register,
HF00898,Baudeba Health Post,Health Post,Lokkona,Loksayi,Uzojina South,Uzojina State,Public,8.458339,8.933503,8.458339,plain,8.933503,plain,ok,,8.458339,8.933503,0.0,2.0,2.0,0.0,1.0,10.1,60.0,both,8.458339,8.933503,mif_consistent_with_register,
HF01089,Ironutu Health Post,Health Post,Agbwali,Baumiru,Supwasa South,Supwasa State,Public,8.794414,11.279668,8.794414,plain,11.279668,plain,ok,,8.794414,11.279668,0.0,1.0,2.0,0.0,0.0,4.6,52.0,both,8.794414,11.279668,mif_consistent_with_register,
HF00988,Katduyi Comprehensive Health Centre,Comprehensive Health Centre,Lokrana,Zambani,Supwasa Central,Supwasa State,Faith-based,10.149578,11.295769,10.149578,plain,11.295769,plain,ok,,10.149578,11.295769,3.0,11.0,17.0,2.0,5.0,85.1,3.0,both,10.149578,11.295769,mif_consistent_with_register,
HF00929,Sokriwo Health Post,Health Post,Malshana,Zamberi-North,Uzojina South,Uzojina State,Public,8.576518,8.666571,8.576518,plain,8.666571,plain,ok,,8.576518,8.666571,0.0,1.0,1.0,0.0,0.0,3.4,75.0,both,8.576518,8.666571,mif_consistent_with_register,
HF00860,Wurrino Cottage Hospital,Cottage Hospital,Sharimi,Wurkota,Uzojina Central,Uzojina State,Public,9.211077,9.076372,9.211077,plain,9.076372,plain,ok,,9.211077,9.076372,1.0,2.0,4.0,6.0,1.0,35.8,17.0,both,9.211077,9.076372,mif_consistent_with_register,
HF00968,Josketa Primary Health Centre,Primary Health Centre,Shazama,Wuryona,Supwasa North,Supwasa State,Public,9.570705,10.604011,9.570705,plain,10.604011,plain,ok,,9.570705,10.604011,1.0,3.0,4.0,0.0,1.0,22.9,12.0,both,9.570705,10.604011,mif_consistent_with_register,
HF01228,Kukwadu Comprehensive Health Centre,Comprehensive Health Centre,Katyodu,Hanjile,Agbkeko Central,Agbkeko State,Private,9.478709,9.672009,9.478709,plain,9.672009,plain,ok,,9.478709,9.672009,4.0,2.0,13.0,2.0,3.0,68.3,8.0,both,9.478709,9.672009,mif_consistent_with_register,
HF00527,Shatiyi Primary Health Centre,Primary Health Centre,Kukmatu,Hansaba,Tivbetu North,Tivbetu State,Public,8.448984,9.927491,8.448984,plain,9.927491,plain,ok,,8.448984,9.927491,0.0,4.0,5.0,2.0,2.0,28.9,29.0,both,8.448984,9.927491,mif_consistent_with_register,
HF00997,Baunadu Primary Health Centre,Primary Health Centre,Irokoni,Zambani,Supwasa Central,Supwasa State,Public,10.133004,10.963416,10.133004,plain,10.963416,plain,ok,,10.133004,10.963416,2.0,0.0,4.0,2.0,1.0,32.4,51.0,both,10.133004,10.963416,mif_consistent_with_register,
HF01296,Agbshali Health Post,Health Post,Malludu,Enumija,Agbkeko South,Agbkeko State,Public,10.781582,10.114646,10.781582,plain,10.114646,plain,ok,,10.781582,10.114646,0.0,3.0,3.0,0.0,0.0,10.1,45.0,both,10.781582,10.114646,mif_consistent_with_register,
HF01287,Uzosayi Primary Health Centre,Primary Health Centre,Daibano,Nasnadu,Agbkeko South,Agbkeko State,Public,10.101669,10.21496,10.101669,plain,10.21496,plain,ok,,,,,,,,,,,left_only,10.101669,10.21496,register,
HF01249,Malzale Primary Health Centre,Primary Health Centre,Okebawo,Daibama,Agbkeko Central,Agbkeko State,Faith-based,9.326924,9.923061,9.326924,plain,9.923061,plain,ok,,9.326924,9.923061,0.0,0.0,8.0,1.0,0.0,14.0,55.0,both,9.326924,9.923061,mif_consistent_with_register,
HF01234,Birtiru Primary Health Centre,Primary Health Centre,Umuwari,Hanjile,Agbkeko Central,Agbkeko State,Private,9.67,9.7,9.67,plain,9.7,plain,ok,,9.67247,9.700679,0.0,1.0,1.0,0.0,2.0,10.0,60.0,both,9.67247,9.700679,mif_consistent_with_register,
HF00689,Irowawo Primary Health Centre,Primary Health Centre,Yeldule,Nasdudu-North,Tivbetu South,Tivbetu State,Public,"7°52'22.5""E","11°37'22.1""N",7.872916666666667,dms,11.622805555555557,dms,ok,,7.872924,11.622813,0.0,8.0,3.0,0.0,2.0,27.2,39.0,both,7.872924,11.622813,mif_consistent_with_register,
HF00307,Okebewo Health Post,Health Post,Tivjija,Hanraja,Agbzatu North,Agbzatu State,Public,7.579851,7.703338,7.579851,plain,7.703338,plain,ok,,7.579851,7.703338,0.0,2.0,1.0,1.0,0.0,9.2,74.0,both,7.579851,7.703338,mif_consistent_with_register,
HF00683,Lokmawa Primary Health Centre,Primary Health Centre,Agbsama,Olujiwa ,Tivbetu South,Tivbetu State,Public,8.235879,10.613119,8.235879,plain,10.613119,plain,ok,,8.235879,10.613119,3.0,0.0,3.0,1.0,0.0,32.2,30.0,both,8.235879,10.613119,mif_consistent_with_register,
HF00170,Dutkole Primary Health Centre,Primary Health Centre,Aderimi,Zamtsiru LGA,Kukrima South,Kukrima State,Private,6.348068,9.97959,6.348068,plain,9.97959,plain,ok,,6.348068,9.97959,0.0,0.0,7.0,1.0,1.0,16.0,51.0,both,6.348068,9.97959,mif_consistent_with_register,
HF00355,Banmiwa Cottage Hospital,Cottage Hospital,Ngeride,Irosaja,Agbzatu Central,Agbzatu State,Private,6.592417,8.153481,6.592417,plain,8.153481,plain,ok,,6.592417,8.153481,0.0,5.0,12.0,2.0,0.0,33.3,14.0,both,6.592417,8.153481,mif_consistent_with_register,
HF01305,Wurlayi Health Post,Health Post,Gwodeja,Ngemidu,Agbkeko South,Agbkeko State,Public,10.242152,9.851908,10.242152,plain,9.851908,plain,ok,,10.242152,9.851908,0.0,1.0,2.0,1.0,0.0,8.4,49.0,both,10.242152,9.851908,mif_consistent_with_register,
HF00414,Oluwasa Primary Health Centre,Primary Health Centre,Ngengoyi,Iromashi,Agbzatu Central,Agbzatu State,Public,7.264708,8.606866,7.264708,plain,8.606866,plain,ok,,7.264708,8.606866,0.0,5.0,5.0,1.0,1.0,23.9,33.0,both,7.264708,8.606866,mif_consistent_with_register,
HF00963,Yeldeli Primary Health Centre,Primary Health Centre,Baulasa,Yobmija,Supwasa North,Supwasa State,Public,9.266074,10.220174,9.266074,plain,10.220174,plain,ok,,9.266074,10.220174,0.0,1.0,0.0,0.0,1.0,5.4,28.0,both,9.266074,10.220174,mif_consistent_with_register,
HF00231,Kadrishi Health Post,Health Post,Hanzami,Enumade-West LGA,Kukrima South,Kukrima State,Public,6.560783,10.437989,6.560783,plain,10.437989,plain,ok,,6.560783,10.437989,0.0,1.0,1.0,0.0,0.0,3.4,66.0,both,6.560783,10.437989,mif_consistent_with_register,
HF01071,Hannaba Primary Health Centre,Primary Health Centre,Baurima,Okeyoru-South,Supwasa Central,Supwasa State,Public,9.92812,10.689425,9.92812,plain,10.689425,plain,ok,,9.92812,10.689425,1.0,0.0,9.0,2.0,0.0,27.2,57.0,both,9.92812,10.689425,mif_consistent_with_register,
HF00241,Umushata Health Post,Health Post,Iroketu,Yobkosa-South,Agbzatu North,Agbzatu State,Public,7.234529,7.487051,7.234529,plain,7.487051,plain,ok,,7.234529,7.487051,1.0,1.0,1.0,0.0,0.0,11.6,68.0,both,7.234529,7.487051,mif_consistent_with_register,
HF00400,Maltsili Primary Health Centre,Primary Health Centre,Zammasa,Supsama-South,Agbzatu Central,Agbzatu State,Faith-based,6.348738,8.372912,6.348738,plain,8.372912,plain,ok,,6.348738,8.372912,0.0,4.0,1.0,0.0,0.0,9.6,57.0,both,6.348738,8.372912,mif_consistent_with_register,
HF01272,Daiduwa Primary Health Centre,Primary Health Centre,Ngeriba,Nasnadu,Agbkeko South,Agbkeko State,Public,9.829202,10.145604,9.829202,plain,10.145604,plain,ok,,9.829202,10.145604,1.0,0.0,3.0,1.0,1.0,19.1,33.0,both,9.829202,10.145604,mif_consistent_with_register,
HF00206,Malbali Cottage Hospital,Cottage Hospital,Ibabeno,Adenaja,Kukrima South,Kukrima State,Public,6.882262,10.500232,6.882262,plain,10.500232,plain,ok,,6.882262,10.500232,2.0,1.0,9.0,4.0,12.0,55.0,14.0,both,6.882262,10.500232,mif_consistent_with_register,
HF01133,Funnaba Primary Health Centre,Primary Health Centre,Kadzaru,Tivmama,Supwasa South,Supwasa State,Private,"9,983895","11,534731",9.983895,comma_decimal,11.534731,comma_decimal,ok,,9.983895,11.534731,2.0,7.0,5.0,0.0,1.0,40.7,7.0,both,9.983895,11.534731,mif_consistent_with_register,
HF01244,Funshade Primary Health Centre,Primary Health Centre,Yobwani,Daibama,Agbkeko Central,Agbkeko State,Private,9.075668,9.905925,9.075668,plain,9.905925,plain,ok,,9.075668,9.905925,3.0,5.0,11.0,0.0,0.0,49.1,16.0,both,9.075668,9.905925,mif_consistent_with_register,
HF01006,Wursani Health Post,Health Post,Ekekode,BAUTIRU-WEST,Supwasa Central,Supwasa State,Public,10.628917,11.063166,10.628917,plain,11.063166,plain,ok,,10.628917,11.063166,0.0,3.0,3.0,1.0,0.0,13.8,72.0,both,10.628917,11.063166,mif_consistent_with_register,
HF00291,Supjiwa Primary Health Centre,Primary Health Centre,Daisale,Supyoshi-East,Agbzatu North,Agbzatu State,Public,7.707091,7.493214,7.707091,plain,7.493214,plain,ok,,,,,,,,,,,left_only,7.707091,7.493214,register,
HF00002,Baumasa Health Post,Health Post,Ekeluno,Maltsimi,Kukrima North,Kukrima State,Public,6.104332,9.462132,6.104332,plain,9.462132,plain,ok,,6.104332,9.462132,0.0,2.0,2.0,0.0,0.0,6.7,72.0,both,6.104332,9.462132,mif_consistent_with_register,
HF00329,Josyoyi Health Post,Health Post,Olukoyi,Gwodele-South,Agbzatu North,Agbzatu State,Private,8.234088,7.37543,8.234088,plain,7.37543,plain,ok,,8.234088,7.37543,0.0,0.0,2.0,0.0,0.0,2.6,98.0,both,8.234088,7.37543,mif_consistent_with_register,
HF01295,Ekezano Primary Health Centre,Primary Health Centre,Malludu,Enumija,Agbkeko South,Agbkeko State,Public,10.77273,10.158074,10.77273,plain,10.158074,plain,ok,,10.77273,10.158074,1.0,7.0,2.0,0.0,0.0,25.4,23.0,both,10.77273,10.158074,mif_consistent_with_register,
HF00927,Kadriri Primary Health Centre,Primary Health Centre,Malshana,Zamberi-North,Uzojina South,Uzojina State,Private,8.436361,8.595779,8.436361,plain,8.595779,plain,ok,,8.436361,8.595779,0.0,4.0,6.0,1.0,2.0,26.4,30.0,both,8.436361,8.595779,mif_consistent_with_register,
HF00404,Riylani Primary Health Centre,Primary Health Centre,Tivjidu,Supsama-South,Agbzatu Central,Agbzatu State,Public,6.462139,8.548973,6.462139,plain,8.548973,plain,ok,,6.462139,8.548973,2.0,0.0,3.0,1.0,2.0,30.7,17.0,both,6.462139,8.548973,mif_consistent_with_register,
HF01013,Ekemili Health Post,Health Post,Soktiba,Funkedu,Supwasa Central,Supwasa State,Public,10.416009,11.413577,10.416009,plain,11.413577,plain,ok,,10.416009,11.413577,0.0,2.0,3.0,0.0,0.0,8.0,87.0,both,10.416009,11.413577,mif_consistent_with_register,
HF00262,Agbduwo Health Post,Health Post,Uzowana,Agbmita,Agbzatu North,Agbzatu State,Public,8.061586,8.156333,8.061586,plain,8.156333,plain,ok,,8.061586,8.156333,0.0,2.0,2.0,1.0,0.0,10.5,71.0,both,8.061586,8.156333,mif_consistent_with_register,
HF00389,Umuzashi Health Post,Health Post,Birnushi,Enutifa,Agbzatu Central,Agbzatu State,Faith-based,7.01899,8.188608,7.01899,plain,8.188608,plain,ok,,7.01899,8.188608,1.0,1.0,2.0,1.0,0.0,16.6,43.0,both,7.01899,8.188608,mif_consistent_with_register,
HF00145,Wurduru Health Post,Health Post,Banrija,Wurmashi,Kukrima Central,Kukrima State,Public,7.162465,10.180213,7.162465,plain,10.180213,plain,ok,,7.162465,10.180213,0.0,2.0,2.0,0.0,0.0,6.7,60.0,both,7.162465,10.180213,mif_consistent_with_register,
HF00441,Daidutu Health Post,Health Post,Enurita,Agbngoru,Agbzatu South,Agbzatu State,Public,7.456809,8.486524,7.456809,plain,8.486524,plain,ok,,7.456809,8.486524,0.0,2.0,2.0,0.0,0.0,6.7,54.0,both,7.456809,8.486524,mif_consistent_with_register,
HF00843,Banrade General Hospital,General Hospital,Gwoyowo,Adelaja North,Uzojina Central,Uzojina State,Public,9.339622,8.626483,9.339622,plain,8.626483,plain,ok,,9.339622,8.626483,10.0,8.0,20.0,1.0,6.0,80.4,1.0,both,9.339622,8.626483,mif_consistent_with_register,
HF00641,Naslako General Hospital,General Hospital,Yobnuma,TamlufaEast,Tivbetu South,Tivbetu State,Public,8.404587,10.482297,8.404587,plain,10.482297,plain,ok,,,,,,,,,,,left_only,8.404587,10.482297,register,
HF00187,Ibalano Primary Health Centre,Primary Health Centre,Okedeni,UMUMITU,Kukrima South,Kukrima State,Public,6.576994,10.858141,6.576994,plain,10.858141,plain,ok,,6.576994,10.858141,3.0,8.0,9.0,2.0,1.0,63.7,11.0,both,6.576994,10.858141,mif_consistent_with_register,
HF01077,Birdeli Primary Health Centre,Primary Health Centre,Uzojiri,Ekedeta East,Supwasa South,Supwasa State,Public,9.329922,11.639774,9.329922,plain,11.639774,plain,ok,,9.329922,11.639774,1.0,4.0,5.0,1.0,0.0,26.7,17.0,both,9.329922,11.639774,mif_consistent_with_register,
HF00356,Tivduno Primary Health Centre,Primary Health Centre,Funzako,Irosaja,Agbzatu Central,Agbzatu State,Public,6.633489,8.036438,6.633489,plain,8.036438,plain,ok,,6.633489,8.036438,1.0,7.0,7.0,1.0,1.0,38.8,11.0,both,6.633489,8.036438,mif_consistent_with_register,
HF00246,Suprani Primary Health Centre,Primary Health Centre,Ekezali,Yobkosa-South,Agbzatu North,Agbzatu State,Public,7.370933,7.550564,7.370933,plain,7.550564,plain,ok,,7.370933,7.550564,0.0,1.0,1.0,0.0,0.0,3.4,93.0,both,7.370933,7.550564,mif_consistent_with_register,
HF00773,Yoblafa Primary Health Centre,Primary Health Centre,Uzosawo,Tamluni,Uzojina North,Uzojina State,Public,8.619351,8.074893,8.619351,plain,8.074893,plain,ok,,8.619351,8.074893,0.0,4.0,4.0,0.0,1.0,16.8,45.0,both,8.619351,8.074893,mif_consistent_with_register,
HF00435,Yobzaru Comprehensive Health Centre,Comprehensive Health Centre,Ibashadu,Baungoshi,Agbzatu South,Agbzatu State,Public,7.076298,9.000465,7.076298,plain,9.000465,plain,ok,,7.076298,9.000465,6.0,0.0,12.0,4.0,0.0,60.3,6.0,both,7.076298,9.000465,mif_consistent_with_register,
HF00791,Dutmija Health Post,Health Post,Gwobako,Nassako Central,Uzojina North,Uzojina State,Public,8.932784,7.56687,8.932784,plain,7.56687,plain,ok,,8.932784,7.56687,0.0,1.0,1.0,0.0,0.0,3.4,85.0,both,8.932784,7.56687,mif_consistent_with_register,
HF00183,Soklusa Primary Health Centre,Primary Health Centre,Supmano,Daizade,Kukrima South,Kukrima State,Public,6.258932,10.663099,6.258932,plain,10.663099,plain,ok,,6.258932,10.663099,1.0,4.0,4.0,3.0,0.0,32.9,29.0,both,6.258932,10.663099,mif_consistent_with_register,
HF00059,Dutkota Health Post,Health Post,Kuknuno,Irolufa,Kukrima North,Kukrima State,Public,6.083289,10.051627,6.083289,plain,10.051627,plain,ok,,6.083289,10.051627,0.0,1.0,2.0,0.0,1.0,8.0,69.0,both,6.083289,10.051627,mif_consistent_with_register,
HF00444,Riysawa Primary Health Centre,Primary Health Centre,Ekekowo,Agbngoru,Agbzatu South,Agbzatu State,Public,,,,missing,,missing,missing_coordinates,,7.589917,8.319419,1.0,3.0,6.0,2.0,1.0,33.0,17.0,both,7.589917,8.319419,mif_only_register_missing,
HF00361,Birnali Health Post,Health Post,Mallufa,Irosaja,Agbzatu Central,Agbzatu State,Public,6.571437,7.960722,6.571437,plain,7.960722,plain,ok,,,,,,,,,,,left_only,6.571437,7.960722,register,
HF00960,Dainata Comprehensive Health Centre,Comprehensive Health Centre,Dutzali,Yobmija,Supwasa North,Supwasa State,Public,9.296556,10.488674,9.296556,plain,10.488674,plain,ok,,9.296556,10.488674,2.0,7.0,4.0,3.0,3.0,57.4,3.0,both,9.296556,10.488674,mif_consistent_with_register,
HF00050,Ekelawo Health Post,Health Post,Oluwasa,IROLUFA,Kukrima North,Kukrima State,Public,5.91671,10.035905,5.91671,plain,10.035905,plain,ok,,5.91671,10.035905,1.0,2.0,1.0,0.0,0.0,13.7,55.0,both,5.91671,10.035905,mif_consistent_with_register,
HF01162,Nasnuma Cottage Hospital,Cottage Hospital,Yobkema,Jostile,Agbkeko North,Agbkeko State,Public,"10,049146","9,28817",10.049146,comma_decimal,9.28817,comma_decimal,ok,,10.049146,9.28817,1.0,7.0,8.0,3.0,3.0,54.3,3.0,both,10.049146,9.28817,mif_consistent_with_register,
HF01300,Daikoshi Primary Health Centre,Primary Health Centre,Gwotsimi,Enumija,Agbkeko South,Agbkeko State,Public,10.790242,10.269717,10.790242,plain,10.269717,plain,ok,,10.790242,10.269717,1.0,0.0,0.0,1.0,0.0,12.0,42.0,both,10.790242,10.269717,mif_consistent_with_register,
HF00934,Sokkode Primary Health Centre,Primary Health Centre,Nasjidu,Zamberi-North,Uzojina South,Uzojina State,Faith-based,8.658854,8.791822,8.658854,plain,8.791822,plain,ok,,8.658854,8.791822,0.0,5.0,4.0,3.0,0.0,26.8,29.0,both,8.658854,8.791822,mif_consistent_with_register,
HF00396,Fundudu Health Post,Health Post,Naslayi,Katrini,Agbzatu Central,Agbzatu State,Private,6.791472,8.492695,6.791472,plain,8.492695,plain,ok,,,,,,,,,,,left_only,6.791472,8.492695,register,
HF00740,Banriwa Comprehensive Health Centre,Comprehensive Health Centre,Enumitu,Agbkotu-South,Uzojina North,Uzojina State,Public,8.228485,8.000328,8.228485,plain,8.000328,plain,ok,,8.228485,8.000328,1.0,1.0,12.0,5.0,1.0,44.0,8.0,both,8.228485,8.000328,mif_consistent_with_register,
HF00130,Adenaba Primary Health Centre,Primary Health Centre,Gwotidu,Tambemi ,Kukrima Central,Kukrima State,Public,7.045839,9.693543,7.045839,plain,9.693543,plain,ok,,7.045839,9.693543,0.0,1.0,4.0,1.0,1.0,14.3,44.0,both,7.045839,9.693543,mif_consistent_with_register,
HF00215,Supzawa Health Post,Health Post,Kadyodu,Banluta,Kukrima South,Kukrima State,Public,6.067397,10.315242,6.067397,plain,10.315242,plain,ok,,6.067397,10.315242,1.0,1.0,0.0,1.0,1.0,17.4,48.0,both,6.067397,10.315242,mif_consistent_with_register,
HF00275,Kadjishi Health Post,Health Post,Kukyoba,Malmaba LGA,Agbzatu North,Agbzatu State,Public,7.575954,8.128807,7.575954,plain,8.128807,plain,ok,,7.575954,8.128807,0.0,0.0,0.0,0.0,0.0,0.0,104.0,both,7.575954,8.128807,mif_consistent_with_register,
HF01037,Dutshani Primary Health Centre,Primary Health Centre,Shalule,Josmiba,Supwasa Central,Supwasa State,Public,10.429811,10.615185,10.429811,plain,10.615185,plain,ok,,10.429811,10.615185,0.0,7.0,0.0,2.0,2.0,28.7,55.0,both,10.429811,10.615185,mif_consistent_with_register,
HF00633,Tivyole Primary Health Centre,Primary Health Centre,Hanluri,JOSKERU,Tivbetu South,Tivbetu State,Public,8.414644,10.959653,8.414644,plain,10.959653,plain,ok,,8.414644,10.959653,0.0,8.0,4.0,0.0,1.0,25.1,40.0,both,8.414644,10.959653,mif_consistent_with_register,
HF00893,Birbali Primary Health Centre,Primary Health Centre,Yeldena,Loksayi,Uzojina South,Uzojina State,Public,8.259422,8.877967,8.259422,plain,8.877967,plain,ok,,8.259422,8.877967,1.0,4.0,9.0,0.0,1.0,31.4,23.0,both,8.259422,8.877967,mif_consistent_with_register,
HF00235,Shangofa Primary Health Centre,Primary Health Centre,Umutiri,Enumade-West,Kukrima South,Kukrima State,Faith-based,6.649429,10.575049,6.649429,plain,10.575049,plain,ok,,6.649429,10.575049,0.0,5.0,13.0,0.0,1.0,30.4,32.0,both,6.649429,10.575049,mif_consistent_with_register,
HF00831,Lokluli Primary Health Centre,Primary Health Centre,Zamdena,Yeltsina,Uzojina Central,Uzojina State,Public,9.519803,8.844042,9.519803,plain,8.844042,plain,ok,,9.519803,8.844042,1.0,0.0,5.0,2.0,1.0,25.4,27.0,both,9.519803,8.844042,mif_consistent_with_register,
HF00953,Funriba Primary Health Centre,Primary Health Centre,Riynuna,Nasrifa,Supwasa North,Supwasa State,Public,9.119074,10.632193,9.119074,plain,10.632193,plain,ok,,9.119074,10.632193,0.0,2.0,4.0,2.0,0.0,16.8,17.0,both,9.119074,10.632193,mif_consistent_with_register,
HF00473,Kadbeli Health Post,Health Post,Enuyona,Ngetija ,Agbzatu South,Agbzatu State,Public,7.60278,9.050938,7.60278,plain,9.050938,plain,ok,,,,,,,,,,,left_only,7.60278,9.050938,register,
HF01212,Kadwashi Primary Health Centre,Primary Health Centre,Daizayi,YobrifaWest,Agbkeko Central,Agbkeko State,Public,9.07603,9.667159,9.07603,plain,9.667159,plain,ok,,9.07603,9.667159,0.0,7.0,2.0,3.0,1.0,31.7,31.0,both,9.07603,9.667159,mif_consistent_with_register,
HF00239,Banwawa Primary Health Centre,Primary Health Centre,Zammiwa,YobkosaSouth,Agbzatu North,Agbzatu State,Public,7.165144,7.751084,7.165144,plain,7.751084,plain,ok,,7.165144,7.751084,0.0,4.0,4.0,1.0,1.0,20.5,41.0,both,7.165144,7.751084,mif_consistent_with_register,
HF00957,Irokole Comprehensive Health Centre,Comprehensive Health Centre,Agbriko,Yobmija LGA,Supwasa North,Supwasa State,Private,8.992825,10.444667,8.992825,plain,10.444667,plain,ok,,8.992825,10.444667,1.0,2.0,10.0,2.0,1.0,36.0,7.0,both,8.992825,10.444667,mif_consistent_with_register,
HF00989,Olunata Primary Health Centre,Primary Health Centre,Shatsiba,Zambani,Supwasa Central,Supwasa State,Public,10.059389,10.96857,10.059389,plain,10.96857,plain,ok,,10.059389,10.96857,0.0,9.0,0.0,0.0,2.0,25.4,59.0,both,10.059389,10.96857,mif_consistent_with_register,
HF00734,Adekedu Health Post,Health Post,Uzotsiru,Agbkotu-South,Uzojina North,Uzojina State,Public,8.295104,8.259127,8.295104,plain,8.259127,plain,ok,,,,,,,,,,,left_only,8.295104,8.259127,register,
HF00348,Katshatu Primary Health Centre,Primary Health Centre,Dutmili,Zamkeri,Agbzatu Central,Agbzatu State,Public,6.912498,8.830274,6.912498,plain,8.830274,plain,ok,,6.912498,8.830274,1.0,5.0,3.0,2.0,0.0,30.0,22.0,both,6.912498,8.830274,mif_consistent_with_register,
HF00242,Yelbeko Health Post,Health Post,Zamngono,Yobkosa-South,Agbzatu North,Agbzatu State,Private,7.238957,7.698078,7.238957,plain,7.698078,plain,ok,,7.238957,7.698078,0.0,1.0,2.0,0.0,0.0,4.6,85.0,both,7.238957,7.698078,mif_consistent_with_register,
HF01321,Daikele Primary Health Centre,Primary Health Centre,Agbmami,Gwodewo,Agbkeko South,Agbkeko State,Public,10.484462,9.695909,10.484462,plain,9.695909,plain,ok,,10.484462,9.695909,4.0,2.0,6.0,0.0,1.0,45.2,10.0,both,10.484462,9.695909,mif_consistent_with_register,
HF00572,Umumiyi General Hospital,General Hospital,Yelwari,Dutwano,Tivbetu Central,Tivbetu State,Faith-based,7.651204,11.504004,7.651204,plain,11.504004,plain,ok,,7.651204,11.504004,6.0,20.0,21.0,3.0,2.0,92.9,1.0,both,7.651204,11.504004,mif_consistent_with_register,
HF00437,Adengoru Primary Health Centre,Primary Health Centre,Daijiwa,Agbngoru,Agbzatu South,Agbzatu State,Public,7.416615,8.231036,7.416615,plain,8.231036,plain,ok,,7.416615,8.231036,0.0,6.0,6.0,2.0,0.0,27.7,25.0,both,7.416615,8.231036,mif_consistent_with_register,
HF00578,Banngona Primary Health Centre,Primary Health Centre,Josmita,Dutwano,Tivbetu Central,Tivbetu State,Public,7.718706,11.382789,7.718706,plain,11.382789,plain,ok,,7.718706,11.382789,2.0,8.0,4.0,2.0,2.0,52.4,8.0,both,7.718706,11.382789,mif_consistent_with_register,
HF01150,Ibanuri Health Post,Health Post,Riynawa,Lokshasa,Agbkeko North,Agbkeko State,Public,10.481912,9.336207,10.481912,plain,9.336207,plain,ok,,,,,,,,,,,left_only,10.481912,9.336207,register,
HF00919,Shasayi Primary Health Centre,Primary Health Centre,Josmako,Banluwo,Uzojina South,Uzojina State,Public,8.711253,8.537559,8.711253,plain,8.537559,plain,ok,,8.711253,8.537559,0.0,0.0,6.0,1.0,0.0,11.4,56.0,both,8.711253,8.537559,mif_consistent_with_register,
HF00057,Yeldewo Primary Health Centre,Primary Health Centre,Kuknuno,Irolufa,Kukrima North,Kukrima State,Public,6.188437,10.004447,6.188437,plain,10.004447,plain,ok,,6.188437,10.004447,1.0,2.0,0.0,2.0,0.0,19.9,44.0,both,6.188437,10.004447,mif_consistent_with_register,
HF00502,Dutshafa Health Post,Health Post,Yeltiko,Agbtsiko,Tivbetu North,Tivbetu State,Public,8.144359,9.878367,8.144359,plain,9.878367,plain,ok,,8.144359,9.878367,0.0,0.0,1.0,0.0,0.0,1.3,82.0,both,8.144359,9.878367,mif_consistent_with_register,
HF00639,Shakoli Primary Health Centre,Primary Health Centre,Okeluwo,Tamlufa-East,Tivbetu South,Tivbetu State,Public,8.453464,10.737408,8.453464,plain,10.737408,plain,ok,,8.453464,10.737408,0.0,2.0,0.0,2.0,0.0,11.7,61.0,both,8.453464,10.737408,mif_consistent_with_register,
HF00349,Okemide Primary Health Centre,Primary Health Centre,Dutmili,Zamkeri,Agbzatu Central,Agbzatu State,Public,6.813602,8.786855,6.813602,plain,8.786855,plain,ok,,6.813602,8.786855,1.0,5.0,1.0,1.0,2.0,30.3,20.0,both,6.813602,8.786855,mif_consistent_with_register,
HF00383,Ekelani Health Post,Health Post,Baulutu,Dutzama,Agbzatu Central,Agbzatu State,Public,7.097016,7.808336,7.097016,plain,7.808336,plain,ok,,7.097016,7.808336,1.0,1.0,1.0,0.0,0.0,11.6,56.0,both,7.097016,7.808336,mif_consistent_with_register,
