ward_code,ward_name,lga_code,total_population,population_under5,population_source,pct_pop_any_facility,pct_pop_scored_facility,pct_pop_adequate_facility,pop_any_facility,pop_scored_facility,pop_adequate_facility,lga_name,sen_district,state_name,adequate_share,unscored_share,access_category
W0021,Ekeluno,LGA071,6698,1014,Projected 2026 from 2006 census,0.603390255485191,0.6033902554851909,0.337876916505251,4042,4042,2263,Maltsimi,Kukrima North,Kukrima State,0.5599641582437579,1.839975065113402e-16,facility_nearby_mixed_adequacy
W0029,Katzano,LGA071,12718,2321,Gridded population estimate 2024,0.3957391558445789,0.3887330280994895,0.3531799563613058,5033,4944,4492,Maltsimi,Kukrima North,Kukrima State,0.8924564353697978,0.01770390329492937,facility_nearby_adequately_staffed
W0030,Olumadu,LGA071,16521,2961,Projected 2026 from 2006 census,0.4452948775566103,0.3292372958301326,0.3291081938397008,7357,5439,5437,Maltsimi,Kukrima North,Kukrima State,0.7390792268834516,0.26063084840162637,facility_nearby_mixed_adequacy
W0041,Dutkoko,LGA071,41424,6836,Projected 2026 from 2006 census,0.5630906300121711,0.5630906300121711,0.2038741740928475,23325,23325,8445,Maltsimi,Kukrima North,Kukrima State,0.3620628069915509,0.0,facility_nearby_mixed_adequacy
W0005,Oludeli,LGA061,6328,1113,Projected 2026 from 2006 census,0.3947717318041612,0.3947717318041612,0.2321642564251516,2498,2498,1469,Katmaba,Kukrima North,Kukrima State,0.5880974692998634,0.0,facility_nearby_mixed_adequacy
W0006,Maltsisa,LGA061,57154,9109,Gridded population estimate 2024,0.5642478886342636,0.3657277426841965,0.3005685953545674,32249,20903,17179,Katmaba,Kukrima North,Kukrima State,0.5326889145869559,0.3518314378288168,facility_nearby_mixed_adequacy
W0007,Enunasa,LGA061,27475,4581,Projected 2026 from 2006 census,0.5938874664643975,0.4463331603812607,0.3368349793746124,16317,12263,9255,Katmaba,Kukrima North,Kukrima State,0.5671697053650568,0.24845499259577727,facility_nearby_mixed_adequacy
W0008,Shaluri,LGA104,7290,1106,Projected 2026 from 2006 census,0.0840371996353555,0.0840371996353555,0.0028027364772109,613,613,20,Uzoluni,Kukrima North,Kukrima State,0.03335114079684009,0.0,facility_nearby_confirmed_inadequate
W0025,Dutrimi,LGA104,21898,3311,Projected 2026 from 2006 census,0.1823514481349996,0.1823514481349996,0.0,3993,3993,0,Uzoluni,Kukrima North,Kukrima State,0.0,0.0,facility_nearby_confirmed_inadequate
W0031,Loklude,LGA104,11375,1996,Projected 2026 from 2006 census,0.4572061460596182,0.4572061460596182,0.2430797443191119,5201,5201,2765,Uzoluni,Kukrima North,Kukrima State,0.5316633348306194,0.0,facility_nearby_mixed_adequacy
W0039,Funngoli,LGA104,24916,4111,Projected 2026 from 2006 census,0.4036045100846573,0.4036045100846573,0.4036045100846573,10056,10056,10056,Uzoluni,Kukrima North,Kukrima State,1.0,0.0,facility_nearby_adequately_staffed
W0040,Yelluna,LGA104,30616,5479,Projected 2026 from 2006 census,0.2043970265693715,0.2043970265693715,0.1689089299317586,6258,6258,5171,Uzoluni,Kukrima North,Kukrima State,0.8263766492436307,0.0,facility_nearby_adequately_staffed
W0046,Banshali,LGA104,18654,3357,Gridded population estimate 2024,0.3352044516227225,0.3352044516227225,0.1518677693497895,6253,6253,2833,Uzoluni,Kukrima North,Kukrima State,0.45306012081462116,0.0,facility_nearby_mixed_adequacy
W0033,Baukeshi,LGA086,8576,1335,Projected 2026 from 2006 census,0.5746365231083687,0.5746365231083687,0.5498648361040757,4928,4928,4716,Riylude-North,Kukrima North,Kukrima State,0.9568915549079685,0.0,facility_nearby_adequately_staffed
W0036,Baulako,LGA086,70555,12960,Projected 2026 from 2006 census,0.4816629844640852,0.4816629844640852,0.362577098889477,33984,33984,25582,Riylude-North,Kukrima North,Kukrima State,0.7527609772482159,0.0,facility_nearby_mixed_adequacy
W0050,Dutmidu,LGA086,17715,2644,Gridded population estimate 2024,0.4692578645995017,0.4692578645995017,0.3473691409901438,8313,8313,6154,Riylude-North,Kukrima North,Kukrima State,0.7402521453457441,0.0,facility_nearby_mixed_adequacy
W0053,Uzobele,LGA086,10511,1676,Gridded population estimate 2024,0.4280406358375564,0.3371704758682707,0.25287118764959,4499,3544,2658,Riylude-North,Kukrima North,Kukrima State,0.5907644426207139,0.21229330199334484,facility_nearby_mixed_adequacy
W0062,Ibarija,LGA086,32661,5130,Projected 2026 from 2006 census,0.4463430011563007,0.4208578394808008,0.1528695341616907,14578,13746,4993,Riylude-North,Kukrima North,Kukrima State,0.34249340477091683,0.057097706493610956,facility_nearby_mixed_adequacy
W0012,Hanmade,LGA051,26381,4620,Gridded population estimate 2024,0.2396783744285009,0.0228541398497851,0.0228541398497851,6323,603,603,Irolufa,Kukrima North,Kukrima State,0.09535336637808672,0.9046466336219132,facility_nearby_assessment_gap
W0015,Tamyowa,LGA051,23194,4157,Projected 2026 from 2006 census,0.787343247247863,0.7496176149947716,0.620440591938293,18262,17387,14390,Irolufa,Kukrima North,Kukrima State,0.7880179249736711,0.04791510232031616,facility_nearby_mixed_adequacy
W0016,Oluwasa,LGA051,41061,6504,Gridded population estimate 2024,0.7585430071956984,0.6973521449623803,0.3482014611768975,31147,28634,14298,Irolufa,Kukrima North,Kukrima State,0.4590398406864017,0.08066894250273059,facility_nearby_mixed_adequacy
W0018,Wurjimi,LGA051,19041,3508,Projected 2026 from 2006 census,0.4337702432730692,0.4337702432730692,0.1756064991561866,8259,8259,3344,Irolufa,Kukrima North,Kukrima State,0.4048375882843534,0.0,facility_nearby_mixed_adequacy
W0022,Gwobedu,LGA051,27132,4123,Gridded population estimate 2024,0.3364430561104248,0.0841468459731949,0.0541840361043205,9128,2283,1470,Irolufa,Kukrima North,Kukrima State,0.1610496490274914,0.7498927546729428,facility_nearby_mixed_adequacy
W0028,Kuknuno,LGA051,19120,3286,Gridded population estimate 2024,0.7182278278353741,0.7182278278353741,0.519752829550007,13733,13733,9938,Irolufa,Kukrima North,Kukrima State,0.7236601109100165,0.0,facility_nearby_mixed_adequacy
W0032,Nasnuri,LGA051,39662,6367,Gridded population estimate 2024,0.3486224903542619,0.3486224903542619,0.2668452101770558,13827,13827,10584,Irolufa,Kukrima North,Kukrima State,0.7654274109105641,0.0,facility_nearby_mixed_adequacy
W0002,Wurshaba,LGA087,78192,14179,Projected 2026 from 2006 census,0.2176189431112198,0.2176189431112198,0.1415864744795556,17016,17016,11071,Shajima,Kukrima North,Kukrima State,0.6506164971456284,0.0,facility_nearby_mixed_adequacy
W0019,Aderita,LGA087,73368,12037,Projected 2026 from 2006 census,0.3754829668846611,0.3147217377468126,0.2772088835606388,27548,23091,20338,Shajima,Kukrima North,Kukrima State,0.7382728592474086,0.1618215325237717,facility_nearby_mixed_adequacy
W0020,Joswaja,LGA087,10614,1831,Gridded population estimate 2024,0.306089682263314,0.306089682263314,0.0637581568383049,3249,3249,677,Shajima,Kukrima North,Kukrima State,0.20829894156137174,0.0,facility_nearby_mixed_adequacy
W0023,Sokdema,LGA087,17448,3131,Projected 2026 from 2006 census,0.5604018150562671,0.5604018150562671,0.5254244583938178,9778,9778,9168,Shajima,Kukrima North,Kukrima State,0.9375852188149366,0.0,facility_nearby_adequately_staffed
W0024,Kadrani,LGA087,17342,3202,Gridded population estimate 2024,0.1264888426294907,0.1264888426294907,0.1136320715800862,2194,2194,1971,Shajima,Kukrima North,Kukrima State,0.8983564812347571,0.0,facility_nearby_adequately_staffed
W0042,Supnami,LGA047,23375,4252,Projected 2026 from 2006 census,0.5369410032083685,0.363722159684469,0.2860879189114426,12551,8502,6687,Ibabani,Kukrima North,Kukrima State,0.5328107132850527,0.3226031211788069,facility_nearby_mixed_adequacy
W0054,Lokngoli,LGA047,9219,1440,Projected 2026 from 2006 census,0.2709988368081765,0.2709988368081765,0.0,2498,2498,0,Ibabani,Kukrima North,Kukrima State,0.0,0.0,facility_nearby_confirmed_inadequate
W0064,Hantside,LGA047,10724,1649,Projected 2026 from 2006 census,0.2595163672079672,0.2595163672079672,0.2071869381383463,2783,2783,2222,Ibabani,Kukrima North,Kukrima State,0.7983578853518477,0.0,facility_nearby_mixed_adequacy
W0067,Zambeba,LGA047,20011,2987,Gridded population estimate 2024,0.0514235996296159,0.0514235996296159,0.0514235996296159,1029,1029,1029,Ibabani,Kukrima North,Kukrima State,1.0,0.0,facility_nearby_adequately_staffed
W0071,Fundeyi,LGA047,21672,3914,Projected 2026 from 2006 census,0.684171544176715,0.5776275371460218,0.38145052784342,14827,12518,8267,Ibabani,Kukrima North,Kukrima State,0.5575363826369472,0.1557270364976973,facility_nearby_mixed_adequacy
W0001,Ibasashi,LGA034,15636,2291,Projected 2026 from 2006 census,0.5939175170464005,0.5939175170464005,0.3227307387616641,9286,9286,5046,Ekejisa-North,Kukrima North,Kukrima State,0.5433931977063582,0.0,facility_nearby_mixed_adequacy
W0003,Josyole,LGA034,21092,3247,Gridded population estimate 2024,0.2240462297504982,0.2180966235712298,0.0860637472657233,4726,4600,1815,Ekejisa-North,Kukrima North,Kukrima State,0.38413387880512606,0.026555261322156534,facility_nearby_mixed_adequacy
W0004,Lokdushi,LGA034,4841,863,Projected 2026 from 2006 census,0.2650386641457063,0.2650386641457063,0.09813507868667,1283,1283,475,Ekejisa-North,Kukrima North,Kukrima State,0.37026702878610857,0.0,facility_nearby_mixed_adequacy
W0010,Sokjitu,LGA034,15308,2374,Projected 2026 from 2006 census,0.6964439041573118,0.6964439041573118,0.3957970995880448,10661,10661,6059,Ekejisa-North,Kukrima North,Kukrima State,0.568311528359135,0.0,facility_nearby_mixed_adequacy
W0011,Lokngodu,LGA034,36966,6524,Gridded population estimate 2024,0.3319043143646478,0.3319043143646478,0.0867052801656155,12269,12269,3205,Ekejisa-North,Kukrima North,Kukrima State,0.2612357731221187,0.0,facility_nearby_mixed_adequacy
W0014,Maljiba,LGA034,29801,4884,Projected 2026 from 2006 census,0.0973139604062602,0.0973139604062602,0.0973139604062602,2900,2900,2900,Ekejisa-North,Kukrima North,Kukrima State,1.0,0.0,facility_nearby_adequately_staffed
W0151,Ekerini,LGA109,30526,4939,Projected 2026 from 2006 census,0.4231873761109162,0.2037652100508925,0.0,12918,6220,0,Yelkefa,Kukrima Central,Kukrima State,0.0,0.5184988457749122,facility_nearby_assessment_gap
W0169,Adelawa,LGA109,13033,1973,Projected 2026 from 2006 census,0.4236062357235129,0.4236062357235129,0.0,5521,5521,0,Yelkefa,Kukrima Central,Kukrima State,0.0,0.0,facility_nearby_confirmed_inadequate
W0177,Hanlana,LGA109,45484,7265,Gridded population estimate 2024,0.8873940993491332,0.6621960957530661,0.041360265627498,40362,30119,1881,Yelkefa,Kukrima Central,Kukrima State,0.04660867776541904,0.25377451096557935,facility_nearby_confirmed_inadequate
W0180,Irorawa,LGA109,39550,6156,Projected 2026 from 2006 census,0.1408373724650357,0.1408373724650357,0.0584793502471819,5570,5570,2313,Yelkefa,Kukrima Central,Kukrima State,0.41522608114334136,0.0,facility_nearby_mixed_adequacy
W0181,Baumashi,LGA109,27793,5029,Projected 2026 from 2006 census,0.2467850192423573,0.1419627953768325,0.0,6859,3946,0,Yelkefa,Kukrima Central,Kukrima State,0.0,0.42475116272184754,facility_nearby_confirmed_inadequate
W0193,Gwosani,LGA109,21803,3614,Projected 2026 from 2006 census,0.558317287673887,0.558317287673887,0.1305541205496202,12173,12173,2846,Yelkefa,Kukrima Central,Kukrima State,0.23383499567700444,0.0,facility_nearby_mixed_adequacy
W0196,Naslama,LGA109,12607,2091,Projected 2026 from 2006 census,0.6742384747105515,0.6742384747105515,0.3651300120902682,8500,8500,4603,Yelkefa,Kukrima Central,Kukrima State,0.5415443137489556,0.0,facility_nearby_mixed_adequacy
W0198,Banluma,LGA109,24412,3832,Projected 2026 from 2006 census,0.771196532015253,0.771196532015253,0.2346003387943446,18826,18826,5727,Yelkefa,Kukrima Central,Kukrima State,0.30420305208232523,0.0,facility_nearby_mixed_adequacy
W0069,Katzale,LGA063,18519,3389,Projected 2026 from 2006 census,0.3838938205657074,0.3838938205657074,0.2470427044105835,7109,7109,4575,Lokbaru,Kukrima Central,Kukrima State,0.6435183146385124,0.0,facility_nearby_mixed_adequacy
W0112,Ekebako,LGA063,29711,4602,Projected 2026 from 2006 census,0.3850626523126965,0.3850626523126965,0.0,11441,11441,0,Lokbaru,Kukrima Central,Kukrima State,0.0,0.0,facility_nearby_confirmed_inadequate
W0113,Supzaja,LGA063,64114,10094,Projected 2026 from 2006 census,0.4689003887744403,0.4689003887744403,0.3069683535758796,30063,30063,19681,Lokbaru,Kukrima Central,Kukrima State,0.654655788147669,0.0,facility_nearby_mixed_adequacy
W0126,Banmashi,LGA063,14494,2109,Projected 2026 from 2006 census,0.6253351077651842,0.6253351077651842,0.0,9064,9064,0,Lokbaru,Kukrima Central,Kukrima State,0.0,0.0,facility_nearby_confirmed_inadequate
W0117,Eketsino,LGA010,13476,2477,Projected 2026 from 2006 census,0.1800822378540465,0.1800822378540465,0.0194143446507454,2427,2427,262,Agbnumi,Kukrima Central,Kukrima State,0.10780821519155256,0.0,facility_nearby_mixed_adequacy
W0143,Okenami,LGA010,33167,4947,Gridded population estimate 2024,0.2070936159692134,0.2070936159692134,0.0230728243886983,6869,6869,765,Agbnumi,Kukrima Central,Kukrima State,0.11141253331598745,0.0,facility_nearby_mixed_adequacy
W0150,Wurshama,LGA010,32530,4857,Projected 2026 from 2006 census,0.2307956845580432,0.2302963131942847,0.0,7508,7492,0,Agbnumi,Kukrima Central,Kukrima State,0.0,0.0021636945453063976,facility_nearby_confirmed_inadequate
W0066,Zamyoru,LGA005,38033,6227,Gridded population estimate 2024,0.4793439789865883,0.4013685295135872,0.2201953856852743,18231,15265,8375,Agbjide,Kukrima Central,Kukrima State,0.4593682101750885,0.16267117746603177,facility_nearby_mixed_adequacy
W0078,Kadjisa,LGA005,4483,819,Projected 2026 from 2006 census,0.4769962680964281,0.4241090527031047,0.0,2138,1901,0,Agbjide,Kukrima Central,Kukrima State,0.0,0.11087553285140556,facility_nearby_confirmed_inadequate
W0084,Wurdesa,LGA005,47436,8228,Projected 2026 from 2006 census,0.8134471566148169,0.8134471566148169,0.4241524211695615,38587,38587,20120,Agbjide,Kukrima Central,Kukrima State,0.5214259066743605,0.0,facility_nearby_mixed_adequacy
W0088,Kadjina,LGA005,37994,5844,Gridded population estimate 2024,0.4368262012943579,0.4368262012943579,0.2558918406169649,16597,16597,9722,Agbjide,Kukrima Central,Kukrima State,0.5857978295686771,0.0,facility_nearby_mixed_adequacy
W0094,Jostsili,LGA092,18434,2686,Gridded population estimate 2024,0.3219572167840942,0.194908376647336,0.0,5935,3593,0,Tambemi,Kukrima Central,Kukrima State,0.0,0.39461404656742843,facility_nearby_confirmed_inadequate
W0122,Yobtiyi,LGA092,14794,2319,Projected 2026 from 2006 census,0.1356190904343722,0.1356190904343722,0.0182778231100869,2006,2006,270,Tambemi,Kukrima Central,Kukrima State,0.13477323178871908,0.0,facility_nearby_mixed_adequacy
W0127,Gwotidu,LGA092,6917,1250,Gridded population estimate 2024,0.1562254877421561,0.1562254877421561,0.0386793117747013,1081,1081,268,Tambemi,Kukrima Central,Kukrima State,0.24758643633451122,0.0,facility_nearby_mixed_adequacy
W0131,Agbtifa,LGA092,12792,2262,Gridded population estimate 2024,0.3086493599902363,0.3086493599902363,0.0,3948,3948,0,Tambemi,Kukrima Central,Kukrima State,0.0,0.0,facility_nearby_confirmed_inadequate
W0137,Funtsiwa,LGA092,12133,2240,Projected 2026 from 2006 census,0.3630655175949706,0.3630655175949706,0.3047962339741565,4405,4405,3698,Tambemi,Kukrima Central,Kukrima State,0.8395075246836902,0.0,facility_nearby_adequately_staffed
W0083,Adetidu,LGA041,46928,8295,Projected 2026 from 2006 census,0.4001363980767716,0.2483539107731535,0.0,18778,11655,0,Gwolama,Kukrima Central,Kukrima State,0.0,0.37932686962033524,facility_nearby_confirmed_inadequate
W0096,Malsana,LGA041,44341,6921,Gridded population estimate 2024,0.4377982960166834,0.4377982960166834,0.1430743729821044,19412,19412,6344,Gwolama,Kukrima Central,Kukrima State,0.32680431669988086,0.0,facility_nearby_mixed_adequacy
W0110,Ekeluwa,LGA041,48374,8707,Projected 2026 from 2006 census,0.3200402803192646,0.3200402803192646,0.2328980863976078,15482,15482,11266,Gwolama,Kukrima Central,Kukrima State,0.7277149181511595,0.0,facility_nearby_mixed_adequacy
W0111,Lokngowa,LGA041,41058,6408,Projected 2026 from 2006 census,0.5790606129311454,0.5790606129311454,0.0353352850099574,23775,23775,1451,Gwolama,Kukrima Central,Kukrima State,0.06102173800268302,0.0,facility_nearby_confirmed_inadequate
W0138,Banrija,LGA107,26062,4715,Gridded population estimate 2024,0.7142115212585938,0.7142115212585938,0.2652290303072876,18614,18614,6912,Wurmashi,Kukrima Central,Kukrima State,0.37135921560029894,0.0,facility_nearby_mixed_adequacy
W0139,Katshale,LGA107,36171,5457,Projected 2026 from 2006 census,0.4119744118116127,0.4119744118116127,0.1422344747767853,14902,14902,5145,Wurmashi,Kukrima Central,Kukrima State,0.3452507502864672,0.0,facility_nearby_mixed_adequacy
W0154,Hanluta,LGA107,26302,3842,Projected 2026 from 2006 census,0.7862734555593802,0.7230992729109179,0.3370339297850982,20681,19019,8865,Wurmashi,Kukrima Central,Kukrima State,0.4286472186007112,0.0803463250625931,facility_nearby_mixed_adequacy
W0161,Birwari,LGA107,11243,1678,Projected 2026 from 2006 census,0.946854690299794,0.946854690299794,0.5399750096725109,10645,10645,6071,Wurmashi,Kukrima Central,Kukrima State,0.5702828693825697,0.0,facility_nearby_mixed_adequacy
W0171,Olubewo,LGA107,14745,2499,Gridded population estimate 2024,0.4607243357146215,0.4607243357146215,0.1451305838277204,6793,6793,2140,Wurmashi,Kukrima Central,Kukrima State,0.31500524842607,0.0,facility_nearby_mixed_adequacy
W0176,Katwama,LGA107,10539,1828,Gridded population estimate 2024,0.6689240045978231,0.6689240045978231,0.2615228099258986,7050,7050,2756,Wurmashi,Kukrima Central,Kukrima State,0.3909604202096677,0.0,facility_nearby_mixed_adequacy
W0052,Aderimi,LGA121,38344,6850,Projected 2026 from 2006 census,0.5654947386236998,0.5654947386236998,0.3077034260511581,21683,21683,11799,Zamtsiru,Kukrima South,Kukrima State,0.5441313685783288,0.0,facility_nearby_mixed_adequacy
W0061,Agbsatu,LGA121,10883,1861,Gridded population estimate 2024,0.1064122123532403,0.1064122123532403,0.1064122123532403,1158,1158,1158,Zamtsiru,Kukrima South,Kukrima State,1.0,0.0,facility_nearby_adequately_staffed
W0072,Riysano,LGA121,46190,8511,Projected 2026 from 2006 census,0.2228562956352011,0.2228562956352011,0.2228562956352011,10294,10294,10294,Zamtsiru,Kukrima South,Kukrima State,1.0,0.0,facility_nearby_adequately_staffed
W0098,Lokderi,LGA120,32820,5693,Projected 2026 from 2006 census,0.2372246932111135,0.2372246932111135,0.2004243418240997,7786,7786,6578,Zamnuni-North,Kukrima South,Kukrima State,0.8448713289966655,0.0,facility_nearby_adequately_staffed
W0115,Yobzasa,LGA120,27991,4785,Projected 2026 from 2006 census,0.3904518140464027,0.3904518140464027,0.0594313192400451,10929,10929,1664,Zamnuni-North,Kukrima South,Kukrima State,0.15221166121405716,0.0,facility_nearby_mixed_adequacy
W0124,Riynushi,LGA120,30619,4688,Gridded population estimate 2024,0.2646433006676691,0.2646433006676691,0.1832714992711283,8103,8103,5612,Zamnuni-North,Kukrima South,Kukrima State,0.6925227232609035,0.0,facility_nearby_mixed_adequacy
W0013,Baujina,LGA027,43228,6799,Projected 2026 from 2006 census,0.347788731632312,0.347788731632312,0.1980607059229512,15034,15034,8562,Daizade,Kukrima South,Kukrima State,0.5694856903309456,0.0,facility_nearby_mixed_adequacy
W0035,Baujimi,LGA027,50218,8617,Gridded population estimate 2024,0.4036158717274865,0.4036158717274865,0.2326081174070756,20269,20269,11681,Daizade,Kukrima South,Kukrima State,0.5763106302324207,0.0,facility_nearby_mixed_adequacy
W0044,Supmano,LGA027,36589,6205,Projected 2026 from 2006 census,0.2591308266777966,0.1983441448173983,0.1983441448173983,9481,7257,7257,Daizade,Kukrima South,Kukrima State,0.7654208777870319,0.23457912221296806,facility_nearby_mixed_adequacy
W0045,Dainali,LGA027,24443,4143,Projected 2026 from 2006 census,0.2940507811882695,0.2311448971568753,0.2311448971568753,7187,5650,5650,Daizade,Kukrima South,Kukrima State,0.7860713589088616,0.21392864109113843,facility_nearby_mixed_adequacy
W0048,Kadbemi,LGA027,32555,4893,Projected 2026 from 2006 census,0.1003816569737784,0.0042924375552466,0.0033596321774447,3268,140,109,Daizade,Kukrima South,Kukrima State,0.033468586579740355,0.957238825452265,facility_nearby_assessment_gap
W0056,Okedeni,LGA102,59574,8982,Gridded population estimate 2024,0.9002747613972555,0.9002747613972555,0.7370245553874497,53633,53633,43908,Umumitu,Kukrima South,Kukrima State,0.8186662416744459,0.0,facility_nearby_adequately_staffed
W0057,Bantsiri,LGA102,24269,3710,Projected 2026 from 2006 census,0.1251516897952922,0.1251516897952922,0.1251516897952922,3037,3037,3037,Umumitu,Kukrima South,Kukrima State,1.0,0.0,facility_nearby_adequately_staffed
W0058,Tivsawo,LGA102,22734,3595,Projected 2026 from 2006 census,0.1664691032655854,0.1664691032655854,0.0817319289344922,3785,3785,1858,Umumitu,Kukrima South,Kukrima State,0.49097356404988135,0.0,facility_nearby_mixed_adequacy
W0070,Zamkono,LGA102,18303,2901,Projected 2026 from 2006 census,0.5359554686852964,0.5359554686852964,0.5196646899753762,9810,9810,9511,Umumitu,Kukrima South,Kukrima State,0.9696042308330547,0.0,facility_nearby_adequately_staffed
W0085,Banrana,LGA102,9338,1516,Projected 2026 from 2006 census,0.3632263547763314,0.3632263547763314,0.3422776749634929,3392,3392,3196,Umumitu,Kukrima South,Kukrima State,0.9423261017892317,0.0,facility_nearby_adequately_staffed
W0097,Kukjimi,LGA102,19599,3474,Projected 2026 from 2006 census,0.4359469933483285,0.4359469933483285,0.1776341489719755,8544,8544,3481,Umumitu,Kukrima South,Kukrima State,0.4074673106646317,0.0,facility_nearby_mixed_adequacy
W0080,Ibanana,LGA004,13629,2377,Projected 2026 from 2006 census,0.4732818611998686,0.4375111798853018,0.4375111798853018,6450,5963,5963,Adenaja,Kukrima South,Kukrima State,0.9244199191917463,0.07558008080825372,facility_nearby_adequately_staffed
W0087,Ibabewo,LGA004,18269,3321,Projected 2026 from 2006 census,0.4385959055148123,0.4385959055148123,0.3320181802760406,8013,8013,6066,Adenaja,Kukrima South,Kukrima State,0.7570024619503148,0.0,facility_nearby_mixed_adequacy
W0095,Tamdumi,LGA004,21185,3572,Projected 2026 from 2006 census,0.0808633176781709,0.0808633176781709,0.0808633176781709,1713,1713,1713,Adenaja,Kukrima South,Kukrima State,1.0,0.0,facility_nearby_adequately_staffed
W0107,Ibabeno,LGA004,61801,10010,Projected 2026 from 2006 census,0.4315169845895882,0.4315169845895882,0.0,26668,26668,0,Adenaja,Kukrima South,Kukrima State,0.0,0.0,facility_nearby_confirmed_inadequate
W0116,Tamdule,LGA004,16627,2874,Projected 2026 from 2006 census,0.4061335090537774,0.4061335090537774,0.2718586775479657,6753,6753,4520,Adenaja,Kukrima South,Kukrima State,0.66938253428374,0.0,facility_nearby_mixed_adequacy
W0123,Kuktsino,LGA004,13386,2276,Projected 2026 from 2006 census,0.7167778576220993,0.7167778576220993,0.4478933210419477,9595,9595,5995,Adenaja,Kukrima South,Kukrima State,0.624870475948891,0.0,facility_nearby_mixed_adequacy
W0130,Okenawa,LGA004,13430,2201,Projected 2026 from 2006 census,0.4071054139653521,0.4071054139653521,0.1580501337733536,5467,5467,2123,Adenaja,Kukrima South,Kukrima State,0.3882290147750404,0.0,facility_nearby_mixed_adequacy
W0017,Kadyodu,LGA015,29162,4895,Projected 2026 from 2006 census,0.5717500754231941,0.5717500754231941,0.1477634507823098,16673,16673,4309,Banluta,Kukrima South,Kukrima State,0.25844063190186595,0.0,facility_nearby_mixed_adequacy
W0026,Adenutu,LGA015,28518,4669,Projected 2026 from 2006 census,0.3450048614951903,0.3450048614951903,0.0621560907191961,9839,9839,1773,Banluta,Kukrima South,Kukrima State,0.18016004310728423,0.0,facility_nearby_mixed_adequacy
W0027,Irobade,LGA015,15603,2363,Projected 2026 from 2006 census,0.4166068409764363,0.4166068409764363,0.4123263705301331,6500,6500,6434,Banluta,Kukrima South,Kukrima State,0.9897253956841643,0.0,facility_nearby_adequately_staffed
W0034,Dutkoshi,LGA015,21796,3203,Projected 2026 from 2006 census,0.0718753909271814,0.0718753909271814,0.0035064924331181,1567,1567,76,Banluta,Kukrima South,Kukrima State,0.04878571633329421,0.0,facility_nearby_confirmed_inadequate
W0049,Nastili,LGA035,23744,3918,Projected 2026 from 2006 census,0.6789886057245332,0.6789886057245332,0.4321775518419649,16122,16122,10262,Enumade-West,Kukrima South,Kukrima State,0.6365019209428383,0.0,facility_nearby_mixed_adequacy
W0051,Okederi,LGA035,67931,10620,Projected 2026 from 2006 census,0.3961547953368854,0.3961547953368854,0.1812000131251195,26911,26911,12309,Enumade-West,Kukrima South,Kukrima State,0.4573969954624154,0.0,facility_nearby_mixed_adequacy
W0065,Wurlawo,LGA035,32751,5053,Projected 2026 from 2006 census,0.7768670041604213,0.7768670041604213,0.6741641440126105,25443,25443,22080,Enumade-West,Kukrima South,Kukrima State,0.8677986584604603,0.0,facility_nearby_adequately_staffed
W0068,Hanzami,LGA035,39282,6477,Projected 2026 from 2006 census,0.642087504571229,0.5413710014659494,0.3723188554665969,25222,21266,14625,Enumade-West,Kukrima South,Kukrima State,0.5798568774753259,0.15685790860006799,facility_nearby_mixed_adequacy
W0077,Hanbena,LGA035,31884,5339,Projected 2026 from 2006 census,0.0425181030072149,0.0425181030072149,0.0008798917690743,1356,1356,28,Enumade-West,Kukrima South,Kukrima State,0.02069452084739037,0.0,facility_nearby_confirmed_inadequate
W0081,Umutiri,LGA035,18226,3180,Gridded population estimate 2024,0.4873745801083711,0.4860486230545209,0.3795884573263395,8883,8859,6918,Enumade-West,Kukrima South,Kukrima State,0.7788433636443152,0.0027206118414205252,facility_nearby_mixed_adequacy
W0128,Irodefa,LGA112,196742,32527,Projected 2026 from 2006 census,0.8276638949145863,0.8276638949145863,0.327813429877876,162836,162836,64495,Yobkosa-South,Agbzatu North,Agbzatu State,0.3960707140809928,0.0,facility_nearby_mixed_adequacy
W0134,Zammiwa,LGA112,133322,22069,Projected 2026 from 2006 census,0.5874516604932626,0.4061021199021097,0.2137232685502937,78320,54142,28494,Yobkosa-South,Agbzatu North,Agbzatu State,0.3638142215324368,0.30870546938088494,facility_nearby_mixed_adequacy
W0152,Iroketu,LGA112,47082,7470,Projected 2026 from 2006 census,0.3889338368407337,0.3808767343894859,0.0,18312,17932,0,Yobkosa-South,Agbzatu North,Agbzatu State,0.0,0.02071586909664314,facility_nearby_confirmed_inadequate
W0157,Zamngono,LGA112,53970,9176,Projected 2026 from 2006 census,0.4585339837210195,0.4585339837210195,0.3991478021628099,24747,24747,21542,Yobkosa-South,Agbzatu North,Agbzatu State,0.8704868479402799,0.0,facility_nearby_adequately_staffed
W0185,Ekezali,LGA112,60262,9549,Gridded population estimate 2024,0.5187937382728021,0.5187937382728021,0.2598841974182435,31264,31264,15661,Yobkosa-South,Agbzatu North,Agbzatu State,0.5009393488122368,0.0,facility_nearby_mixed_adequacy
W0239,Daizaru,LGA008,45948,7423,Gridded population estimate 2024,0.5301869837451331,0.5295121021841386,0.0580015263962453,24361,24330,2665,Agbmita,Agbzatu North,Agbzatu State,0.10939824660827074,0.0012729123529726493,facility_nearby_mixed_adequacy
W0257,Kadbetu,LGA008,43337,6303,Projected 2026 from 2006 census,0.6783615800677685,0.5906257476801839,0.3659349457796708,29398,25596,15859,Agbmita,Agbzatu North,Agbzatu State,0.539439373531611,0.1293349077623466,facility_nearby_mixed_adequacy
W0258,Agbratu,LGA008,54474,8358,Projected 2026 from 2006 census,0.617872493667364,0.6140136082306162,0.1544176589525913,33658,33448,8412,Agbmita,Agbzatu North,Agbzatu State,0.24991832543968714,0.006245439757066101,facility_nearby_mixed_adequacy
W0261,Uzowana,LGA008,133916,23796,Gridded population estimate 2024,0.3048570765697278,0.2691337874606853,0.1001989310963713,40825,36041,13418,Agbmita,Agbzatu North,Agbzatu State,0.3286751031788941,0.11718044898613927,facility_nearby_mixed_adequacy
W0275,Tivlawa,LGA008,15316,2809,Projected 2026 from 2006 census,0.310252688562226,0.310252688562226,0.0540748340008799,4752,4752,828,Agbmita,Agbzatu North,Agbzatu State,0.1742928780133177,0.0,facility_nearby_mixed_adequacy
W0280,Gwoyota,LGA008,48785,8597,Projected 2026 from 2006 census,0.6225929128462653,0.5441876619083352,0.2330344024613011,30373,26548,11369,Agbmita,Agbzatu North,Agbzatu State,0.37429658714866143,0.12593341382491835,facility_nearby_mixed_adequacy
W0282,Enunayi,LGA008,98702,17568,Gridded population estimate 2024,0.2921048827876976,0.2766057416257882,0.1106625540638596,28831,27302,10923,Agbmita,Agbzatu North,Agbzatu State,0.37884527299836124,0.05306019198992362,facility_nearby_mixed_adequacy
W0295,Dainani,LGA008,44974,6717,Projected 2026 from 2006 census,0.4898817268350429,0.2997386649264763,0.0668398680661042,22032,13480,3006,Agbmita,Agbzatu North,Agbzatu State,0.13644082725423046,0.3881407521301426,facility_nearby_mixed_adequacy
W0189,Katlano,LGA070,209177,30640,Gridded population estimate 2024,0.7722500361491373,0.7722500361491373,0.5025586084858519,161537,161537,105124,Malmaba,Agbzatu North,Agbzatu State,0.6507718808171056,0.0,facility_nearby_mixed_adequacy
W0208,Kukyoba,LGA070,71525,12802,Projected 2026 from 2006 census,0.2675172775895907,0.2675172775895907,0.1726701140122291,19134,19134,12350,Malmaba,Agbzatu North,Agbzatu State,0.6454540640067721,0.0,facility_nearby_mixed_adequacy
W0212,Wurngowo,LGA070,115247,16782,Projected 2026 from 2006 census,0.4459825253203182,0.4459825253203182,0.2697631323578881,51398,51398,31089,Malmaba,Agbzatu North,Agbzatu State,0.6048737720477637,0.0,facility_nearby_mixed_adequacy
W0216,Jossafa,LGA070,95712,17461,Gridded population estimate 2024,0.5431967670220385,0.5431967670220385,0.4638512965349287,51990,51990,44396,Malmaba,Agbzatu North,Agbzatu State,0.8539286768547896,0.0,facility_nearby_adequately_staffed
W0240,Daiyole,LGA070,88866,15662,Gridded population estimate 2024,0.3094110759921266,0.2711888667548554,0.2613486106685836,27496,24099,23225,Malmaba,Agbzatu North,Agbzatu State,0.8446646902686639,0.12353212991717151,facility_nearby_adequately_staffed
W0184,Riysafa,LGA091,145691,26731,Gridded population estimate 2024,0.5385285584640079,0.3289480794936655,0.0,78459,47925,0,Supyoshi-East,Agbzatu North,Agbzatu State,0.0,0.38917245088748537,facility_nearby_confirmed_inadequate
W0247,Daisale,LGA091,54735,9229,Projected 2026 from 2006 census,0.6672128757544677,0.5983739284601026,0.0504937343207766,36520,32752,2764,Supyoshi-East,Agbzatu North,Agbzatu State,0.07567859697503519,0.10317388916771691,facility_nearby_confirmed_inadequate
W0249,Suplali,LGA091,63555,11655,Gridded population estimate 2024,0.4169897451481415,0.3863641390986326,0.1676225882221489,26502,24555,10653,Supyoshi-East,Agbzatu North,Agbzatu State,0.40198251916866345,0.07344450650370009,facility_nearby_mixed_adequacy
W0259,Adejisa,LGA091,122654,20400,Gridded population estimate 2024,0.6517608944649105,0.6517608944649105,0.5796231232451583,79941,79941,71093,Supyoshi-East,Agbzatu North,Agbzatu State,0.889318656838139,0.0,facility_nearby_adequately_staffed
W0164,Loknuri,LGA044,109076,19063,Gridded population estimate 2024,0.3655721141320939,0.3655721141320939,0.2376839737197436,39875,39875,25926,Hanraja,Agbzatu North,Agbzatu State,0.6501698694497801,0.0,facility_nearby_mixed_adequacy
W0170,Dutkota,LGA044,45234,6919,Gridded population estimate 2024,0.6229179099510214,0.6229179099510214,0.2205810731059495,28177,28177,9978,Hanraja,Agbzatu North,Agbzatu State,0.35410937714616886,0.0,facility_nearby_mixed_adequacy
W0187,Kuktsini,LGA044,159257,27738,Gridded population estimate 2024,0.1386177174400354,0.1386177174400354,0.1128171939408368,22076,22076,17967,Hanraja,Agbzatu North,Agbzatu State,0.8138728297098122,0.0,facility_nearby_adequately_staffed
W0197,Tivjija,LGA044,70065,10763,Projected 2026 from 2006 census,0.5084276098616368,0.5084276098616368,0.271823901001511,35623,35623,19045,Hanraja,Agbzatu North,Agbzatu State,0.5346363882077234,0.0,facility_nearby_mixed_adequacy
W0191,Riyriru,LGA056,43656,6349,Projected 2026 from 2006 census,0.4973603205550466,0.4973603205550466,0.0746878381470043,21713,21713,3261,Josduri-South,Agbzatu North,Agbzatu State,0.15016846953865118,0.0,facility_nearby_mixed_adequacy
W0214,Gwonade,LGA056,322123,55173,Projected 2026 from 2006 census,0.6342288664379351,0.5690567203855522,0.1849459722295723,204300,183306,59575,Josduri-South,Agbzatu North,Agbzatu State,0.29160762307823923,0.10275808860358855,facility_nearby_mixed_adequacy
W0225,Sokshayi,LGA056,280263,41460,Gridded population estimate 2024,0.417437425822436,0.417437425822436,0.0,116992,116992,0,Josduri-South,Agbzatu North,Agbzatu State,0.0,0.0,facility_nearby_confirmed_inadequate
W0246,Tivbedu,LGA056,14461,2586,Projected 2026 from 2006 census,0.2098479125531466,0.2098479125531466,0.0113114948944899,3035,3035,164,Josduri-South,Agbzatu North,Agbzatu State,0.053903299569992735,0.0,facility_nearby_confirmed_inadequate
W0243,Joskoko,LGA039,29574,4486,Gridded population estimate 2024,0.523391285825319,0.523391285825319,0.0675888084483814,15479,15479,1999,Gwodele-South,Agbzatu North,Agbzatu State,0.12913628919480913,0.0,facility_nearby_mixed_adequacy
W0265,Josbesa,LGA039,79003,13541,Projected 2026 from 2006 census,0.5411347047006803,0.5411347047006803,0.0001224615218023,42751,42751,10,Gwodele-South,Agbzatu North,Agbzatu State,0.00022630505997584755,0.0,facility_nearby_confirmed_inadequate
W0266,Okeshali,LGA039,39626,6456,Gridded population estimate 2024,0.6115757458259297,0.6115757458259297,0.3264016391407504,24234,24234,12934,Gwodele-South,Agbzatu North,Agbzatu State,0.5337059904165211,0.0,facility_nearby_mixed_adequacy
W0281,Tamngoba,LGA039,37386,6750,Gridded population estimate 2024,0.6480968602044339,0.6480968602044339,0.3576980957704,24230,24230,13373,Gwodele-South,Agbzatu North,Agbzatu State,0.5519207355171706,0.0,facility_nearby_mixed_adequacy
W0283,Ekelusa,LGA039,31819,5804,Projected 2026 from 2006 census,0.435778916025634,0.4357789160256339,0.086741892256311,13866,13866,2760,Gwodele-South,Agbzatu North,Agbzatu State,0.1990502272285439,2.5476749420337937e-16,facility_nearby_mixed_adequacy
W0293,Olukoyi,LGA039,55159,10162,Projected 2026 from 2006 census,0.3824376829969004,0.3824376829969004,0.1772786635633281,21095,21095,9779,Gwodele-South,Agbzatu North,Agbzatu State,0.46354915178367745,0.0,facility_nearby_mixed_adequacy
W0303,Daidushi,LGA039,50472,8119,Projected 2026 from 2006 census,0.6469051631943658,0.6469051631943658,0.4199134480885861,32651,32651,21194,Gwodele-South,Agbzatu North,Agbzatu State,0.6491112947917855,0.0,facility_nearby_mixed_adequacy
W0310,Umubeli,LGA039,145272,24374,Projected 2026 from 2006 census,0.8262303563356839,0.8262303563356839,0.2455095800266726,120028,120028,35666,Gwodele-South,Agbzatu North,Agbzatu State,0.29714422635777143,0.0,facility_nearby_mixed_adequacy
W0090,Bannayi,LGA118,19538,3614,Gridded population estimate 2024,0.7686531557596191,0.7686531557596191,0.4514468979175052,15018,15018,8820,Zamkeri,Agbzatu Central,Agbzatu State,0.587321985911011,0.0,facility_nearby_mixed_adequacy
W0099,Dutmili,LGA118,27064,4746,Gridded population estimate 2024,0.8348808875189034,0.8348808875189034,0.6650663375707414,22595,22595,17999,Zamkeri,Agbzatu Central,Agbzatu State,0.7966002665927394,0.0,facility_nearby_mixed_adequacy
W0100,Umuwata,LGA118,9017,1520,Gridded population estimate 2024,0.4745753796651861,0.4745753796651861,0.382498194095828,4279,4279,3449,Zamkeri,Agbzatu Central,Agbzatu State,0.805979851642707,0.0,facility_nearby_adequately_staffed
W0105,Uzoriyi,LGA118,23926,4111,Projected 2026 from 2006 census,0.3697430233339415,0.3627081192638995,0.150562948990398,8846,8678,3602,Zamkeri,Agbzatu Central,Agbzatu State,0.40720970914551585,0.01902646872578919,facility_nearby_mixed_adequacy
W0108,Shabeli,LGA118,24409,3931,Projected 2026 from 2006 census,0.2084767044140228,0.2084767044140228,0.1497820109286183,5089,5089,3656,Zamkeri,Agbzatu Central,Agbzatu State,0.7184592223367067,0.0,facility_nearby_mixed_adequacy
W0037,Ngeride,LGA055,20863,3348,Projected 2026 from 2006 census,0.314316625873744,0.3111039538013065,0.1221675185061128,6558,6491,2549,Irosaja,Agbzatu Central,Agbzatu State,0.38867660330251047,0.010221133112213898,facility_nearby_mixed_adequacy
W0073,Funzako,LGA055,7985,1360,Projected 2026 from 2006 census,0.5962158057549003,0.4093446990074814,0.4093446990074814,4761,3269,3269,Irosaja,Agbzatu Central,Agbzatu State,0.6865713640200941,0.3134286359799059,facility_nearby_mixed_adequacy
W0074,Mallufa,LGA055,20101,3609,Projected 2026 from 2006 census,0.3541790381683916,0.3290866639714523,0.3290866639714523,7119,6615,6615,Irosaja,Agbzatu Central,Agbzatu State,0.9291534182070671,0.07084658179293293,facility_nearby_adequately_staffed
W0082,Yobkosa,LGA055,8548,1534,Gridded population estimate 2024,0.207150013909434,0.1225260026487023,0.1225260026487023,1771,1047,1047,Irosaja,Agbzatu Central,Agbzatu State,0.5914844046415111,0.40851559535848897,facility_nearby_mixed_adequacy
W0086,Maltsini,LGA055,6440,1032,Projected 2026 from 2006 census,0.1531828843659869,0.0787560903365579,0.0,986,507,0,Irosaja,Agbzatu Central,Agbzatu State,0.0,0.4858688641193579,facility_nearby_confirmed_inadequate
W0101,Dairimi,LGA055,23866,3936,Projected 2026 from 2006 census,0.1122778496715615,0.0552079466258717,0.0,2680,1318,0,Irosaja,Agbzatu Central,Agbzatu State,0.0,0.5082917353033779,facility_nearby_assessment_gap
W0043,Tivlana,LGA064,49189,8230,Projected 2026 from 2006 census,0.3643300642907853,0.3359698831747371,0.2928625463717864,17921,16526,14406,Lokmata,Agbzatu Central,Agbzatu State,0.8038385383920498,0.07784200069037646,facility_nearby_adequately_staffed
W0063,Josmasa,LGA064,12840,2206,Gridded population estimate 2024,0.2648675963344421,0.1019742860798312,0.0113505218286028,3401,1309,146,Lokmata,Agbzatu Central,Agbzatu State,0.042853569049914136,0.6149990127479745,facility_nearby_assessment_gap
W0075,Okewako,LGA064,14993,2299,Projected 2026 from 2006 census,0.6235682493101309,0.6105088486540438,0.0,9349,9153,0,Lokmata,Agbzatu Central,Agbzatu State,0.0,0.020943017336971646,facility_nearby_confirmed_inadequate
W0076,Sharama,LGA064,16099,2706,Projected 2026 from 2006 census,0.3810913485283969,0.3097423463338136,0.0,6135,4987,0,Lokmata,Agbzatu Central,Agbzatu State,0.0,0.18722283376440058,facility_nearby_confirmed_inadequate
W0079,Uzotishi,LGA064,82183,14985,Gridded population estimate 2024,0.7484174487390235,0.6874582209127891,0.3137506546264239,61507,56497,25785,Lokmata,Agbzatu Central,Agbzatu State,0.41921878646074984,0.08145083726861528,facility_nearby_mixed_adequacy
W0092,Gwomali,LGA031,50260,7901,Gridded population estimate 2024,0.2456666944431612,0.2452840917185683,0.0,12347,12328,0,Dutzama,Agbzatu Central,Agbzatu State,0.0,0.001557405758481504,facility_nearby_confirmed_inadequate
W0093,Sharashi,LGA031,28647,4314,Projected 2026 from 2006 census,0.3652467636022545,0.3652467636022545,0.1516844665510192,10463,10463,4345,Dutzama,Agbzatu Central,Agbzatu State,0.41529311596091284,0.0,facility_nearby_mixed_adequacy
W0102,Soktiri,LGA031,35762,5287,Gridded population estimate 2024,0.308659958285615,0.2077591650109713,0.1064166674581376,11038,7430,3806,Dutzama,Agbzatu Central,Agbzatu State,0.34476991459859574,0.3268995234596523,facility_nearby_mixed_adequacy
W0114,Baulutu,LGA031,78092,11587,Gridded population estimate 2024,0.464519059351699,0.4494229052009411,0.2423394938728258,36275,35096,18925,Dutzama,Agbzatu Central,Agbzatu State,0.5216997860347092,0.0324984601747595,facility_nearby_mixed_adequacy
W0103,Kadjino,LGA037,18151,3167,Gridded population estimate 2024,0.5691069631129317,0.5078676390823907,0.4014536281206341,10330,9218,7287,Enutifa,Agbzatu Central,Agbzatu State,0.7054097984054554,0.10760600027729561,facility_nearby_mixed_adequacy
W0135,Birnushi,LGA037,25287,3918,Projected 2026 from 2006 census,0.547428800716701,0.547428800716701,0.4121326747642728,13843,13843,10422,Enutifa,Agbzatu Central,Agbzatu State,0.7528516479671937,0.0,facility_nearby_mixed_adequacy
W0136,Oluketa,LGA037,23296,4163,Projected 2026 from 2006 census,0.4212108382457193,0.4212108382457193,0.2029385639296113,9813,9813,4728,Enutifa,Agbzatu Central,Agbzatu State,0.48179805812884663,0.0,facility_nearby_mixed_adequacy
W0155,Fundudu,LGA037,13983,2234,Projected 2026 from 2006 census,0.2124521916521201,0.2124521916521201,0.2103872569820515,2971,2971,2942,Enutifa,Agbzatu Central,Agbzatu State,0.9902804736726377,0.0,facility_nearby_adequately_staffed
W0156,Kuktidu,LGA037,14559,2144,Gridded population estimate 2024,0.3546609511686363,0.3546609511686363,0.1062635067004513,5164,5164,1547,Enutifa,Agbzatu Central,Agbzatu State,0.29961997888491676,0.0,facility_nearby_mixed_adequacy
W0089,Naslayi,LGA062,12625,1858,Gridded population estimate 2024,0.3823644571877928,0.2412995774154635,0.1434453560517648,4827,3046,1811,Katrini,Agbzatu Central,Agbzatu State,0.3751534781940093,0.3689278046652942,facility_nearby_mixed_adequacy
W0104,Irotsifa,LGA062,12906,2081,Projected 2026 from 2006 census,0.2890534149193163,0.2890534149193163,0.0949869239759565,3731,3731,1226,Katrini,Agbzatu Central,Agbzatu State,0.32861374082873324,0.0,facility_nearby_mixed_adequacy
W0109,Ekemari,LGA062,15014,2544,Projected 2026 from 2006 census,0.1339407705282548,0.1339407705282548,0.0811904705387346,2011,2011,1219,Katrini,Agbzatu Central,Agbzatu State,0.6061669663279075,0.0,facility_nearby_mixed_adequacy
W0121,Maldefa,LGA062,39423,7093,Projected 2026 from 2006 census,0.3044075039218075,0.3044075039218075,0.3033319972641566,12001,12001,11958,Katrini,Agbzatu Central,Agbzatu State,0.9964668851989695,0.0,facility_nearby_adequately_staffed
W0009,Gwobele,LGA090,22295,4039,Gridded population estimate 2024,0.0,0.0,0.0,0,0,0,Supsama-South,Agbzatu Central,Agbzatu State,,,no_facility_nearby
W0038,Zammasa,LGA090,11000,1920,Projected 2026 from 2006 census,0.5089521564146791,0.2531920678473221,0.1206019913219885,5598,2785,1327,Supsama-South,Agbzatu Central,Agbzatu State,0.23696135246104663,0.5025228508099123,facility_nearby_mixed_adequacy
W0047,Kuktsija,LGA090,25296,4603,Projected 2026 from 2006 census,0.2064259400431121,0.2064259400431121,0.1182534954790711,5222,5222,2991,Supsama-South,Agbzatu Central,Agbzatu State,0.5728616057379893,0.0,facility_nearby_mixed_adequacy
W0055,Tivjidu,LGA090,19187,2852,Gridded population estimate 2024,0.3088942329940507,0.3088942329940507,0.0,5927,5927,0,Supsama-South,Agbzatu Central,Agbzatu State,0.0,0.0,facility_nearby_confirmed_inadequate
W0059,Malrama,LGA090,30305,5341,Gridded population estimate 2024,0.2957178007088834,0.2085671217458198,0.026856304483805,8962,6321,814,Supsama-South,Agbzatu Central,Agbzatu State,0.09081734146346988,0.2947089378933204,facility_nearby_confirmed_inadequate
W0060,Tammari,LGA090,14036,2490,Projected 2026 from 2006 census,0.140535848380844,0.0925414059302529,0.0925414059302529,1973,1299,1299,Supsama-South,Agbzatu Central,Agbzatu State,0.6584896807216837,0.3415103192783164,facility_nearby_mixed_adequacy
W0141,Zamlani,LGA052,57075,8559,Gridded population estimate 2024,0.6080673125587073,0.6080673125587073,0.1035923300150134,34705,34705,5913,Iromashi,Agbzatu Central,Agbzatu State,0.17036326057242526,0.0,facility_nearby_mixed_adequacy
W0142,Ngengoyi,LGA052,33913,5390,Gridded population estimate 2024,0.2007464588924712,0.2007464588924712,0.1632758532161312,6808,6808,5537,Iromashi,Agbzatu Central,Agbzatu State,0.8133436281612771,0.0,facility_nearby_adequately_staffed
W0147,Adenuru,LGA052,12873,2145,Projected 2026 from 2006 census,0.6157315003471373,0.6157315003471373,0.2606047797116914,7926,7926,3355,Iromashi,Agbzatu Central,Agbzatu State,0.42324418933377217,0.0,facility_nearby_mixed_adequacy
W0158,Tivzaba,LGA052,27855,4068,Projected 2026 from 2006 census,0.0933084419443419,0.0933084419443419,0.0625529359041925,2599,2599,1742,Iromashi,Agbzatu Central,Agbzatu State,0.6703888158533937,0.0,facility_nearby_mixed_adequacy
W0223,Lokngoko,LGA081,17616,2961,Gridded population estimate 2024,0.4180661461710248,0.4180661461710248,0.2218586701924037,7365,7365,3908,Oketsifa,Agbzatu South,Agbzatu State,0.530678391982604,0.0,facility_nearby_mixed_adequacy
W0224,Uzoluwo,LGA081,19272,2941,Projected 2026 from 2006 census,0.0110942183478131,0.0110942183478131,0.0110942183478131,214,214,214,Oketsifa,Agbzatu South,Agbzatu State,1.0,0.0,facility_nearby_adequately_staffed
W0236,Nasyowa,LGA081,15838,2924,Projected 2026 from 2006 census,0.1731205311906821,0.1731205311906821,0.1655992497425274,2742,2742,2623,Oketsifa,Agbzatu South,Agbzatu State,0.9565546535906221,0.0,facility_nearby_adequately_staffed
W0256,Kadmaja,LGA081,27456,4236,Projected 2026 from 2006 census,0.5124436947659866,0.5069609445823046,0.360461227897179,14070,13919,9897,Oketsifa,Agbzatu South,Agbzatu State,0.7034162612963514,0.010699224597125372,facility_nearby_mixed_adequacy
W0264,Wurnude,LGA081,52061,8286,Gridded population estimate 2024,0.1602977857326031,0.1300680178744504,0.1300680178744504,8345,6771,6771,Oketsifa,Agbzatu South,Agbzatu State,0.8114149380167999,0.18858506198320008,facility_nearby_adequately_staffed
W0267,Okekede,LGA081,18762,3202,Projected 2026 from 2006 census,0.6934893982875862,0.6934893982875862,0.1959242245598656,13011,13011,3676,Oketsifa,Agbzatu South,Agbzatu State,0.2825194228544168,0.0,facility_nearby_mixed_adequacy
W0271,Oludude,LGA081,9005,1362,Projected 2026 from 2006 census,0.6923513292182866,0.6634262341318636,0.3162392175641776,6235,5974,2848,Oketsifa,Agbzatu South,Agbzatu State,0.45676119076890337,0.041778059585848425,facility_nearby_mixed_adequacy
W0119,Joszayi,LGA019,72302,11359,Projected 2026 from 2006 census,0.4532662854901583,0.4532662854901583,0.3620877352993282,32772,32772,26180,Baungoshi,Agbzatu South,Agbzatu State,0.7988410938346531,0.0,facility_nearby_mixed_adequacy
W0125,Daishani,LGA019,9610,1633,Gridded population estimate 2024,0.0745034892214938,0.0745034892214938,0.0,716,716,0,Baungoshi,Agbzatu South,Agbzatu State,0.0,0.0,facility_nearby_confirmed_inadequate
W0129,Ibashadu,LGA019,7693,1266,Projected 2026 from 2006 census,0.2682441745660291,0.2682441745660291,0.0,2064,2064,0,Baungoshi,Agbzatu South,Agbzatu State,0.0,0.0,facility_nearby_confirmed_inadequate
W0167,Ekewafa,LGA009,44270,6729,Projected 2026 from 2006 census,0.2580367677014593,0.2580367677014593,0.2580367677014593,11423,11423,11423,Agbngoru,Agbzatu South,Agbzatu State,1.0,0.0,facility_nearby_adequately_staffed
W0178,Daijiwa,LGA009,10786,1957,Projected 2026 from 2006 census,0.4082790775948811,0.4082790775948811,0.3532653009717748,4404,4404,3810,Agbngoru,Agbzatu South,Agbzatu State,0.8652544799817191,0.0,facility_nearby_adequately_staffed
W0194,Enurita,LGA009,14421,2192,Gridded population estimate 2024,0.6772335506216061,0.6772335506216061,0.4445362660667331,9766,9766,6411,Agbngoru,Agbzatu South,Agbzatu State,0.6564002413328618,0.0,facility_nearby_mixed_adequacy
W0201,Ekekowo,LGA009,15984,2377,Gridded population estimate 2024,0.4233512099001876,0.4233512099001876,0.4233512099001876,6767,6767,6767,Agbngoru,Agbzatu South,Agbzatu State,1.0,0.0,facility_nearby_adequately_staffed
W0207,Malkori,LGA009,33013,5535,Gridded population estimate 2024,0.2090734543527306,0.2090734543527306,0.2090734543527306,6902,6902,6902,Agbngoru,Agbzatu South,Agbzatu State,1.0,0.0,facility_nearby_adequately_staffed
W0149,Katbeba,LGA025,22749,4201,Gridded population estimate 2024,0.1853079805031055,0.1853079805031055,0.1791637859789533,4216,4216,4076,Daishako,Agbzatu South,Agbzatu State,0.9668433355785816,0.0,facility_nearby_adequately_staffed
W0165,Funbaja,LGA025,21338,3535,Projected 2026 from 2006 census,0.3996087694782477,0.3996087694782477,0.0127322896207368,8527,8527,272,Daishako,Agbzatu South,Agbzatu State,0.03186188740892952,0.0,facility_nearby_confirmed_inadequate
W0175,Zamnawo,LGA025,21571,3190,Gridded population estimate 2024,0.1723212103130552,0.1723212103130552,0.0,3717,3717,0,Daishako,Agbzatu South,Agbzatu State,0.0,0.0,facility_nearby_confirmed_inadequate
W0188,Wurnuri,LGA025,14815,2666,Gridded population estimate 2024,0.2083832331851768,0.2083832331851768,0.2083832331851769,3087,3087,3087,Daishako,Agbzatu South,Agbzatu State,1.0000000000000004,0.0,facility_nearby_adequately_staffed
W0205,Okelaja,LGA025,7963,1195,Gridded population estimate 2024,0.4260896082567876,0.4260896082567876,0.3509551545057015,3393,3393,2795,Daishako,Agbzatu South,Agbzatu State,0.8236651345277459,0.0,facility_nearby_adequately_staffed
W0140,Uzosafa,LGA017,25519,4665,Projected 2026 from 2006 census,0.6431831711220495,0.6431831711220495,0.2768687683167811,16413,16413,7065,Banngono,Agbzatu South,Agbzatu State,0.4304664374749987,0.0,facility_nearby_mixed_adequacy
W0163,Bankoyi,LGA017,9901,1780,Gridded population estimate 2024,0.2919711867157314,0.2919711867157314,0.0042447679573092,2891,2891,42,Banngono,Agbzatu South,Agbzatu State,0.014538311143153947,0.0,facility_nearby_confirmed_inadequate
W0166,Agbkota,LGA017,16828,2640,Projected 2026 from 2006 census,0.4490939817322367,0.4490939817322367,0.1045138390480051,7557,7557,1759,Banngono,Agbzatu South,Agbzatu State,0.23272153112557048,0.0,facility_nearby_mixed_adequacy
W0221,Kuktiwa,LGA101,10875,1908,Gridded population estimate 2024,0.2116253293014566,0.2116253293014566,0.052994645417016,2301,2301,576,Umumayi,Agbzatu South,Agbzatu State,0.25041730870280676,0.0,facility_nearby_mixed_adequacy
W0245,Banlumi,LGA101,17915,3063,Gridded population estimate 2024,0.3313261105990439,0.3313261105990439,0.2374836621232421,5936,5936,4255,Umumayi,Agbzatu South,Agbzatu State,0.7167671201459708,0.0,facility_nearby_mixed_adequacy
W0248,Nasnayi,LGA101,40002,6338,Gridded population estimate 2024,0.4928578756243541,0.492857875624354,0.162584418156812,19715,19715,6504,Umumayi,Agbzatu South,Agbzatu State,0.32988093768583787,2.2526230776341393e-16,facility_nearby_mixed_adequacy
W0253,Olulusa,LGA101,8113,1231,Projected 2026 from 2006 census,0.3852005109203347,0.2547620389934945,0.0895745732860046,3125,2067,727,Umumayi,Agbzatu South,Agbzatu State,0.23254012065557716,0.3386248673845006,facility_nearby_mixed_adequacy
W0273,Hanlushi,LGA101,7093,1168,Projected 2026 from 2006 census,0.0324997452624329,0.0324997452624329,0.0,231,231,0,Umumayi,Agbzatu South,Agbzatu State,0.0,0.0,facility_nearby_confirmed_inadequate
W0279,Kuklasa,LGA101,57352,9814,Gridded population estimate 2024,0.1922712270556988,0.1922712270556988,0.0,11027,11027,0,Umumayi,Agbzatu South,Agbzatu State,0.0,0.0,facility_nearby_confirmed_inadequate
W0179,Yelrari,LGA079,8241,1480,Gridded population estimate 2024,0.2758908580363317,0.2530998074828436,0.2513776283029522,2274,2086,2072,Ngetija,Agbzatu South,Agbzatu State,0.9111488147601057,0.0826089371561806,facility_nearby_adequately_staffed
W0202,Sokmimi,LGA079,27319,4807,Gridded population estimate 2024,0.3074361574285613,0.3074361574285613,0.1418769123884384,8399,8399,3876,Ngetija,Agbzatu South,Agbzatu State,0.46148414544052524,0.0,facility_nearby_mixed_adequacy
W0209,Ibatsiba,LGA079,17038,2981,Gridded population estimate 2024,0.0708708738674584,0.0708708738674584,0.0,1207,1207,0,Ngetija,Agbzatu South,Agbzatu State,0.0,0.0,facility_nearby_confirmed_inadequate
W0213,Enuyona,LGA079,48741,7086,Projected 2026 from 2006 census,0.5568726293157086,0.471739241287006,0.193055777919718,27143,22993,9410,Ngetija,Agbzatu South,Agbzatu State,0.3466785181324985,0.15287766635849107,facility_nearby_mixed_adequacy
W0222,Yobbeko,LGA079,22786,3829,Gridded population estimate 2024,0.5180301057544598,0.5180301057544598,0.3885848197837366,11804,11804,8854,Ngetija,Agbzatu South,Agbzatu State,0.7501201483604917,0.0,facility_nearby_mixed_adequacy
W0296,Umukeshi,LGA100,35733,5585,Projected 2026 from 2006 census,0.0,0.0,0.0,0,0,0,Tivsano-North,Tivbetu North,Tivbetu State,,,no_facility_nearby
W0315,Ibazawa,LGA100,25866,4297,Projected 2026 from 2006 census,0.4834448747441885,0.2505024124870144,0.1600975243559179,12505,6479,4141,Tivsano-North,Tivbetu North,Tivbetu State,0.3311598337672571,0.4818387254191784,facility_nearby_mixed_adequacy
W0318,Olumaru,LGA100,27417,5009,Gridded population estimate 2024,0.1684273461183018,0.1032347486580243,0.0,4618,2830,0,Tivsano-North,Tivbetu North,Tivbetu State,0.0,0.38706658367986646,facility_nearby_confirmed_inadequate
W0323,Uzojili,LGA100,24087,4102,Gridded population estimate 2024,0.3041786515823573,0.3041786515823573,0.0,7327,7327,0,Tivsano-North,Tivbetu North,Tivbetu State,0.0,0.0,facility_nearby_confirmed_inadequate
W0324,Shabafa,LGA100,12347,2159,Gridded population estimate 2024,0.3195346548975203,0.2358363668785464,0.2358363668785464,3945,2912,2912,Tivsano-North,Tivbetu North,Tivbetu State,0.7380619387095361,0.26193806129046393,facility_nearby_mixed_adequacy
W0325,Funbayi,LGA100,25799,3863,Projected 2026 from 2006 census,0.4118577765703283,0.3772110187299635,0.3720077679948004,10626,9732,9597,Tivsano-North,Tivbetu North,Tivbetu State,0.9032432775523345,0.08412311193655116,facility_nearby_adequately_staffed
W0334,Riyzama,LGA100,28179,5032,Gridded population estimate 2024,0.5948132424734807,0.5948132424734807,0.2238543292454117,16761,16761,6308,Tivsano-North,Tivbetu North,Tivbetu State,0.37634388957873965,0.0,facility_nearby_mixed_adequacy
W0341,Umunuta,LGA100,9135,1485,Gridded population estimate 2024,0.3396944482403785,0.271358299280312,0.1851108596392869,3103,2479,1691,Tivsano-North,Tivbetu North,Tivbetu State,0.5449334264900809,0.20116946071402864,facility_nearby_mixed_adequacy
W0359,Bansawa,LGA100,27874,4691,Projected 2026 from 2006 census,0.1384395571162857,0.1384395571162857,0.1252109448845486,3859,3859,3490,Tivsano-North,Tivbetu North,Tivbetu State,0.9044448529936757,0.0,facility_nearby_adequately_staffed
W0242,Birngoko,LGA012,31901,5179,Gridded population estimate 2024,0.4218311322511756,0.4218311322511756,0.1452566309451968,13457,13457,4634,Agbtsiko,Tivbetu North,Tivbetu State,0.34434782034699385,0.0,facility_nearby_mixed_adequacy
W0254,Eketiyi,LGA012,8363,1463,Gridded population estimate 2024,0.4556068084595075,0.4556068084595075,0.0,3810,3810,0,Agbtsiko,Tivbetu North,Tivbetu State,0.0,0.0,facility_nearby_confirmed_inadequate
W0255,Kukbeja,LGA012,20506,3403,Projected 2026 from 2006 census,0.6697462752788506,0.6697462752788506,0.3397602259008335,13734,13734,6967,Agbtsiko,Tivbetu North,Tivbetu State,0.5072969248830439,0.0,facility_nearby_mixed_adequacy
W0263,Zamlama,LGA012,30745,5289,Projected 2026 from 2006 census,0.1805417217729978,0.1805417217729978,0.0,5551,5551,0,Agbtsiko,Tivbetu North,Tivbetu State,0.0,0.0,facility_nearby_confirmed_inadequate
W0294,Yeltiko,LGA012,44690,6712,Gridded population estimate 2024,0.4595688598854173,0.3040575079841647,0.0169597446460296,20538,13588,758,Agbtsiko,Tivbetu North,Tivbetu State,0.03690359840799073,0.3383853117028549,facility_nearby_confirmed_inadequate
W0241,Banluba,LGA021,12363,1821,Projected 2026 from 2006 census,0.7186774260691777,0.7186774260691777,0.0,8885,8885,0,Bauzani,Tivbetu North,Tivbetu State,0.0,0.0,facility_nearby_confirmed_inadequate
W0244,Yobnadu,LGA021,39891,6419,Gridded population estimate 2024,0.3389285056516773,0.3389285056516773,0.1257827615980378,13520,13520,5018,Bauzani,Tivbetu North,Tivbetu State,0.3711188628297524,0.0,facility_nearby_mixed_adequacy
W0272,Bannasa,LGA021,6751,1232,Projected 2026 from 2006 census,0.2226465260862645,0.2226465260862645,0.2172872492692663,1503,1503,1467,Bauzani,Tivbetu North,Tivbetu State,0.975929214296738,0.0,facility_nearby_adequately_staffed
W0287,Banngotu,LGA021,18583,2855,Projected 2026 from 2006 census,0.2640425214174641,0.2640425214174641,0.1949789660579633,4907,4907,3623,Bauzani,Tivbetu North,Tivbetu State,0.7384377524167482,0.0,facility_nearby_mixed_adequacy
W0298,Adetsile,LGA021,26085,4743,Projected 2026 from 2006 census,0.5235021376065877,0.5235021376065877,0.1242179428074578,13656,13656,3240,Bauzani,Tivbetu North,Tivbetu State,0.2372825894758957,0.0,facility_nearby_mixed_adequacy
W0304,Nasbayi,LGA013,12467,2031,Projected 2026 from 2006 census,0.536433230844831,0.536433230844831,0.3477206547073885,6688,6688,4335,Agbzawa-South,Tivbetu North,Tivbetu State,0.6482086394233291,0.0,facility_nearby_mixed_adequacy
W0317,Lokkoko,LGA013,12865,2197,Projected 2026 from 2006 census,0.0727242738352812,0.0727242738352812,0.0555926518887564,936,936,715,Agbzawa-South,Tivbetu North,Tivbetu State,0.764430484581702,0.0,facility_nearby_mixed_adequacy
W0326,Supbena,LGA013,64897,9417,Projected 2026 from 2006 census,0.4624130412347033,0.4624130412347033,0.2429009285096721,30009,30009,15764,Agbzawa-South,Tivbetu North,Tivbetu State,0.5252899612456752,0.0,facility_nearby_mixed_adequacy
W0332,Ibarima,LGA013,5481,873,Gridded population estimate 2024,0.4962950646630469,0.4962950646630469,0.4038957622957506,2720,2720,2214,Agbzawa-South,Tivbetu North,Tivbetu State,0.8138218391713614,0.0,facility_nearby_adequately_staffed
W0340,Ekengomi,LGA013,17469,2663,Projected 2026 from 2006 census,0.1063495477382983,0.1063495477382983,0.0776635197401842,1858,1858,1357,Agbzawa-South,Tivbetu North,Tivbetu State,0.7302665727483506,0.0,facility_nearby_mixed_adequacy
W0348,Kukmatu,LGA045,24631,4308,Projected 2026 from 2006 census,0.4691982861281732,0.3521029105828575,0.3481988279378398,11557,8673,8576,Hansaba,Tivbetu North,Tivbetu State,0.7421144497589247,0.24956479809759624,facility_nearby_mixed_adequacy
W0366,Ngebana,LGA045,9780,1757,Projected 2026 from 2006 census,0.5050961351332153,0.4691921171410985,0.4681430240591958,4940,4589,4578,Hansaba,Tivbetu North,Tivbetu State,0.9268394499509022,0.07108353340032462,facility_nearby_adequately_staffed
W0379,Birnuta,LGA045,22064,3415,Projected 2026 from 2006 census,0.0,0.0,0.0,0,0,0,Hansaba,Tivbetu North,Tivbetu State,,,no_facility_nearby
W0385,Duttiri,LGA045,41492,7184,Projected 2026 from 2006 census,0.4569137209623479,0.4569137209623479,0.1708353001412087,18958,18958,7088,Hansaba,Tivbetu North,Tivbetu State,0.373889625773104,0.0,facility_nearby_mixed_adequacy
W0386,Birngowa,LGA045,14935,2697,Projected 2026 from 2006 census,0.066512153207492,0.066512153207492,0.0280978687199352,993,993,420,Hansaba,Tivbetu North,Tivbetu State,0.4224471373266296,0.0,facility_nearby_mixed_adequacy
W0362,Ekebewa,LGA103,15624,2710,Projected 2026 from 2006 census,0.2490804214194492,0.2382510550285273,0.0562906221685575,3892,3722,879,Uzoberi,Tivbetu North,Tivbetu State,0.22599376477593394,0.043477389066583154,facility_nearby_mixed_adequacy
W0374,Duttsita,LGA103,15589,2528,Projected 2026 from 2006 census,0.3904136329826366,0.1469828331427864,0.1425205307473783,6086,2291,2222,Uzoberi,Tivbetu North,Tivbetu State,0.3650500871564514,0.6235202341171232,facility_nearby_mixed_adequacy
W0376,Yelwana,LGA103,15857,2299,Projected 2026 from 2006 census,0.4013099440898957,0.4013099440898957,0.0329354341571383,6364,6364,522,Uzoberi,Tivbetu North,Tivbetu State,0.08206981820953976,0.0,facility_nearby_confirmed_inadequate
W0401,Supmita,LGA103,15361,2531,Projected 2026 from 2006 census,0.2373981431421373,0.2293025393172113,0.2111760943166852,3647,3522,3244,Uzoberi,Tivbetu North,Tivbetu State,0.8895440019943535,0.034101378038491725,facility_nearby_adequately_staffed
W0407,Yelnuba,LGA103,22891,3582,Projected 2026 from 2006 census,0.5009949226683891,0.5009949226683891,0.3176201924595256,11468,11468,7271,Uzoberi,Tivbetu North,Tivbetu State,0.6339788650308537,0.0,facility_nearby_mixed_adequacy
W0408,Okedesa,LGA103,9769,1615,Projected 2026 from 2006 census,0.2658023307551423,0.1668534134705513,0.1249560522272342,2597,1630,1221,Uzoberi,Tivbetu North,Tivbetu State,0.4701089410022668,0.3722650475015698,facility_nearby_mixed_adequacy
W0260,Banmiru,LGA014,23563,4238,Projected 2026 from 2006 census,0.1598431411048833,0.1598431411048833,0.0335770249005173,3766,3766,791,Bandede-North,Tivbetu North,Tivbetu State,0.21006234404818952,0.0,facility_nearby_mixed_adequacy
W0274,Joskodu,LGA014,18151,2747,Gridded population estimate 2024,0.3151450019113784,0.3151450019113784,0.0183903540679121,5720,5720,334,Bandede-North,Tivbetu North,Tivbetu State,0.05835521412801474,0.0,facility_nearby_confirmed_inadequate
W0289,Tivbata,LGA014,11737,1943,Projected 2026 from 2006 census,0.2663093875585344,0.2663093875585344,0.2346273487447912,3126,3126,2754,Bandede-North,Tivbetu North,Tivbetu State,0.8810329628099214,0.0,facility_nearby_adequately_staffed
W0200,Jostiko,LGA068,5416,870,Projected 2026 from 2006 census,0.4132967538275023,0.4132967538275023,0.2113086075250616,2238,2238,1144,Malbawo-Central,Tivbetu North,Tivbetu State,0.5112757493693151,0.0,facility_nearby_mixed_adequacy
W0218,Ekebemi,LGA068,17471,2847,Gridded population estimate 2024,0.5836513472604504,0.5836513472604504,0.3092663139208248,10197,10197,5403,Malbawo-Central,Tivbetu North,Tivbetu State,0.5298819498532175,0.0,facility_nearby_mixed_adequacy
W0233,Agbderu,LGA068,7974,1468,Projected 2026 from 2006 census,0.2962570127084403,0.2962570127084403,0.0,2362,2362,0,Malbawo-Central,Tivbetu North,Tivbetu State,0.0,0.0,facility_nearby_confirmed_inadequate
W0234,Hanbafa,LGA068,30099,4494,Gridded population estimate 2024,0.5235966474333033,0.5235966474333033,0.2893653881263606,15760,15760,8710,Malbawo-Central,Tivbetu North,Tivbetu State,0.5526494288014334,0.0,facility_nearby_mixed_adequacy
W0195,Sokdushi,LGA089,30349,5243,Gridded population estimate 2024,0.2166907725058518,0.2166907725058518,0.0491491364377014,6576,6576,1492,Soktimi,Tivbetu North,Tivbetu State,0.22681693303933423,0.0,facility_nearby_mixed_adequacy
W0206,Birtima,LGA089,32564,5971,Projected 2026 from 2006 census,0.652030437455288,0.3847489604440184,0.3279935932717877,21233,12529,10681,Soktimi,Tivbetu North,Tivbetu State,0.5030341751404501,0.40992177919546585,facility_nearby_mixed_adequacy
W0227,Kukngowa,LGA089,14415,2543,Gridded population estimate 2024,0.3657389908270507,0.3657389908270507,0.3634351469974227,5272,5272,5239,Soktimi,Tivbetu North,Tivbetu State,0.9937008525549373,0.0,facility_nearby_adequately_staffed
W0235,Olukoko,LGA089,4374,786,Gridded population estimate 2024,0.2595798772766655,0.2595798772766655,0.2291362139091478,1135,1135,1002,Soktimi,Tivbetu North,Tivbetu State,0.882719478540048,0.0,facility_nearby_adequately_staffed
W0120,Ngemima,LGA048,41942,6135,Projected 2026 from 2006 census,0.3096410110435334,0.3096410110435334,0.2013560586982928,12987,12987,8445,Ibajija-South,Tivbetu Central,Tivbetu State,0.6502887263534465,0.0,facility_nearby_mixed_adequacy
W0133,Oluyoko,LGA048,15374,2340,Projected 2026 from 2006 census,0.4342140058252449,0.4342140058252449,0.1782235776232461,6676,6676,2740,Ibajija-South,Tivbetu Central,Tivbetu State,0.41045101086622826,0.0,facility_nearby_mixed_adequacy
W0148,Loksafa,LGA048,8309,1490,Projected 2026 from 2006 census,0.3469941194636503,0.3469941194636503,0.0469330178027279,2883,2883,390,Ibajija-South,Tivbetu Central,Tivbetu State,0.13525594576436162,0.0,facility_nearby_mixed_adequacy
W0159,Dutsaba,LGA048,12352,1824,Projected 2026 from 2006 census,0.2177496613062436,0.2177496613062436,0.2036307720096325,2690,2690,2515,Ibajija-South,Tivbetu Central,Tivbetu State,0.9351599942249542,0.0,facility_nearby_adequately_staffed
W0162,Gwolude,LGA048,56819,9726,Projected 2026 from 2006 census,0.1940848253734214,0.1940848253734214,0.1754798890940904,11028,11028,9971,Ibajija-South,Tivbetu Central,Tivbetu State,0.9041401807506853,0.0,facility_nearby_adequately_staffed
W0172,Yelwari,LGA030,32472,5890,Projected 2026 from 2006 census,0.4383517153445164,0.4383517153445164,0.3873660909946221,14234,14234,12579,Dutwano,Tivbetu Central,Tivbetu State,0.883687863956862,0.0,facility_nearby_adequately_staffed
W0174,Ademano,LGA030,6556,1094,Gridded population estimate 2024,0.0008362548268596,0.0008362548268596,0.0008362548268596,5,5,5,Dutwano,Tivbetu Central,Tivbetu State,1.0,0.0,facility_nearby_adequately_staffed
W0186,Adewadu,LGA030,8052,1257,Gridded population estimate 2024,0.4868874546992552,0.3835151898050756,0.3835151898050757,3920,3088,3088,Dutwano,Tivbetu Central,Tivbetu State,0.7876875571624014,0.21231244283759884,facility_nearby_mixed_adequacy
W0203,Fundeko,LGA030,40619,6982,Projected 2026 from 2006 census,0.3945733875707661,0.3945733875707661,0.3945733875707661,16027,16027,16027,Dutwano,Tivbetu Central,Tivbetu State,1.0,0.0,facility_nearby_adequately_staffed
W0215,Josmita,LGA030,20812,3542,Projected 2026 from 2006 census,0.4299105192951768,0.3335659139968249,0.2511515328503828,8947,6942,5227,Dutwano,Tivbetu Central,Tivbetu State,0.5841949000506824,0.22410385644041816,facility_nearby_mixed_adequacy
W0226,Ngeyomi,LGA030,35645,5691,Projected 2026 from 2006 census,0.0278230017211626,0.0278230017211626,0.0,992,992,0,Dutwano,Tivbetu Central,Tivbetu State,0.0,0.0,facility_nearby_confirmed_inadequate
W0229,Soknari,LGA030,33580,6063,Projected 2026 from 2006 census,0.161804579249505,0.161804579249505,0.161804579249505,5433,5433,5433,Dutwano,Tivbetu Central,Tivbetu State,1.0,0.0,facility_nearby_adequately_staffed
W0238,Ngemafa,LGA030,10716,1857,Projected 2026 from 2006 census,0.1187410964963497,0.1171958931101857,0.0,1272,1256,0,Dutwano,Tivbetu Central,Tivbetu State,0.0,0.013013214731527266,facility_nearby_confirmed_inadequate
W0230,Wurjino,LGA054,21536,3377,Gridded population estimate 2024,0.4160963255443998,0.4160963255443998,0.0282941992047135,8961,8961,609,Irongori,Tivbetu Central,Tivbetu State,0.06799915660801564,0.0,facility_nearby_confirmed_inadequate
W0231,Funmidu,LGA054,53205,8132,Gridded population estimate 2024,0.5073507758446777,0.5073507758446777,0.3578871175118666,26994,26994,19041,Irongori,Tivbetu Central,Tivbetu State,0.7054037059784285,0.0,facility_nearby_mixed_adequacy
W0232,Tivzana,LGA054,15635,2575,Gridded population estimate 2024,0.5291617535457097,0.5291617535457097,0.3393051936193225,8273,8273,5305,Irongori,Tivbetu Central,Tivbetu State,0.6412126185344438,0.0,facility_nearby_mixed_adequacy
W0237,Soksani,LGA054,37864,5643,Projected 2026 from 2006 census,0.6085544873271981,0.6085544873271981,0.17227202180737,23042,23042,6523,Irongori,Tivbetu Central,Tivbetu State,0.2830839725855895,0.0,facility_nearby_mixed_adequacy
W0251,Yelzafa,LGA054,64890,9790,Gridded population estimate 2024,0.5182797104786764,0.5182797104786764,0.2420590659217818,33631,33631,15707,Irongori,Tivbetu Central,Tivbetu State,0.467043299260585,0.0,facility_nearby_mixed_adequacy
W0262,Banshako,LGA054,21735,3996,Projected 2026 from 2006 census,0.5785788998691169,0.5785788998691169,0.0,12575,12575,0,Irongori,Tivbetu Central,Tivbetu State,0.0,0.0,facility_nearby_confirmed_inadequate
W0146,Riyjiwo,LGA080,43412,7310,Projected 2026 from 2006 census,0.4748570535578042,0.4748570535578042,0.192222144427647,20614,20614,8345,Okerano-Central,Tivbetu Central,Tivbetu State,0.40480001926358217,0.0,facility_nearby_mixed_adequacy
W0153,Eketsishi,LGA080,37573,6676,Projected 2026 from 2006 census,0.0,0.0,0.0,0,0,0,Okerano-Central,Tivbetu Central,Tivbetu State,,,no_facility_nearby
W0173,Enuzale,LGA080,24688,3756,Projected 2026 from 2006 census,0.0418892480953471,0.0418892480953471,0.0061635077898053,1034,1034,152,Okerano-Central,Tivbetu Central,Tivbetu State,0.14713818151560276,0.0,facility_nearby_mixed_adequacy
W0182,Ekesana,LGA080,3372,592,Gridded population estimate 2024,0.1970859344394756,0.1970859344394756,0.1970859344394756,665,665,665,Okerano-Central,Tivbetu Central,Tivbetu State,1.0,0.0,facility_nearby_adequately_staffed
W0144,Hanlashi,LGA007,38731,6298,Projected 2026 from 2006 census,0.1559181967915772,0.1559181967915772,0.028633639809472,6039,6039,1109,Agblasa,Tivbetu Central,Tivbetu State,0.183645272961615,0.0,facility_nearby_mixed_adequacy
W0160,Katlatu,LGA007,37198,6854,Gridded population estimate 2024,0.2002399170513818,0.108109405472393,0.0,7449,4021,0,Agblasa,Tivbetu Central,Tivbetu State,0.0,0.46010062796494267,facility_nearby_confirmed_inadequate
W0183,Daikema,LGA007,22175,3692,Projected 2026 from 2006 census,0.3089178094558636,0.3089178094558636,0.112615304184995,6850,6850,2497,Agblasa,Tivbetu Central,Tivbetu State,0.36454778823972217,0.0,facility_nearby_mixed_adequacy
W0192,Duttsija,LGA007,26154,4454,Gridded population estimate 2024,0.380659663825327,0.380659663825327,0.2154439434322863,9956,9956,5635,Agblasa,Tivbetu Central,Tivbetu State,0.5659752369537816,0.0,facility_nearby_mixed_adequacy
W0168,Shatsiru,LGA053,30322,5296,Projected 2026 from 2006 census,0.5055648100977775,0.5055648100977775,0.291277098244464,15330,15330,8832,Ironama,Tivbetu Central,Tivbetu State,0.5761419553471894,0.0,facility_nearby_mixed_adequacy
W0190,Katduna,LGA053,19158,3251,Projected 2026 from 2006 census,0.1725632796899149,0.1725632796899149,0.1725632796899149,3306,3306,3306,Ironama,Tivbetu Central,Tivbetu State,1.0,0.0,facility_nearby_adequately_staffed
W0199,Ekekena,LGA053,58641,9530,Projected 2026 from 2006 census,0.7474127501292818,0.549371015682168,0.2372878567912208,43829,32216,13915,Ironama,Tivbetu Central,Tivbetu State,0.31747900574371596,0.2649697030360508,facility_nearby_mixed_adequacy
W0204,Josnata,LGA053,17791,2921,Projected 2026 from 2006 census,0.2575622846276484,0.2575622846276484,0.1756265478090392,4582,4582,3125,Ironama,Tivbetu Central,Tivbetu State,0.6818799113501353,0.0,facility_nearby_mixed_adequacy
W0210,Riyshawa,LGA053,19364,2855,Projected 2026 from 2006 census,0.5490458007270552,0.5490458007270552,0.1898949590484479,10632,10632,3677,Ironama,Tivbetu Central,Tivbetu State,0.34586360335874705,0.0,facility_nearby_mixed_adequacy
W0220,Shabani,LGA053,17795,2597,Projected 2026 from 2006 census,0.5852864802933069,0.5852864802933069,0.2587568867281757,10415,10415,4605,Ironama,Tivbetu Central,Tivbetu State,0.4421029622937879,0.0,facility_nearby_mixed_adequacy
W0211,Daideno,LGA096,15540,2504,Projected 2026 from 2006 census,0.4571237847840256,0.4571237847840256,0.2078291988303737,7104,7104,3230,Tivbani,Tivbetu Central,Tivbetu State,0.4546453406019235,0.0,facility_nearby_mixed_adequacy
W0217,Enurawo,LGA096,28796,4281,Projected 2026 from 2006 census,0.1980255649539491,0.1980255649539491,0.0,5702,5702,0,Tivbani,Tivbetu Central,Tivbetu State,0.0,0.0,facility_nearby_confirmed_inadequate
W0219,Iroshaba,LGA096,10791,1931,Projected 2026 from 2006 census,0.052631963533786,0.052631963533786,0.0,568,568,0,Tivbani,Tivbetu Central,Tivbetu State,0.0,0.0,facility_nearby_confirmed_inadequate
W0091,Yobzade,LGA024,37811,6364,Gridded population estimate 2024,0.2400014175674458,0.2400014175674458,0.2400014175674458,9075,9075,9075,Daidefa,Tivbetu Central,Tivbetu State,1.0,0.0,facility_nearby_adequately_staffed
W0106,Supsani,LGA024,33198,5916,Projected 2026 from 2006 census,0.7474383794996691,0.7073657907233006,0.283627600556827,24813,23483,9416,Daidefa,Tivbetu Central,Tivbetu State,0.37946619860045944,0.05361323404772551,facility_nearby_mixed_adequacy
W0118,Hanradu,LGA024,31076,5386,Projected 2026 from 2006 census,0.4872295447983391,0.4872295447983391,0.2783028341888853,15141,15141,8649,Daidefa,Tivbetu Central,Tivbetu State,0.5711944958183374,0.0,facility_nearby_mixed_adequacy
W0132,Ibangoja,LGA024,5079,776,Gridded population estimate 2024,0.0,0.0,0.0,0,0,0,Daidefa,Tivbetu Central,Tivbetu State,,,no_facility_nearby
W0145,Gwokemi,LGA024,30630,5641,Gridded population estimate 2024,0.2619386328541552,0.2619386328541551,0.0,8023,8023,0,Daidefa,Tivbetu Central,Tivbetu State,0.0,4.238485222770929e-16,facility_nearby_confirmed_inadequate
W0321,Katriwa,LGA057,25144,4134,Projected 2026 from 2006 census,0.4924379855718105,0.4924379855718105,0.4202165675646803,12382,12382,10566,Joskeru,Tivbetu South,Tivbetu State,0.8533390596924241,0.0,facility_nearby_adequately_staffed
W0322,Hanluri,LGA057,46058,7796,Projected 2026 from 2006 census,0.4648220607895822,0.3679779443104117,0.0705571290194646,21409,16948,3250,Joskeru,Tivbetu South,Tivbetu State,0.15179384752008304,0.2083466441215456,facility_nearby_mixed_adequacy
W0336,Birmishi,LGA057,27622,4470,Gridded population estimate 2024,0.2748933453548792,0.2748933453548792,0.2748933453548792,7593,7593,7593,Joskeru,Tivbetu South,Tivbetu State,1.0,0.0,facility_nearby_adequately_staffed
W0344,Wurzafa,LGA057,28466,4595,Projected 2026 from 2006 census,0.3470457883367713,0.3470457883367713,0.0937478071986214,9879,9879,2669,Joskeru,Tivbetu South,Tivbetu State,0.2701309462590252,0.0,facility_nearby_mixed_adequacy
W0337,Okeluwo,LGA093,60422,9242,Gridded population estimate 2024,0.4002063852520399,0.4001563397863248,0.0,24181,24178,0,Tamlufa-East,Tivbetu South,Tivbetu State,0.0,0.00012504914354017317,facility_nearby_confirmed_inadequate
W0346,Yobnuma,LGA093,5421,799,Gridded population estimate 2024,0.193879954889613,0.1047925227408808,0.071616624406302,1051,568,388,Tamlufa-East,Tivbetu South,Tivbetu State,0.36938643010865907,0.45949790012822517,facility_nearby_mixed_adequacy
W0365,Ibayoja,LGA093,22597,3754,Projected 2026 from 2006 census,0.763745228710484,0.622859940417815,0.2267196727684597,17258,14075,5123,Tamlufa-East,Tivbetu South,Tivbetu State,0.29685248986924045,0.18446634164974268,facility_nearby_mixed_adequacy
W0388,Hanraru,LGA093,36907,5874,Gridded population estimate 2024,0.4943304743589318,0.4943304743589318,0.2915727197633342,18244,18244,10761,Tamlufa-East,Tivbetu South,Tivbetu State,0.5898335928843104,0.0,facility_nearby_mixed_adequacy
W0399,Katduba,LGA093,17739,2807,Projected 2026 from 2006 census,0.367454839766848,0.367454839766848,0.2729459631839737,6518,6518,4842,Tamlufa-East,Tivbetu South,Tivbetu State,0.7428013830411359,0.0,facility_nearby_mixed_adequacy
W0268,Ekemiwa,LGA049,19759,3300,Gridded population estimate 2024,0.3488914189068956,0.3488914189068956,0.2857350499342742,6894,6894,5646,Ibamide,Tivbetu South,Tivbetu State,0.8189798729630687,0.0,facility_nearby_adequately_staffed
W0291,Katnule,LGA049,18324,2845,Projected 2026 from 2006 census,0.3864808921840701,0.2855483657990003,0.0319307423911649,7082,5232,585,Ibamide,Tivbetu South,Tivbetu State,0.08261920068213145,0.26115786944778235,facility_nearby_confirmed_inadequate
W0292,Funrashi,LGA049,34336,5582,Projected 2026 from 2006 census,0.1940197605222348,0.0788490183485298,0.0788490183485298,6662,2707,2707,Ibamide,Tivbetu South,Tivbetu State,0.40639684399308207,0.5936031560069179,facility_nearby_mixed_adequacy
W0300,Tivtimi,LGA049,28943,4887,Projected 2026 from 2006 census,0.3483600432807538,0.2444438696876937,0.2411198444249523,10083,7075,6979,Ibamide,Tivbetu South,Tivbetu State,0.6921570055915586,0.2983010698196261,facility_nearby_mixed_adequacy
W0312,Banrani,LGA049,9841,1715,Gridded population estimate 2024,0.4680892788159487,0.4649778699927684,0.135394826292391,4606,4576,1332,Ibamide,Tivbetu South,Tivbetu State,0.2892500051162843,0.006647041417079071,facility_nearby_mixed_adequacy
W0349,Tivshana,LGA042,9478,1571,Projected 2026 from 2006 census,0.6483655223635969,0.6483655223635969,0.378851559173736,6145,6145,3591,Hanjiko,Tivbetu South,Tivbetu State,0.5843178671695004,0.0,facility_nearby_mixed_adequacy
W0357,Tivdeli,LGA042,5469,800,Gridded population estimate 2024,0.8026712442989498,0.5887949380499521,0.4711561046494182,4390,3220,2577,Hanjiko,Tivbetu South,Tivbetu State,0.586985154876109,0.26645567256591646,facility_nearby_mixed_adequacy
W0361,Sokyowa,LGA042,23511,3518,Projected 2026 from 2006 census,0.5143354422474182,0.4665670930272448,0.253722179583966,12093,10969,5965,Hanjiko,Tivbetu South,Tivbetu State,0.4933009836446665,0.09287392097936491,facility_nearby_mixed_adequacy
W0364,Katbeno,LGA042,9987,1613,Projected 2026 from 2006 census,0.4090414906042345,0.3709733505988188,0.0946924774399631,4085,3705,946,Hanjiko,Tivbetu South,Tivbetu State,0.2314984655959564,0.09306669587278686,facility_nearby_mixed_adequacy
W0375,Zamwari,LGA042,24345,4005,Projected 2026 from 2006 census,0.4272552863008582,0.4272552863008582,0.2930427966317153,10402,10402,7134,Hanjiko,Tivbetu South,Tivbetu State,0.6858728400269922,0.0,facility_nearby_mixed_adequacy
W0384,Daimako,LGA042,8679,1375,Projected 2026 from 2006 census,0.3290639342261995,0.0618619176635931,0.0,2856,537,0,Hanjiko,Tivbetu South,Tivbetu State,0.0,0.8120063877280789,facility_nearby_assessment_gap
W0387,Baunata,LGA042,25729,4186,Projected 2026 from 2006 census,0.2569086167961333,0.2552987473629293,0.0190826307236605,6610,6569,491,Hanjiko,Tivbetu South,Tivbetu State,0.07427789290074022,0.006266311551867902,facility_nearby_confirmed_inadequate
W0269,Shayona,LGA084,39946,6008,Projected 2026 from 2006 census,0.3087147169600528,0.3087147169600528,0.1752542794760807,12332,12332,7001,Olujiwa,Tivbetu South,Tivbetu State,0.567690070631645,0.0,facility_nearby_mixed_adequacy
W0270,Ngeduru,LGA084,40580,6791,Projected 2026 from 2006 census,0.4809215381063835,0.4809215381063835,0.2891147484347272,19516,19516,11732,Olujiwa,Tivbetu South,Tivbetu State,0.6011682270939855,0.0,facility_nearby_mixed_adequacy
W0284,Okemishi,LGA084,27389,4357,Projected 2026 from 2006 census,0.317358437781617,0.317358437781617,0.2010892019076441,8692,8692,5508,Olujiwa,Tivbetu South,Tivbetu State,0.6336343325650572,0.0,facility_nearby_mixed_adequacy
W0285,Kukrali,LGA084,28554,4691,Projected 2026 from 2006 census,0.3627171238475871,0.3419473747850586,0.3419473747850586,10357,9764,9764,Olujiwa,Tivbetu South,Tivbetu State,0.9427384380362039,0.05726156196379603,facility_nearby_adequately_staffed
W0301,Agbsama,LGA084,24268,3606,Gridded population estimate 2024,0.367260474970817,0.367260474970817,0.1891169930446903,8913,8913,4589,Olujiwa,Tivbetu South,Tivbetu State,0.5149396843200124,0.0,facility_nearby_mixed_adequacy
W0305,Yobbana,LGA084,7990,1262,Projected 2026 from 2006 census,0.4095489141723326,0.4053896678289392,0.0657439489884963,3272,3239,525,Olujiwa,Tivbetu South,Tivbetu State,0.16052770917818168,0.01015567664682715,facility_nearby_mixed_adequacy
W0228,Yeldule,LGA072,30843,4790,Projected 2026 from 2006 census,0.7161461851939609,0.7161461851939609,0.595247250829675,22088,22088,18359,Nasdudu-North,Tivbetu South,Tivbetu State,0.8311812073235555,0.0,facility_nearby_adequately_staffed
W0250,Soknudu,LGA072,10680,1795,Projected 2026 from 2006 census,0.3107155531995441,0.3107155531995441,0.0129424411907027,3318,3318,138,Nasdudu-North,Tivbetu South,Tivbetu State,0.041653663800958675,0.0,facility_nearby_confirmed_inadequate
W0252,Shawaba,LGA072,16640,3059,Gridded population estimate 2024,0.146518942146475,0.0933407408942457,0.0678545989225238,2438,1553,1129,Nasdudu-North,Tivbetu South,Tivbetu State,0.4631114443529734,0.3629442068935159,facility_nearby_mixed_adequacy
W0276,Ngewama,LGA072,8984,1304,Projected 2026 from 2006 census,0.0476407880755363,0.0277451925362061,0.0,428,249,0,Nasdudu-North,Tivbetu South,Tivbetu State,0.0,0.417616843528805,facility_nearby_confirmed_inadequate
W0277,Okenatu,LGA072,6289,924,Gridded population estimate 2024,0.4833982321569807,0.4833982321569806,0.4833982321569808,3040,3040,3040,Nasdudu-North,Tivbetu South,Tivbetu State,1.0000000000000002,2.296704767974034e-16,facility_nearby_adequately_staffed
W0290,Dutrama,LGA002,16813,3036,Projected 2026 from 2006 census,0.5838796192147283,0.5838796192147283,0.272523215693095,9817,9817,4582,Adekowo,Tivbetu South,Tivbetu State,0.46674555289259295,0.0,facility_nearby_mixed_adequacy
W0350,Ekenushi,LGA002,24459,3750,Gridded population estimate 2024,0.42788838330379,0.42788838330379,0.1970656355257549,10466,10466,4820,Adekowo,Tivbetu South,Tivbetu State,0.46055383416624157,0.0,facility_nearby_mixed_adequacy
W0372,Sokshano,LGA002,18801,2800,Projected 2026 from 2006 census,0.6600007269961647,0.6600007269961647,0.4216131825247526,12409,12409,7927,Adekowo,Tivbetu South,Tivbetu State,0.6388071486581902,0.0,facility_nearby_mixed_adequacy
W0373,Ngeluli,LGA002,16604,2928,Gridded population estimate 2024,0.631127890081882,0.631127890081882,0.6307590403012581,10479,10479,10473,Adekowo,Tivbetu South,Tivbetu State,0.9994155704629436,0.0,facility_nearby_adequately_staffed
W0397,Ibangoba,LGA099,17016,3113,Projected 2026 from 2006 census,0.1057112334854052,0.1057112334854052,0.0,1799,1799,0,Tivrafa-West,Uzojina North,Uzojina State,0.0,0.0,facility_nearby_confirmed_inadequate
W0416,Agbkoli,LGA099,63483,11133,Gridded population estimate 2024,0.2807477544307981,0.2807477544307981,0.0672195305206885,17823,17823,4267,Tivrafa-West,Uzojina North,Uzojina State,0.2394303407946137,0.0,facility_nearby_mixed_adequacy
W0427,Katdeno,LGA099,64470,9430,Projected 2026 from 2006 census,0.5716751361053002,0.4908748899122011,0.2682063604897276,36856,31647,17291,Tivrafa-West,Uzojina North,Uzojina State,0.4691586944238294,0.14133944453763342,facility_nearby_mixed_adequacy
W0438,Maldule,LGA099,89130,13587,Gridded population estimate 2024,0.8901099761277862,0.8901099761277862,0.7451319243775845,79336,79336,66414,Tivrafa-West,Uzojina North,Uzojina State,0.8371234390823316,0.0,facility_nearby_adequately_staffed
W0457,Zambema,LGA099,144693,26236,Projected 2026 from 2006 census,0.3474038196609821,0.1816614128111492,0.1816614128111492,50267,26285,26285,Tivrafa-West,Uzojina North,Uzojina State,0.5229113859151736,0.4770886140848264,facility_nearby_mixed_adequacy
W0363,Ibalana,LGA028,67969,11837,Projected 2026 from 2006 census,0.3417992775941304,0.3417992775941304,0.2798995685949049,23232,23232,19024,Dutjiri,Uzojina North,Uzojina State,0.818900410103475,0.0,facility_nearby_adequately_staffed
W0369,Tivyoyi,LGA028,12654,2072,Gridded population estimate 2024,0.3190973301947126,0.3190973301947126,0.3190280726901574,4038,4038,4037,Dutjiri,Uzojina North,Uzojina State,0.9997829580569887,0.0,facility_nearby_adequately_staffed
W0378,Katbaru,LGA028,66556,9690,Gridded population estimate 2024,0.6273608956475967,0.62187803883613,0.62187803883613,41755,41390,41390,Dutjiri,Uzojina North,Uzojina State,0.9912604421960235,0.00873955780397652,facility_nearby_adequately_staffed
W0396,Katmana,LGA028,108552,18540,Projected 2026 from 2006 census,0.4165585471863537,0.4165585471863537,0.3183949218265942,45218,45218,34562,Dutjiri,Uzojina North,Uzojina State,0.7643461500842892,0.0,facility_nearby_mixed_adequacy
W0308,Uzodumi,LGA006,56649,8954,Gridded population estimate 2024,0.5810289870606836,0.4819158942200124,0.471195205742172,32915,27300,26693,Agbkotu-South,Uzojina North,Uzojina State,0.8109667783114572,0.17058201061889477,facility_nearby_adequately_staffed
W0311,Uzotsiru,LGA006,17315,3078,Gridded population estimate 2024,0.5983720276565161,0.4048713157532664,0.2494863560377647,10361,7010,4320,Agbkotu-South,Uzojina North,Uzojina State,0.4169418764691613,0.3233786055492638,facility_nearby_mixed_adequacy
W0320,Enumitu,LGA006,62751,9137,Projected 2026 from 2006 census,0.7031045835663198,0.7031045835663198,0.5348339360426658,44121,44121,33561,Agbkotu-South,Uzojina North,Uzojina State,0.760674796528642,0.0,facility_nearby_mixed_adequacy
W0331,Daitsitu,LGA006,66951,9983,Projected 2026 from 2006 census,0.5766038124554574,0.5486882771706465,0.1565362287015211,38604,36735,10480,Agbkotu-South,Uzojina North,Uzojina State,0.2714796977059764,0.048413719579711266,facility_nearby_mixed_adequacy
W0381,Bausako,LGA076,165631,28205,Projected 2026 from 2006 census,0.5105425839431248,0.2424174793278086,0.1454120049236616,84562,40152,24085,Nasyotu,Uzojina North,Uzojina State,0.2848185626370017,0.5251767688886569,facility_nearby_mixed_adequacy
W0404,Kuknadu,LGA076,28978,5337,Projected 2026 from 2006 census,0.5656098754796269,0.4175771785448764,0.2701803952223641,16390,12101,7829,Nasyotu,Uzojina North,Uzojina State,0.47767976998855616,0.2617222636171645,facility_nearby_mixed_adequacy
W0415,Birbele,LGA076,54096,9626,Projected 2026 from 2006 census,0.4065687029648209,0.3619344589753686,0.135659084269739,21994,19579,7339,Nasyotu,Uzojina North,Uzojina State,0.33366829094436506,0.1097827837311776,facility_nearby_mixed_adequacy
W0418,Banwama,LGA076,63469,11492,Gridded population estimate 2024,0.4164791133846801,0.3742253206691893,0.1612963916213717,26434,23752,10237,Nasyotu,Uzojina North,Uzojina State,0.38728566796671654,0.10145477013744783,facility_nearby_mixed_adequacy
W0330,Daiyona,LGA094,100817,17826,Gridded population estimate 2024,0.7143603355334617,0.7143603355334617,0.4663361731264543,72020,72020,47015,Tamluni,Uzojina North,Uzojina State,0.6528024442709424,0.0,facility_nearby_mixed_adequacy
W0333,Riylale,LGA094,45323,7809,Gridded population estimate 2024,0.7319312750991201,0.4829931836707024,0.2088474610859011,33173,21891,9466,Tamluni,Uzojina North,Uzojina State,0.2853375285235877,0.3401112917257237,facility_nearby_mixed_adequacy
W0351,Duttsisa,LGA094,20255,3577,Projected 2026 from 2006 census,0.2790661071257252,0.2790661071257252,0.0760850133900348,5652,5652,1541,Tamluni,Uzojina North,Uzojina State,0.27264154065028356,0.0,facility_nearby_mixed_adequacy
W0352,Kukjino,LGA094,238099,41681,Gridded population estimate 2024,0.209971468610529,0.107989889614189,0.1078424962300429,49994,25712,25677,Tamluni,Uzojina North,Uzojina State,0.5136054767044438,0.48569255466562067,facility_nearby_mixed_adequacy
W0355,Uzosawo,LGA094,81645,13881,Gridded population estimate 2024,0.7317144051624667,0.7317144051624667,0.6082027584089574,59741,59741,49657,Tamluni,Uzojina North,Uzojina State,0.8312023845887178,0.0,facility_nearby_adequately_staffed
W0370,Agbnana,LGA094,68830,11728,Projected 2026 from 2006 census,0.2468834958216108,0.2468834958216108,0.1666107516029379,16993,16993,11468,Tamluni,Uzojina North,Uzojina State,0.6748557697162749,0.0,facility_nearby_mixed_adequacy
W0382,Bantsiko,LGA094,171413,27404,Gridded population estimate 2024,0.2809693519509041,0.2809693519509041,0.2809693519509041,48162,48162,48162,Tamluni,Uzojina North,Uzojina State,1.0,0.0,facility_nearby_adequately_staffed
W0307,Banlama,LGA075,66320,12156,Projected 2026 from 2006 census,0.5503405673485376,0.5503405673485376,0.5017063191544817,36499,36499,33273,Nassako-Central,Uzojina North,Uzojina State,0.9116288148112199,0.0,facility_nearby_adequately_staffed
W0313,Riymano,LGA075,134531,24673,Projected 2026 from 2006 census,0.5863004981101521,0.5625425101190942,0.4518297861463735,78876,75679,60785,Nassako-Central,Uzojina North,Uzojina State,0.7706454072660285,0.04052186219803333,facility_nearby_mixed_adequacy
W0339,Uzorimi,LGA075,47819,7749,Projected 2026 from 2006 census,0.4984699561382311,0.0943095425124243,0.0471329662289222,23836,4510,2254,Nassako-Central,Uzojina North,Uzojina State,0.09455527990908989,0.8108019523522272,facility_nearby_assessment_gap
W0342,Ngemiyi,LGA075,173629,27558,Gridded population estimate 2024,0.5200020578658429,0.4607007756089205,0.1612050514123247,90287,79991,27990,Nassako-Central,Uzojina North,Uzojina State,0.3100084874162451,0.11404047610946517,facility_nearby_mixed_adequacy
W0356,Daitisa,LGA075,57444,8377,Projected 2026 from 2006 census,0.3375744249223962,0.3236955489931093,0.1574015967797298,19392,18594,9042,Nassako-Central,Uzojina North,Uzojina State,0.4662722800043703,0.04111352906096914,facility_nearby_mixed_adequacy
W0358,Ekesasa,LGA075,50681,9065,Projected 2026 from 2006 census,0.2338673710711464,0.2223241048358025,0.1709793846409736,11853,11268,8665,Nassako-Central,Uzojina North,Uzojina State,0.7310955087828767,0.04935817332051956,facility_nearby_mixed_adequacy
W0398,Gwobako,LGA075,114383,20259,Projected 2026 from 2006 census,0.4174024424575145,0.4174024424575145,0.0604581623770564,47744,47744,6915,Nassako-Central,Uzojina North,Uzojina State,0.1448438155299251,0.0,facility_nearby_mixed_adequacy
W0520,Yelbeba,LGA095,21297,3456,Projected 2026 from 2006 census,0.5729579499813126,0.4748192779333506,0.4738920375122694,12202,10112,10092,Tamwata-South,Uzojina Central,Uzojina State,0.8270974118218025,0.17128424878503357,facility_nearby_adequately_staffed
W0523,Riynaja,LGA095,2417,430,Projected 2026 from 2006 census,0.2267441930463913,0.0758196216362367,0.0526125412361728,548,183,127,Tamwata-South,Uzojina Central,Uzojina State,0.23203479008350353,0.665616037978427,facility_nearby_mixed_adequacy
W0537,Ngesana,LGA095,9976,1799,Projected 2026 from 2006 census,0.4340608126790879,0.4340608126790879,0.3123122853911466,4330,4330,3116,Tamwata-South,Uzojina Central,Uzojina State,0.7195127416905218,0.0,facility_nearby_mixed_adequacy
W0571,Uzoyodu,LGA095,41393,6855,Projected 2026 from 2006 census,0.7258065463498842,0.7082912134631962,0.2623340815374028,30043,29318,10859,Tamwata-South,Uzojina Central,Uzojina State,0.3614380207187348,0.024132233271762824,facility_nearby_mixed_adequacy
W0464,Tamnuta,LGA033,36744,5704,Gridded population estimate 2024,0.0839610607447789,0.0123283224580284,0.0,3085,453,0,Ekedewo,Uzojina Central,Uzojina State,0.0,0.8531661897947731,facility_nearby_assessment_gap
W0465,Gwokoma,LGA033,9433,1447,Projected 2026 from 2006 census,0.3163398638131315,0.3163398638131315,0.0289260334425053,2984,2984,273,Ekedewo,Uzojina Central,Uzojina State,0.09143973539671404,0.0,facility_nearby_confirmed_inadequate
W0468,Supmija,LGA033,26377,3832,Projected 2026 from 2006 census,0.112603886142482,0.112603886142482,0.11251411490217,2970,2970,2968,Ekedewo,Uzojina Central,Uzojina State,0.9992027696078055,0.0,facility_nearby_adequately_staffed
W0482,Banmide,LGA033,23841,3968,Gridded population estimate 2024,0.231125277574023,0.231125277574023,0.0192329242475864,5510,5510,459,Ekedewo,Uzojina Central,Uzojina State,0.08321428296144125,0.0,facility_nearby_confirmed_inadequate
W0492,Adetsiko,LGA033,7474,1352,Gridded population estimate 2024,0.1740125554851579,0.1740125554851579,0.0,1301,1301,0,Ekedewo,Uzojina Central,Uzojina State,0.0,0.0,facility_nearby_confirmed_inadequate
W0417,Daizana,LGA026,18366,2762,Gridded population estimate 2024,0.4602113136769287,0.4602113136769287,0.0765060039278343,8452,8452,1405,Daishali-Central,Uzojina Central,Uzojina State,0.16624103244350488,0.0,facility_nearby_mixed_adequacy
W0431,Adekede,LGA026,7815,1274,Projected 2026 from 2006 census,0.2529586780451062,0.2529586780451062,0.0874475991131229,1977,1977,683,Daishali-Central,Uzojina Central,Uzojina State,0.3456991465520299,0.0,facility_nearby_mixed_adequacy
W0439,Daideli,LGA026,18937,2996,Projected 2026 from 2006 census,0.3959949175456671,0.3959949175456671,0.1219344749501576,7499,7499,2309,Daishali-Central,Uzojina Central,Uzojina State,0.3079192927674275,0.0,facility_nearby_mixed_adequacy
W0443,Supngotu,LGA026,34129,5714,Projected 2026 from 2006 census,0.4567914896362871,0.4360235254437063,0.0815210535454782,15590,14881,2782,Daishali-Central,Uzojina Central,Uzojina State,0.17846447535699064,0.04546486671438848,facility_nearby_mixed_adequacy
W0452,Adewano,LGA026,7444,1244,Projected 2026 from 2006 census,0.4762448564166152,0.4762448564166152,0.1689811924412113,3545,3545,1258,Daishali-Central,Uzojina Central,Uzojina State,0.354819984225484,0.0,facility_nearby_mixed_adequacy
W0453,Adetsidu,LGA026,12736,1950,Projected 2026 from 2006 census,0.3925580151449331,0.3855706731564255,0.3067526385953444,5000,4911,3907,Daishali-Central,Uzojina Central,Uzojina State,0.7814198838408402,0.01779951426014789,facility_nearby_mixed_adequacy
W0470,Funyofa,LGA111,9560,1494,Projected 2026 from 2006 census,0.3278197895584088,0.3278197895584088,0.1283070616293574,3134,3134,1227,Yeltsina,Uzojina Central,Uzojina State,0.3913951070562093,0.0,facility_nearby_mixed_adequacy
W0476,Yobngole,LGA111,35002,5613,Projected 2026 from 2006 census,0.0758485894894892,0.0758485894894892,0.073521481363642,2655,2655,2573,Yeltsina,Uzojina Central,Uzojina State,0.9693190322785149,0.0,facility_nearby_adequately_staffed
W0484,Tivlano,LGA111,45422,7802,Gridded population estimate 2024,0.3027803956420964,0.129682701175899,0.1264821843637765,13753,5890,5745,Yeltsina,Uzojina Central,Uzojina State,0.4177357126954997,0.5716938644561674,facility_nearby_mixed_adequacy
W0489,Ngemili,LGA111,6567,1121,Projected 2026 from 2006 census,0.3557356461012659,0.3557356461012659,0.2121993155913484,2336,2336,1394,Yeltsina,Uzojina Central,Uzojina State,0.596508440795788,0.0,facility_nearby_mixed_adequacy
W0490,Zamdena,LGA111,23066,4084,Gridded population estimate 2024,0.3976707423561899,0.3976707423561899,0.0317219049524684,9173,9173,732,Yeltsina,Uzojina Central,Uzojina State,0.07976927033786003,0.0,facility_nearby_confirmed_inadequate
W0502,Hantima,LGA111,41236,6427,Projected 2026 from 2006 census,0.7532157447733104,0.7532157447733104,0.398441442558131,31060,31060,16430,Yeltsina,Uzojina Central,Uzojina State,0.5289871399037827,0.0,facility_nearby_mixed_adequacy
W0503,Yobbafa,LGA111,29444,4594,Gridded population estimate 2024,0.2415292658685455,0.2415292658685455,0.0,7112,7112,0,Yeltsina,Uzojina Central,Uzojina State,0.0,0.0,facility_nearby_confirmed_inadequate
W0506,Dairili,LGA029,55806,9194,Projected 2026 from 2006 census,0.567664431012335,0.567664431012335,0.2966608442724846,31679,31679,16555,Dutkeni,Uzojina Central,Uzojina State,0.5225989652785527,0.0,facility_nearby_mixed_adequacy
W0511,Supriyi,LGA029,15593,2678,Projected 2026 from 2006 census,0.6495775170727476,0.6495775170727476,0.1086590863847924,10129,10129,1694,Dutkeni,Uzojina Central,Uzojina State,0.1672765505715978,0.0,facility_nearby_mixed_adequacy
W0521,Funwashi,LGA029,15168,2577,Gridded population estimate 2024,0.3169693109866266,0.3169693109866266,0.0,4808,4808,0,Dutkeni,Uzojina Central,Uzojina State,0.0,0.0,facility_nearby_confirmed_inadequate
W0522,Dutluko,LGA029,8488,1399,Gridded population estimate 2024,0.110450815176225,0.110450815176225,0.0,938,938,0,Dutkeni,Uzojina Central,Uzojina State,0.0,0.0,facility_nearby_confirmed_inadequate
W0554,Agbzali,LGA029,61670,10296,Projected 2026 from 2006 census,0.324033305676732,0.324033305676732,0.179556573675493,19983,19983,11073,Dutkeni,Uzojina Central,Uzojina State,0.5541299938304043,0.0,facility_nearby_mixed_adequacy
W0454,Gwoyowo,LGA003,56223,8971,Gridded population estimate 2024,0.6341364829880892,0.6341364829880892,0.069704133005864,35653,35653,3919,Adelaja-North,Uzojina Central,Uzojina State,0.10991976471281693,0.0,facility_nearby_mixed_adequacy
W0474,Tambawa,LGA003,17532,2839,Gridded population estimate 2024,0.2540830779204503,0.2540830779204503,0.2354063402694074,4455,4455,4127,Adelaja-North,Uzojina Central,Uzojina State,0.9264935791714145,0.0,facility_nearby_adequately_staffed
W0481,Uzolaba,LGA003,4200,653,Projected 2026 from 2006 census,0.4510174208093127,0.4510174208093127,0.4510174208093127,1894,1894,1894,Adelaja-North,Uzojina Central,Uzojina State,1.0,0.0,facility_nearby_adequately_staffed
W0499,Loktsifa,LGA003,25735,4035,Projected 2026 from 2006 census,0.5565566420552904,0.5565566420552904,0.1974679589899755,14323,14323,5082,Adelaja-North,Uzojina Central,Uzojina State,0.35480298691747225,0.0,facility_nearby_mixed_adequacy
W0410,Wurtimi,LGA106,12659,1986,Gridded population estimate 2024,0.4966267893370453,0.4966267893370453,0.3704816855743016,6287,6287,4690,Wurkota,Uzojina Central,Uzojina State,0.7459961756571032,0.0,facility_nearby_mixed_adequacy
W0424,Olunumi,LGA106,12678,2217,Projected 2026 from 2006 census,0.1763715088733041,0.0894264634230023,0.0,2236,1134,0,Wurkota,Uzojina Central,Uzojina State,0.0,0.4929653661508248,facility_nearby_confirmed_inadequate
W0432,Adebale,LGA106,10125,1694,Projected 2026 from 2006 census,0.2169900501445619,0.2034588989031723,0.0,2197,2060,0,Wurkota,Uzojina Central,Uzojina State,0.0,0.06235839492352274,facility_nearby_confirmed_inadequate
W0436,Shaduni,LGA106,19802,3020,Gridded population estimate 2024,0.136859658702594,0.136859658702594,0.0,2710,2710,0,Wurkota,Uzojina Central,Uzojina State,0.0,0.0,facility_nearby_confirmed_inadequate
W0449,Sharimi,LGA106,23410,4323,Gridded population estimate 2024,0.353892392002654,0.353892392002654,0.1839243802650177,8285,8285,4306,Wurkota,Uzojina Central,Uzojina State,0.5197183788670946,0.0,facility_nearby_mixed_adequacy
W0451,Ekebawa,LGA106,8701,1569,Projected 2026 from 2006 census,0.1915176223537207,0.1915176223537207,0.0,1666,1666,0,Wurkota,Uzojina Central,Uzojina State,0.0,0.0,facility_nearby_confirmed_inadequate
W0391,Kadbana,LGA098,25752,4288,Projected 2026 from 2006 census,0.2753873740175873,0.2753873740175873,0.2753873740175873,7092,7092,7092,Tivngoba,Uzojina South,Uzojina State,1.0,0.0,facility_nearby_adequately_staffed
W0409,Zamzani,LGA098,11084,1939,Gridded population estimate 2024,0.2772654597655292,0.2772654597655293,0.0,3073,3073,0,Tivngoba,Uzojina South,Uzojina State,0.0,-4.0041879921286327e-16,facility_nearby_confirmed_inadequate
W0411,Umuduno,LGA098,30087,4458,Gridded population estimate 2024,0.0002866177554747,0.0002866177554747,0.0002866177554747,9,9,9,Tivngoba,Uzojina South,Uzojina State,1.0,0.0,facility_nearby_adequately_staffed
W0414,Lokkode,LGA098,67858,10432,Gridded population estimate 2024,0.5222018449941845,0.315960876440427,0.0566788274323353,35436,21440,3846,Tivngoba,Uzojina South,Uzojina State,0.1085381600537365,0.3949449250912822,facility_nearby_mixed_adequacy
W0420,Bantsitu,LGA098,39333,7085,Gridded population estimate 2024,0.3383781964241454,0.3383781964241454,0.3223961647292207,13309,13309,12681,Tivngoba,Uzojina South,Uzojina State,0.9527687307757509,0.0,facility_nearby_adequately_staffed
W0430,Daikowa,LGA098,33801,5804,Gridded population estimate 2024,0.2767349759576734,0.2767349759576734,0.2126787685378152,9354,9354,7189,Tivngoba,Uzojina South,Uzojina State,0.7685286899562144,0.0,facility_nearby_mixed_adequacy
W0297,Agbtiba,LGA083,25472,4095,Projected 2026 from 2006 census,0.2257915575349,0.2257915575349,0.1974936902783623,5751,5751,5031,Olubani-South,Uzojina South,Uzojina State,0.8746726070474812,0.0,facility_nearby_adequately_staffed
W0306,Kukmiyi,LGA083,17600,3229,Gridded population estimate 2024,0.3068348463339427,0.3068348463339427,0.2789688145419242,5400,5400,4910,Olubani-South,Uzojina South,Uzojina State,0.9091823105329744,0.0,facility_nearby_adequately_staffed
W0316,Tamduri,LGA083,38124,5881,Gridded population estimate 2024,0.6035510756234931,0.6035510756234931,0.2770664049846975,23010,23010,10563,Olubani-South,Uzojina South,Uzojina State,0.45906041124767527,0.0,facility_nearby_mixed_adequacy
W0319,Wurlutu,LGA083,38852,6166,Gridded population estimate 2024,0.4862889274594856,0.4862889274594856,0.2018719638173167,18893,18893,7843,Olubani-South,Uzojina South,Uzojina State,0.4151276173857266,0.0,facility_nearby_mixed_adequacy
W0329,Jostsita,LGA083,13014,2007,Projected 2026 from 2006 census,0.3880658196647279,0.3880658196647279,0.2801851021991682,5050,5050,3646,Olubani-South,Uzojina South,Uzojina State,0.722004072508205,0.0,facility_nearby_mixed_adequacy
W0327,Suplashi,LGA105,23202,4107,Gridded population estimate 2024,0.2087933509021675,0.2087933509021675,0.1671710146933855,4844,4844,3879,Uzorisa,Uzojina South,Uzojina State,0.8006529612703777,0.0,facility_nearby_adequately_staffed
W0345,Olulale,LGA105,52073,9564,Projected 2026 from 2006 census,0.1457211903633724,0.1457211903633724,0.0,7588,7588,0,Uzorisa,Uzojina South,Uzojina State,0.0,0.0,facility_nearby_confirmed_inadequate
W0347,Umurifa,LGA105,18956,3222,Gridded population estimate 2024,0.3491260790467237,0.3491260790467237,0.2614280122506507,6618,6618,4956,Uzorisa,Uzojina South,Uzojina State,0.748806886510657,0.0,facility_nearby_mixed_adequacy
W0371,Wurzano,LGA105,36608,5745,Projected 2026 from 2006 census,0.2916628833439376,0.2916628833439376,0.0,10677,10677,0,Uzorisa,Uzojina South,Uzojina State,0.0,0.0,facility_nearby_confirmed_inadequate
W0377,Kukwana,LGA105,18654,3375,Gridded population estimate 2024,0.2277378257089087,0.2277378257089087,0.1725048819030307,4248,4248,3218,Uzorisa,Uzojina South,Uzojina State,0.7574713658833471,0.0,facility_nearby_mixed_adequacy
W0278,Nasrari,LGA066,5709,856,Projected 2026 from 2006 census,0.3647176971659495,0.3647176971659495,0.1634719219256116,2082,2082,933,Loksayi,Uzojina South,Uzojina State,0.44821494321738536,0.0,facility_nearby_mixed_adequacy
W0286,Riyridu,LGA066,20150,3129,Projected 2026 from 2006 census,0.1965687647675318,0.1965687647675318,0.1741887407559679,3961,3961,3510,Loksayi,Uzojina South,Uzojina State,0.8861465907972145,0.0,facility_nearby_adequately_staffed
W0302,Yeldena,LGA066,31383,5194,Gridded population estimate 2024,0.4762400491720736,0.4762400491720736,0.3646089593215934,14946,14946,11443,Loksayi,Uzojina South,Uzojina State,0.7655991132107707,0.0,facility_nearby_mixed_adequacy
W0309,Lokyofa,LGA066,22795,3929,Projected 2026 from 2006 census,0.4562866626140827,0.4562866626140827,0.0735971167680629,10401,10401,1678,Loksayi,Uzojina South,Uzojina State,0.16129578792950547,0.0,facility_nearby_mixed_adequacy
W0335,Lokkona,LGA066,27978,4874,Projected 2026 from 2006 census,0.5434337885150162,0.5434337885150162,0.4730081835432873,15204,15204,13234,Loksayi,Uzojina South,Uzojina State,0.8704062823105396,0.0,facility_nearby_adequately_staffed
W0383,Funkotu,LGA046,8410,1531,Projected 2026 from 2006 census,0.3030833211509429,0.3030833211509429,0.3030833211509429,2549,2549,2549,Hansatu,Uzojina South,Uzojina State,1.0,0.0,facility_nearby_adequately_staffed
W0395,Supyomi,LGA046,18207,3135,Projected 2026 from 2006 census,0.2050294830350816,0.2050294830350816,0.2050294830350816,3733,3733,3733,Hansatu,Uzojina South,Uzojina State,1.0,0.0,facility_nearby_adequately_staffed
W0400,Banzashi,LGA046,6350,1159,Gridded population estimate 2024,0.2657575683733914,0.2657575683733914,0.2533295979529358,1688,1688,1609,Hansatu,Uzojina South,Uzojina State,0.9532356858300488,0.0,facility_nearby_adequately_staffed
W0419,Uzowadu,LGA046,41644,7348,Projected 2026 from 2006 census,0.4382606323364383,0.4382606323364383,0.2904851464574619,18251,18251,12097,Hansatu,Uzojina South,Uzojina State,0.6628136889887613,0.0,facility_nearby_mixed_adequacy
W0421,Okeriyi,LGA046,10389,1619,Projected 2026 from 2006 census,0.1631274512936789,0.1631274512936789,0.0,1695,1695,0,Hansatu,Uzojina South,Uzojina State,0.0,0.0,facility_nearby_confirmed_inadequate
W0435,Katlale,LGA046,23654,3543,Projected 2026 from 2006 census,0.3703641847462791,0.3703641847462791,0.0,8761,8761,0,Hansatu,Uzojina South,Uzojina State,0.0,0.0,facility_nearby_confirmed_inadequate
W0288,Daiwaru,LGA011,31115,4774,Gridded population estimate 2024,0.0185811623852575,0.0185811623852575,0.0072430174864263,578,578,225,Agbridu-West,Uzojina South,Uzojina State,0.38980432635220874,0.0,facility_nearby_mixed_adequacy
W0299,Hanwano,LGA011,32330,5418,Gridded population estimate 2024,0.5952829938511414,0.5952829938511414,0.1988394809645009,19245,19245,6428,Agbridu-West,Uzojina South,Uzojina State,0.3340251326148642,0.0,facility_nearby_mixed_adequacy
W0314,Yobnushi,LGA011,36757,6093,Gridded population estimate 2024,0.4206121231733457,0.4206121231733457,0.2496178897871901,15460,15460,9175,Agbridu-West,Uzojina South,Uzojina State,0.5934633740557111,0.0,facility_nearby_mixed_adequacy
W0328,Gwojishi,LGA011,27906,4942,Projected 2026 from 2006 census,0.3098124338788746,0.3098124338788746,0.0300923737760755,8646,8646,840,Agbridu-West,Uzojina South,Uzojina State,0.09713094274273229,0.0,facility_nearby_confirmed_inadequate
W0354,Tivsako,LGA016,23840,4066,Gridded population estimate 2024,0.3456353826708632,0.0665626735546923,0.0665626735546923,8240,1587,1587,Banluwo,Uzojina South,Uzojina State,0.1925806120899308,0.8074193879100692,facility_nearby_mixed_adequacy
W0380,Josmako,LGA016,12033,2078,Projected 2026 from 2006 census,0.5807339171943462,0.5807339171943462,0.2424711117326529,6988,6988,2918,Banluwo,Uzojina South,Uzojina State,0.41752531504287604,0.0,facility_nearby_mixed_adequacy
W0393,Yobkono,LGA016,29872,5172,Projected 2026 from 2006 census,0.2540020402133572,0.168945522482724,0.099884875080197,7588,5047,2984,Banluwo,Uzojina South,Uzojina State,0.3932443810147961,0.33486549028971285,facility_nearby_mixed_adequacy
W0394,Ekengoja,LGA016,13519,2068,Gridded population estimate 2024,0.4047838245527895,0.4047838245527895,0.2780390710308244,5472,5472,3759,Banluwo,Uzojina South,Uzojina State,0.6868828598524302,0.0,facility_nearby_mixed_adequacy
W0338,Nastino,LGA116,15608,2729,Gridded population estimate 2024,0.6510153379526087,0.6510153379526087,0.2632324457034916,10161,10161,4109,Zamberi-North,Uzojina South,Uzojina State,0.40434138853216056,0.0,facility_nearby_mixed_adequacy
W0353,Malshana,LGA116,66078,10499,Projected 2026 from 2006 census,0.7689542604799469,0.720405779992379,0.4224127512552313,50811,47603,27912,Zamberi-North,Uzojina South,Uzojina State,0.5493340410021009,0.06313571948644395,facility_nearby_mixed_adequacy
W0360,Tivtsisa,LGA116,60520,10296,Gridded population estimate 2024,0.4243711150578647,0.4243711150578647,0.295215079147993,25683,25683,17866,Zamberi-North,Uzojina South,Uzojina State,0.6956530938910375,0.0,facility_nearby_mixed_adequacy
W0367,Nasjidu,LGA116,29290,4270,Gridded population estimate 2024,0.3978101993319421,0.3978101993319421,0.3665266361835146,11652,11652,10736,Zamberi-North,Uzojina South,Uzojina State,0.9213605804955147,0.0,facility_nearby_adequately_staffed
W0368,Josmatu,LGA116,16569,2532,Gridded population estimate 2024,0.8530050878830763,0.8530050878830763,0.3009121276947216,14133,14133,4986,Zamberi-North,Uzojina South,Uzojina State,0.35276709596363914,0.0,facility_nearby_mixed_adequacy
W0462,Funngoru,LGA001,53829,9389,Gridded population estimate 2024,0.2960082892334753,0.2960082892334753,0.0,15934,15934,0,Adekeni,Supwasa North,Supwasa State,0.0,0.0,facility_nearby_confirmed_inadequate
W0478,Wurshani,LGA001,36194,5689,Projected 2026 from 2006 census,0.4838305477833731,0.4838305477833731,0.1488448177960842,17512,17512,5387,Adekeni,Supwasa North,Supwasa State,0.30763832188356766,0.0,facility_nearby_mixed_adequacy
W0486,Agbjisa,LGA001,20259,3433,Projected 2026 from 2006 census,0.4984876367477677,0.4984876367477677,0.2605459582655812,10099,10099,5278,Adekeni,Supwasa North,Supwasa State,0.5226728589808861,0.0,facility_nearby_mixed_adequacy
W0487,Tamnuma,LGA001,11546,1816,Gridded population estimate 2024,0.2084959529457994,0.2084959529457994,0.0890397646784641,2407,2407,1028,Adekeni,Supwasa North,Supwasa State,0.4270575203999805,0.0,facility_nearby_mixed_adequacy
W0508,Uzotsija,LGA001,52312,7858,Projected 2026 from 2006 census,0.798472687969843,0.798472687969843,0.0145286772929442,41770,41770,760,Adekeni,Supwasa North,Supwasa State,0.018195584535125545,0.0,facility_nearby_confirmed_inadequate
W0512,Okezari,LGA001,4392,666,Projected 2026 from 2006 census,0.2369825816904655,0.2369825816904655,0.0,1041,1041,0,Adekeni,Supwasa North,Supwasa State,0.0,0.0,facility_nearby_confirmed_inadequate
W0405,Irongoko,LGA074,31968,5288,Projected 2026 from 2006 census,0.0,0.0,0.0,0,0,0,Nasrifa,Supwasa North,Supwasa State,,,no_facility_nearby
W0413,Birtsiba,LGA074,13492,2156,Projected 2026 from 2006 census,0.5320750093425672,0.5320750093425672,0.2456858905270826,7179,7179,3315,Nasrifa,Supwasa North,Supwasa State,0.46175047918648254,0.0,facility_nearby_mixed_adequacy
W0422,Adedede,LGA074,20157,3104,Projected 2026 from 2006 census,0.0107551925814485,0.0107551925814485,0.0107551925814485,217,217,217,Nasrifa,Supwasa North,Supwasa State,1.0,0.0,facility_nearby_adequately_staffed
W0425,Riynuna,LGA074,4633,794,Projected 2026 from 2006 census,0.3553074678360434,0.3553074678360434,0.3553074678360435,1646,1646,1646,Nasrifa,Supwasa North,Supwasa State,1.0000000000000002,0.0,facility_nearby_adequately_staffed
W0428,Wurzani,LGA074,5140,935,Projected 2026 from 2006 census,0.1416985833833808,0.1416985833833808,0.0,728,728,0,Nasrifa,Supwasa North,Supwasa State,0.0,0.0,facility_nearby_confirmed_inadequate
W0448,Sokngono,LGA074,29321,4854,Projected 2026 from 2006 census,0.2050963448691234,0.2050963448691234,0.0,6014,6014,0,Nasrifa,Supwasa North,Supwasa State,0.0,0.0,facility_nearby_confirmed_inadequate
W0455,Daizaba,LGA074,31974,5605,Projected 2026 from 2006 census,0.3735779167248323,0.3735779167248323,0.1496356349395972,11945,11945,4784,Nasrifa,Supwasa North,Supwasa State,0.40054732424083533,0.0,facility_nearby_mixed_adequacy
W0423,Agbriko,LGA113,37321,5670,Projected 2026 from 2006 census,0.341002549924072,0.341002549924072,0.0036974353455942,12727,12727,138,Yobmija,Supwasa North,Supwasa State,0.01084283782164525,0.0,facility_nearby_confirmed_inadequate
W0426,Agbshako,LGA113,21816,3648,Projected 2026 from 2006 census,0.2705774590763939,0.2409399412789163,0.0,5903,5256,0,Yobmija,Supwasa North,Supwasa State,0.0,0.10953431929860002,facility_nearby_confirmed_inadequate
W0442,Yobludu,LGA113,28989,4322,Gridded population estimate 2024,0.0158393382313619,0.0158393382313619,0.0158393382313619,459,459,459,Yobmija,Supwasa North,Supwasa State,1.0,0.0,facility_nearby_adequately_staffed
W0445,Josrani,LGA113,5035,872,Gridded population estimate 2024,0.065990517830628,0.065990517830628,0.0,332,332,0,Yobmija,Supwasa North,Supwasa State,0.0,0.0,facility_nearby_confirmed_inadequate
W0459,Dutzali,LGA113,12519,2043,Projected 2026 from 2006 census,0.2510351246160012,0.2510351246160012,0.2446409501467194,3143,3143,3063,Yobmija,Supwasa North,Supwasa State,0.9745287657292472,0.0,facility_nearby_adequately_staffed
W0463,Baulasa,LGA113,7935,1180,Projected 2026 from 2006 census,0.535516838438896,0.535516838438896,0.0,4249,4249,0,Yobmija,Supwasa North,Supwasa State,0.0,0.0,facility_nearby_confirmed_inadequate
W0485,Kattino,LGA050,14862,2524,Projected 2026 from 2006 census,0.2471671794414444,0.2471671794414444,0.0,3673,3673,0,Ibangosa,Supwasa North,Supwasa State,0.0,0.0,facility_nearby_confirmed_inadequate
W0493,Hanwani,LGA050,16309,2376,Gridded population estimate 2024,0.1642347791625922,0.1642347791625922,0.1642347791625922,2679,2679,2679,Ibangosa,Supwasa North,Supwasa State,1.0,0.0,facility_nearby_adequately_staffed
W0494,Funnari,LGA050,16774,2882,Projected 2026 from 2006 census,0.1408889587397029,0.1408889587397029,0.0421553106808631,2363,2363,707,Ibangosa,Supwasa North,Supwasa State,0.29920947005326703,0.0,facility_nearby_mixed_adequacy
W0509,Shazama,LGA108,12703,2280,Projected 2026 from 2006 census,0.4195625498619439,0.4195625498619439,0.1571034772741815,5330,5330,1996,Wuryona,Supwasa North,Supwasa State,0.37444590163225017,0.0,facility_nearby_mixed_adequacy
W0514,Katraja,LGA108,15368,2468,Gridded population estimate 2024,0.3686605864517539,0.3686605864517539,0.08703089503787,5666,5666,1337,Wuryona,Supwasa North,Supwasa State,0.23607322897062555,0.0,facility_nearby_mixed_adequacy
W0527,Wurkele,LGA108,9432,1545,Projected 2026 from 2006 census,0.6637666204568407,0.6633084893885208,0.0361834014911719,6261,6256,341,Wuryona,Supwasa North,Supwasa State,0.05451223423417781,0.0006901990160404746,facility_nearby_confirmed_inadequate
W0541,Okenuko,LGA108,25417,4015,Projected 2026 from 2006 census,0.465008595077678,0.417662523671912,0.0839245162338937,11819,10616,2133,Wuryona,Supwasa North,Supwasa State,0.1804794946206842,0.10181762639861965,facility_nearby_mixed_adequacy
W0539,Sokdeba,LGA115,106552,19545,Projected 2026 from 2006 census,0.6036221556160675,0.6036221556160675,0.4140266548907841,64317,64317,44115,Zambani,Supwasa Central,Supwasa State,0.6859036750700795,0.0,facility_nearby_mixed_adequacy
W0546,Adesale,LGA115,81668,14732,Gridded population estimate 2024,0.6446171406132073,0.6446171406132073,0.6109380638560744,52645,52645,49894,Zambani,Supwasa Central,Supwasa State,0.9477533645396167,0.0,facility_nearby_adequately_staffed
W0559,Lokrana,LGA115,77390,13252,Projected 2026 from 2006 census,0.3639065597294698,0.3639065597294698,0.3345641501693461,28163,28163,25892,Zambani,Supwasa Central,Supwasa State,0.9193682862382667,0.0,facility_nearby_adequately_staffed
W0560,Shatsiba,LGA115,111681,18185,Gridded population estimate 2024,0.3139461013810943,0.3133380734115698,0.0,35062,34994,0,Zambani,Supwasa Central,Supwasa State,0.0,0.0019367272498359567,facility_nearby_confirmed_inadequate
W0565,Dailaba,LGA115,114547,20174,Projected 2026 from 2006 census,0.6859794679382841,0.6859794679382841,0.3222014760455801,78577,78577,36907,Zambani,Supwasa Central,Supwasa State,0.46969551000405124,0.0,facility_nearby_mixed_adequacy
W0578,Irokoni,LGA115,54612,9034,Gridded population estimate 2024,0.5071170918646785,0.5071170918646785,0.332806814593633,27695,27695,18175,Zambani,Supwasa Central,Supwasa State,0.6562721310967778,0.0,facility_nearby_mixed_adequacy
W0582,Kukbeta,LGA020,14994,2264,Gridded population estimate 2024,0.2391831730943772,0.2391831730943772,0.0710926279667512,3586,3586,1066,Bautiru-West,Supwasa Central,Supwasa State,0.2972308923199182,0.0,facility_nearby_mixed_adequacy
W0594,Uzomisa,LGA020,136327,22276,Projected 2026 from 2006 census,0.3501238608786373,0.3501238608786373,0.1225827215981902,47731,47731,16711,Bautiru-West,Supwasa Central,Supwasa State,0.35011244675118214,0.0,facility_nearby_mixed_adequacy
W0596,Zamkoja,LGA020,20075,3367,Projected 2026 from 2006 census,0.3100169927044436,0.3100169927044436,0.1507904907436779,6224,6224,3027,Bautiru-West,Supwasa Central,Supwasa State,0.486394276095165,0.0,facility_nearby_mixed_adequacy
W0612,Tivsana,LGA020,46849,8493,Gridded population estimate 2024,0.4420741522545089,0.4420741522545089,0.2510943826672692,20711,20711,11764,Bautiru-West,Supwasa Central,Supwasa State,0.5679915493514542,0.0,facility_nearby_mixed_adequacy
W0617,Ekekode,LGA020,76328,13712,Gridded population estimate 2024,0.4301068711281096,0.4301068711281096,0.3128476267935932,32829,32829,23879,Bautiru-West,Supwasa Central,Supwasa State,0.727371841265958,0.0,facility_nearby_mixed_adequacy
W0579,Irozari,LGA038,60964,10835,Projected 2026 from 2006 census,0.6378245175705571,0.6378245175705571,0.4752204869066916,38884,38884,28971,Funkedu,Supwasa Central,Supwasa State,0.7450646279901305,0.0,facility_nearby_mixed_adequacy
W0580,Soktiba,LGA038,41671,6786,Gridded population estimate 2024,0.6835016963516619,0.6835016963516619,0.5845660597814761,28482,28482,24359,Funkedu,Supwasa Central,Supwasa State,0.8552518053747692,0.0,facility_nearby_adequately_staffed
W0586,Kukngole,LGA038,134710,24818,Gridded population estimate 2024,0.5710390912928162,0.3815111807091185,0.2237462816540906,76925,51393,30141,Funkedu,Supwasa Central,Supwasa State,0.39182305566425485,0.3319000633645096,facility_nearby_mixed_adequacy
W0593,Gwonale,LGA038,25017,4616,Projected 2026 from 2006 census,0.4314122289276915,0.2872892516216041,0.1458300709937608,10793,7187,3648,Funkedu,Supwasa Central,Supwasa State,0.3380295253943838,0.3340725358303268,facility_nearby_mixed_adequacy
W0597,Ngetiba,LGA038,110138,16966,Projected 2026 from 2006 census,0.3940065759690025,0.3940065759690025,0.2755051543822197,43395,43395,30344,Funkedu,Supwasa Central,Supwasa State,0.6992399903596898,0.0,facility_nearby_mixed_adequacy
W0605,Wurbasa,LGA038,65037,11672,Projected 2026 from 2006 census,0.6743847058682175,0.6743847058682175,0.2837160615544352,43860,43860,18452,Funkedu,Supwasa Central,Supwasa State,0.4207035822219203,0.0,facility_nearby_mixed_adequacy
W0590,Gwonashi,LGA058,78373,14204,Projected 2026 from 2006 census,0.6872116815514044,0.6275627255595585,0.4859198271932575,53859,49184,38083,Josmiba,Supwasa Central,Supwasa State,0.7070890094537923,0.0867985186997787,facility_nearby_mixed_adequacy
W0598,Shalule,LGA058,70444,11428,Projected 2026 from 2006 census,0.3841137750697437,0.3841137750697437,0.0417416200938253,27059,27059,2940,Josmiba,Supwasa Central,Supwasa State,0.10866993792723591,0.0,facility_nearby_mixed_adequacy
W0606,Josmadu,LGA058,68604,11731,Gridded population estimate 2024,0.515971262395135,0.515971262395135,0.1010487741138549,35398,35398,6932,Josmiba,Supwasa Central,Supwasa State,0.1958418646123569,0.0,facility_nearby_mixed_adequacy
W0609,Daiwana,LGA058,72270,13328,Gridded population estimate 2024,0.1752918793539437,0.1752918793539437,0.0016015548236372,12668,12668,116,Josmiba,Supwasa Central,Supwasa State,0.009136503239852841,0.0,facility_nearby_confirmed_inadequate
W0614,Wurngomi,LGA058,45660,8304,Projected 2026 from 2006 census,0.3982135174562033,0.3982135174562033,0.0,18182,18182,0,Josmiba,Supwasa Central,Supwasa State,0.0,0.0,facility_nearby_confirmed_inadequate
W0618,Funnuta,LGA058,63541,10296,Projected 2026 from 2006 census,0.497248257510658,0.497248257510658,0.415679484128695,31596,31596,26413,Josmiba,Supwasa Central,Supwasa State,0.8359596596872646,0.0,facility_nearby_adequately_staffed
W0547,Hanbeko,LGA060,123248,20697,Gridded population estimate 2024,0.5649677287359005,0.5635022690246169,0.5252208491141548,69631,69451,64732,Katdudu,Supwasa Central,Supwasa State,0.9296475221501974,0.0025938821577695605,facility_nearby_adequately_staffed
W0562,Bandema,LGA060,80909,13036,Projected 2026 from 2006 census,0.5872777719683372,0.5872777719683372,0.4255419427240827,47516,47516,34430,Katdudu,Supwasa Central,Supwasa State,0.7246007988652865,0.0,facility_nearby_mixed_adequacy
W0566,Wurtsiwa,LGA060,219138,36978,Gridded population estimate 2024,0.6986905402504886,0.6986905402504886,0.6220721706252342,153110,153110,136320,Katdudu,Supwasa Central,Supwasa State,0.8903400501203497,0.0,facility_nearby_adequately_staffed
W0576,Kadtini,LGA060,115814,17571,Projected 2026 from 2006 census,0.3213476637809239,0.3213476637809239,0.2331098063410782,37217,37217,26997,Katdudu,Supwasa Central,Supwasa State,0.7254131042944157,0.0,facility_nearby_mixed_adequacy
W0581,Daibefa,LGA060,80085,13145,Projected 2026 from 2006 census,0.4793050434159638,0.4793050434159638,0.30262906428156,38385,38385,24236,Katdudu,Supwasa Central,Supwasa State,0.6313913622204973,0.0,facility_nearby_mixed_adequacy
W0533,Banluwa,LGA082,73623,12097,Projected 2026 from 2006 census,0.3358504757422357,0.3358504757422357,0.3211670745071359,24726,24726,23645,Okeyoru-South,Supwasa Central,Supwasa State,0.9562799451075684,0.0,facility_nearby_adequately_staffed
W0540,Umuyoba,LGA082,220047,33576,Projected 2026 from 2006 census,0.3058440782952393,0.3058440782952393,0.2163293705926289,67300,67300,47603,Okeyoru-South,Supwasa Central,Supwasa State,0.7073191405190474,0.0,facility_nearby_mixed_adequacy
W0544,Hantsishi,LGA082,56022,8481,Projected 2026 from 2006 census,0.7675049417250662,0.73467096153089,0.5674364383668165,42997,41158,31789,Okeyoru-South,Supwasa Central,Supwasa State,0.7393261040006205,0.04278015477057082,facility_nearby_mixed_adequacy
W0555,Baurima,LGA082,136403,22122,Gridded population estimate 2024,0.5585883940080949,0.55784303439919,0.377120545368349,76193,76091,51440,Okeyoru-South,Supwasa Central,Supwasa State,0.6751313658029277,0.0013343628634254624,facility_nearby_mixed_adequacy
W0343,Uzojiri,LGA032,15430,2514,Projected 2026 from 2006 census,0.5882014046427221,0.3590657795873728,0.2847297848604356,9076,5540,4393,Ekedeta-East,Supwasa South,Supwasa State,0.4840685224704327,0.3895530055636776,facility_nearby_mixed_adequacy
W0473,Tivnuta,LGA032,42259,7641,Projected 2026 from 2006 census,0.8495818760091646,0.6461363022482466,0.4983148861648951,35902,27305,21058,Ekedeta-East,Supwasa South,Supwasa State,0.5865413331387024,0.23946552946325256,facility_nearby_mixed_adequacy
W0477,Funjiyi,LGA032,23272,3790,Projected 2026 from 2006 census,0.4312990576666822,0.3431816802983347,0.2777838048336787,10037,7987,6465,Ekedeta-East,Supwasa South,Supwasa State,0.6440630924085079,0.20430690909704385,facility_nearby_mixed_adequacy
W0495,Shaketa,LGA032,27884,4569,Gridded population estimate 2024,0.3097579705255742,0.3097579705255742,0.0836899009581408,8637,8637,2334,Ekedeta-East,Supwasa South,Supwasa State,0.27017836156448866,0.0,facility_nearby_mixed_adequacy
W0496,Baubama,LGA032,19064,2843,Projected 2026 from 2006 census,0.6804912401059776,0.6727233697396516,0.5065485607661744,12973,12825,9657,Ekedeta-East,Supwasa South,Supwasa State,0.7443866003143348,0.011415092375202707,facility_nearby_mixed_adequacy
W0510,Tammawo,LGA032,16593,2846,Gridded population estimate 2024,0.0190575719649193,0.0190575719649193,0.0190575719649193,316,316,316,Ekedeta-East,Supwasa South,Supwasa State,1.0,0.0,facility_nearby_adequately_staffed
W0389,Agbwali,LGA018,63754,9846,Gridded population estimate 2024,0.5493042556308504,0.5493042556308504,0.5161384139103209,35020,35020,32906,Baumiru,Supwasa South,Supwasa State,0.939622092163768,0.0,facility_nearby_adequately_staffed
W0406,Hansasa,LGA018,28696,4775,Projected 2026 from 2006 census,0.3643567643411221,0.2825571341046207,0.1431350566514961,10456,8108,4107,Baumiru,Supwasa South,Supwasa State,0.3928431434787049,0.22450421741015913,facility_nearby_mixed_adequacy
W0412,Yelngomi,LGA018,7116,1197,Projected 2026 from 2006 census,0.3823412685759997,0.3247665999810386,0.2846778246583417,2721,2311,2026,Baumiru,Supwasa South,Supwasa State,0.7445647332776869,0.15058449957388462,facility_nearby_mixed_adequacy
W0437,Katluko,LGA018,10915,1803,Gridded population estimate 2024,0.5345406353590954,0.325466967800131,0.0,5835,3552,0,Baumiru,Supwasa South,Supwasa State,0.0,0.3911277342245687,facility_nearby_confirmed_inadequate
W0392,Joslaru,LGA065,36359,6175,Projected 2026 from 2006 census,0.2786023718266542,0.2658503715555667,0.1563583021644269,10130,9666,5685,Loknaba,Supwasa South,Supwasa State,0.5612238730749668,0.04577132702596586,facility_nearby_mixed_adequacy
W0402,Agbdeni,LGA065,23171,4165,Projected 2026 from 2006 census,0.4469326289983164,0.4399705866145857,0.258137001157072,10356,10195,5981,Loknaba,Supwasa South,Supwasa State,0.5775747493209864,0.01557738668428455,facility_nearby_mixed_adequacy
W0433,Shangoru,LGA065,34915,6230,Gridded population estimate 2024,0.1258704570920762,0.1204559596358458,0.0695061237821684,4395,4206,2427,Loknaba,Supwasa South,Supwasa State,0.5522036337035273,0.04301642801113859,facility_nearby_mixed_adequacy
W0434,Lokngode,LGA085,12011,1811,Projected 2026 from 2006 census,0.4538808430266864,0.4122527101698627,0.2560238123512691,5452,4952,3075,Oluyofa,Supwasa South,Supwasa State,0.564077149949719,0.09171599439894434,facility_nearby_mixed_adequacy
W0447,Agbngode,LGA085,21622,3510,Projected 2026 from 2006 census,0.4739545028084845,0.4739545028084845,0.3662456188038841,10248,10248,7919,Oluyofa,Supwasa South,Supwasa State,0.7727442542135244,0.0,facility_nearby_mixed_adequacy
W0458,Agbmile,LGA085,26016,4701,Projected 2026 from 2006 census,0.2734782199936805,0.2734782199936805,0.1320091228715675,7115,7115,3434,Oluyofa,Supwasa South,Supwasa State,0.4827043370203958,0.0,facility_nearby_mixed_adequacy
W0460,Ekenuno,LGA085,36284,6257,Gridded population estimate 2024,0.7025580030864064,0.7025580030864064,0.3640650727416974,25492,25492,13210,Oluyofa,Supwasa South,Supwasa State,0.5181993104374639,0.0,facility_nearby_mixed_adequacy
W0461,Lokwari,LGA085,25999,4774,Gridded population estimate 2024,0.0436322730343958,0.0436322730343958,0.032281875897933,1134,1134,839,Oluyofa,Supwasa South,Supwasa State,0.7398623462152624,0.0,facility_nearby_mixed_adequacy
W0471,Soknutu,LGA085,9182,1625,Gridded population estimate 2024,0.5062571913458264,0.5062571913458264,0.3146590231129881,4648,4648,2889,Oluyofa,Supwasa South,Supwasa State,0.6215398585776202,0.0,facility_nearby_mixed_adequacy
W0488,Zambaja,LGA097,21075,3478,Projected 2026 from 2006 census,0.0,0.0,0.0,0,0,0,Tivmama,Supwasa South,Supwasa State,,,no_facility_nearby
W0498,Naslawa,LGA097,38895,6378,Gridded population estimate 2024,0.4610376192800539,0.4610376192800539,0.2554307420706653,17932,17932,9935,Tivmama,Supwasa South,Supwasa State,0.5540344895705914,0.0,facility_nearby_mixed_adequacy
W0513,Okekewa,LGA097,16391,2627,Projected 2026 from 2006 census,0.0072907477617741,0.0072907477617741,0.0072907477617741,120,120,120,Tivmama,Supwasa South,Supwasa State,1.0,0.0,facility_nearby_adequately_staffed
W0517,Banshafa,LGA097,17151,2506,Projected 2026 from 2006 census,0.2784367224978638,0.2784367224978636,0.0,4775,4775,0,Tivmama,Supwasa South,Supwasa State,0.0,5.981016160504876e-16,facility_nearby_confirmed_inadequate
W0526,Yobdede,LGA097,21999,3533,Gridded population estimate 2024,0.3786300573717655,0.3786300573717655,0.3727780576205437,8329,8329,8201,Tivmama,Supwasa South,Supwasa State,0.9845442810540636,0.0,facility_nearby_adequately_staffed
W0528,Loktifa,LGA097,6608,1108,Projected 2026 from 2006 census,0.3534088347711641,0.3534088347711641,0.2378736559079314,2335,2335,1572,Tivmama,Supwasa South,Supwasa State,0.6730835013277386,0.0,facility_nearby_mixed_adequacy
W0529,Supdushi,LGA097,13330,2373,Projected 2026 from 2006 census,0.0970678732871926,0.0970678732871926,0.0591972773063155,1294,1294,789,Tivmama,Supwasa South,Supwasa State,0.6098544791557327,0.0,facility_nearby_mixed_adequacy
W0530,Kadzaru,LGA097,27863,4187,Projected 2026 from 2006 census,0.403051399455488,0.403051399455488,0.2191294255162686,11230,11230,6106,Tivmama,Supwasa South,Supwasa State,0.543676131164181,0.0,facility_nearby_mixed_adequacy
W0507,Zamnuno,LGA088,52332,9100,Projected 2026 from 2006 census,0.5325922593527235,0.5325922593527235,0.0369643288261833,27872,27872,1934,Sokmiri,Agbkeko North,Agbkeko State,0.06940455513023648,0.0,facility_nearby_confirmed_inadequate
W0519,Ekeriri,LGA088,23060,3814,Projected 2026 from 2006 census,0.4408146426777314,0.4408146426777314,0.0,10165,10165,0,Sokmiri,Agbkeko North,Agbkeko State,0.0,0.0,facility_nearby_confirmed_inadequate
W0531,Umuwako,LGA088,38914,5813,Projected 2026 from 2006 census,0.3173669687362724,0.3173669687362724,0.0761071242719154,12350,12350,2962,Sokmiri,Agbkeko North,Agbkeko State,0.239807956621848,0.0,facility_nearby_mixed_adequacy
W0534,Bauyoyi,LGA088,48359,8057,Projected 2026 from 2006 census,0.4338646717417427,0.4338646717417427,0.2543747142600574,20981,20981,12301,Sokmiri,Agbkeko North,Agbkeko State,0.5862996709063087,0.0,facility_nearby_mixed_adequacy
W0587,Okemashi,LGA067,29466,4729,Gridded population estimate 2024,0.0168626924909524,0.0168626924909524,0.0,497,497,0,Lokshasa,Agbkeko North,Agbkeko State,0.0,0.0,facility_nearby_confirmed_inadequate
W0592,Tivrana,LGA067,13446,2101,Projected 2026 from 2006 census,0.2332815799685416,0.2332815799685416,0.2236333640762276,3137,3137,3007,Lokshasa,Agbkeko North,Agbkeko State,0.9586413299600635,0.0,facility_nearby_adequately_staffed
W0595,Zamriru,LGA067,33457,5800,Projected 2026 from 2006 census,0.3714477990315391,0.3711887223498888,0.0,12428,12419,0,Lokshasa,Agbkeko North,Agbkeko State,0.0,0.000697478036821854,facility_nearby_confirmed_inadequate
W0601,Riynawa,LGA067,29087,5261,Projected 2026 from 2006 census,0.7283022099117249,0.4913953624427148,0.1410163808302141,21184,14293,4102,Lokshasa,Agbkeko North,Agbkeko State,0.19362344217973226,0.32528645972078646,facility_nearby_mixed_adequacy
W0535,Dairami,LGA059,14424,2502,Projected 2026 from 2006 census,0.1809516475823434,0.1809516475823434,0.0,2610,2610,0,Jostile,Agbkeko North,Agbkeko State,0.0,0.0,facility_nearby_confirmed_inadequate
W0549,Tivdewo,LGA059,50209,8502,Gridded population estimate 2024,0.6307549156609187,0.6028150092372475,0.2631968038291934,31670,30267,13215,Jostile,Agbkeko North,Agbkeko State,0.417272695454795,0.04429597888174225,facility_nearby_mixed_adequacy
W0552,Riydewa,LGA059,9433,1535,Gridded population estimate 2024,0.5363178415639617,0.5363178415639617,0.0,5059,5059,0,Jostile,Agbkeko North,Agbkeko State,0.0,0.0,facility_nearby_confirmed_inadequate
W0556,Josngoni,LGA059,6005,977,Projected 2026 from 2006 census,0.3616085344242585,0.0935748195141156,0.0059966032873436,2171,562,36,Jostile,Agbkeko North,Agbkeko State,0.01658313539776156,0.741226186314705,facility_nearby_assessment_gap
W0558,Tamsashi,LGA059,26701,4303,Projected 2026 from 2006 census,0.2935388642671957,0.2935388642671957,0.0,7838,7838,0,Jostile,Agbkeko North,Agbkeko State,0.0,0.0,facility_nearby_confirmed_inadequate
W0563,Shatsino,LGA059,25700,4369,Projected 2026 from 2006 census,0.2010066197067239,0.2010066197067239,0.0,5166,5166,0,Jostile,Agbkeko North,Agbkeko State,0.0,0.0,facility_nearby_confirmed_inadequate
W0568,Yobkema,LGA059,52632,8470,Projected 2026 from 2006 census,0.4128029666117324,0.4128029666117324,0.0,21727,21727,0,Jostile,Agbkeko North,Agbkeko State,0.0,0.0,facility_nearby_confirmed_inadequate
W0570,Hantsiyi,LGA059,7557,1285,Projected 2026 from 2006 census,0.160998160729977,0.160998160729977,0.0,1217,1217,0,Jostile,Agbkeko North,Agbkeko State,0.0,0.0,facility_nearby_confirmed_inadequate
W0573,Riyjiyi,LGA059,29232,4838,Gridded population estimate 2024,0.1367086921535628,0.1364179603125921,0.0,3996,3988,0,Jostile,Agbkeko North,Agbkeko State,0.0,0.002126652200316009,facility_nearby_confirmed_inadequate
W0569,Lokmiba,LGA078,30658,5152,Gridded population estimate 2024,0.0002113252383018,0.0002113252383018,0.0,6,6,0,Ngenuta-Central,Agbkeko North,Agbkeko State,0.0,0.0,facility_nearby_confirmed_inadequate
W0575,Agbmama,LGA078,34375,5281,Projected 2026 from 2006 census,0.4966521927200543,0.4966521927200543,0.0,17072,17072,0,Ngenuta-Central,Agbkeko North,Agbkeko State,0.0,0.0,facility_nearby_confirmed_inadequate
W0584,Shangodu,LGA078,15050,2231,Gridded population estimate 2024,0.2741546762300568,0.1357376327493006,0.0,4126,2043,0,Ngenuta-Central,Agbkeko North,Agbkeko State,0.0,0.5048866770545384,facility_nearby_assessment_gap
W0589,Tivtsiwo,LGA078,10147,1585,Gridded population estimate 2024,0.3033722312233499,0.2624920941541436,0.2164430287760003,3078,2664,2196,Ngenuta-Central,Agbkeko North,Agbkeko State,0.713456956502554,0.13475240269802202,facility_nearby_mixed_adequacy
W0480,Malnumi,LGA069,8389,1358,Projected 2026 from 2006 census,0.800568690372597,0.800568690372597,0.3916063027463792,6716,6716,3285,Maljiwo,Agbkeko North,Agbkeko State,0.48916015259617457,0.0,facility_nearby_mixed_adequacy
W0501,Hanlasa,LGA069,39720,6117,Projected 2026 from 2006 census,0.7761951379467064,0.7462751817922705,0.0137724298866462,30830,29642,547,Maljiwo,Agbkeko North,Agbkeko State,0.01774351475980492,0.038546951264837974,facility_nearby_confirmed_inadequate
W0504,Maljini,LGA069,16052,2895,Gridded population estimate 2024,0.5479348609425858,0.4812949965364956,0.1933351349236971,8795,7726,3103,Maljiwo,Agbkeko North,Agbkeko State,0.3528432824863745,0.1216200485792287,facility_nearby_mixed_adequacy
W0515,Oluwaba,LGA069,41540,6419,Projected 2026 from 2006 census,0.3500863551399596,0.3500863551399596,0.0,14543,14543,0,Maljiwo,Agbkeko North,Agbkeko State,0.0,0.0,facility_nearby_confirmed_inadequate
W0536,Iroyori,LGA110,42824,7385,Gridded population estimate 2024,0.470084198583708,0.470084198583708,0.0,20131,20131,0,Yeltili,Agbkeko North,Agbkeko State,0.0,0.0,facility_nearby_confirmed_inadequate
W0551,Gwobali,LGA110,15246,2654,Projected 2026 from 2006 census,0.0184576669037744,0.0184576669037744,0.0,281,281,0,Yeltili,Agbkeko North,Agbkeko State,0.0,0.0,facility_nearby_confirmed_inadequate
W0553,Nasmitu,LGA110,7788,1389,Projected 2026 from 2006 census,0.3546847324950081,0.3546847324950081,0.0,2762,2762,0,Yeltili,Agbkeko North,Agbkeko State,0.0,0.0,facility_nearby_confirmed_inadequate
W0561,Okedefa,LGA110,12421,1910,Projected 2026 from 2006 census,0.3218869083961805,0.290391290349923,0.1728178916775246,3998,3607,2147,Yeltili,Agbkeko North,Agbkeko State,0.5368900914255861,0.09784684379736404,facility_nearby_mixed_adequacy
W0572,Kuknayi,LGA110,61989,10091,Gridded population estimate 2024,0.7817373487430567,0.7817373487430567,0.3743217243271798,48459,48459,23204,Yeltili,Agbkeko North,Agbkeko State,0.47883310798575235,0.0,facility_nearby_mixed_adequacy
W0444,Adeketu,LGA023,53997,9842,Projected 2026 from 2006 census,0.4846297443069781,0.4846297443069781,0.2383564182281327,26169,26169,12871,Daibewo,Agbkeko Central,Agbkeko State,0.49183200376812003,0.0,facility_nearby_mixed_adequacy
W0467,Suptini,LGA023,29231,4332,Projected 2026 from 2006 census,0.4095117387671428,0.3060615017001233,0.1997947629928916,11970,8946,5840,Daibewo,Agbkeko Central,Agbkeko State,0.4878853133597208,0.25261848995699615,facility_nearby_mixed_adequacy
W0469,Sokbedu,LGA023,140881,25427,Projected 2026 from 2006 census,0.4218410199610445,0.313584746334913,0.1144506507403501,59429,44178,16124,Daibewo,Agbkeko Central,Agbkeko State,0.2713122843077688,0.25662813359433034,facility_nearby_mixed_adequacy
W0472,Shayoshi,LGA023,56089,9385,Projected 2026 from 2006 census,0.5644651335915821,0.5644651335915821,0.4020073204341939,31660,31660,22548,Daibewo,Agbkeko Central,Agbkeko State,0.712191589011529,0.0,facility_nearby_mixed_adequacy
W0491,Sokmiwa,LGA023,94379,13768,Projected 2026 from 2006 census,0.32249766998779,0.32249766998779,0.0355255692543168,30437,30437,3353,Daibewo,Agbkeko Central,Agbkeko State,0.11015759976083493,0.0,facility_nearby_mixed_adequacy
W0390,Ibayoma,LGA114,69599,11796,Gridded population estimate 2024,0.1496891899162725,0.1496891899162725,0.1496686789560852,10418,10418,10417,Yobrifa-West,Agbkeko Central,Agbkeko State,0.9998629763431898,0.0,facility_nearby_adequately_staffed
W0403,Daizayi,LGA114,46380,7872,Gridded population estimate 2024,0.2659221571280309,0.2659221571280309,0.2587056952674846,12333,12333,11999,Yobrifa-West,Agbkeko Central,Agbkeko State,0.9728625025515574,0.0,facility_nearby_adequately_staffed
W0429,Birriwa,LGA114,128118,19638,Projected 2026 from 2006 census,0.7732048663491129,0.7732048663491129,0.460644560719089,99061,99061,59017,Yobrifa-West,Agbkeko Central,Agbkeko State,0.5957600382084267,0.0,facility_nearby_mixed_adequacy
W0440,Shaluja,LGA114,42633,7718,Gridded population estimate 2024,0.4115099711464756,0.4106535099119563,0.402971222858322,17544,17507,17180,Yobrifa-West,Agbkeko Central,Agbkeko State,0.979250203186172,0.0020812648406383655,facility_nearby_adequately_staffed
W0450,Birnuwa,LGA114,188455,28202,Projected 2026 from 2006 census,0.669531035064056,0.6078023426609332,0.3470051270245535,126176,114543,65395,Yobrifa-West,Agbkeko Central,Agbkeko State,0.5182808695213875,0.09219690973282063,facility_nearby_mixed_adequacy
W0466,Sharishi,LGA114,88072,15548,Projected 2026 from 2006 census,0.3798016677606333,0.3798016677606333,0.3699895092548372,33450,33450,32586,Yobrifa-West,Agbkeko Central,Agbkeko State,0.9741650462894226,0.0,facility_nearby_adequately_staffed
W0479,Katyodu,LGA043,25059,4392,Projected 2026 from 2006 census,0.3519668331586823,0.3519668331586823,0.1980752653415669,8820,8820,4964,Hanjile,Agbkeko Central,Agbkeko State,0.562766848125902,0.0,facility_nearby_mixed_adequacy
W0497,Olujisa,LGA043,94135,14585,Projected 2026 from 2006 census,0.292455502824686,0.292455502824686,0.0295439482724684,27530,27530,2781,Hanjile,Agbkeko Central,Agbkeko State,0.1010203192865845,0.0,facility_nearby_mixed_adequacy
W0518,Umuwari,LGA043,91696,14631,Projected 2026 from 2006 census,0.5076094534720909,0.5076094534720909,0.2959077764805486,46546,46546,27134,Hanjile,Agbkeko Central,Agbkeko State,0.5829437857323476,0.0,facility_nearby_mixed_adequacy
W0532,Gwobeno,LGA043,54469,9658,Projected 2026 from 2006 census,0.47679668776925,0.47679668776925,0.2300326472392694,25971,25971,12530,Hanjile,Agbkeko Central,Agbkeko State,0.4824543734049506,0.0,facility_nearby_mixed_adequacy
W0538,Baurino,LGA043,51509,8208,Projected 2026 from 2006 census,0.2767856760639262,0.2767856760639262,0.0,14257,14257,0,Hanjile,Agbkeko Central,Agbkeko State,0.0,0.0,facility_nearby_confirmed_inadequate
W0545,Irowani,LGA043,127396,19076,Gridded population estimate 2024,0.614709789588375,0.5899736160116752,0.0,78312,75160,0,Hanjile,Agbkeko Central,Agbkeko State,0.0,0.04024040936986498,facility_nearby_confirmed_inadequate
W0441,Yobwani,LGA022,26544,4449,Gridded population estimate 2024,0.3456824487427092,0.3456824487427092,0.3456824487427094,9176,9176,9176,Daibama,Agbkeko Central,Agbkeko State,1.0000000000000007,0.0,facility_nearby_adequately_staffed
W0446,Shashafa,LGA022,90801,14081,Projected 2026 from 2006 census,0.4136754993709609,0.4136754993709609,0.1677715699599333,37562,37562,15234,Daibama,Agbkeko Central,Agbkeko State,0.40556322580150006,0.0,facility_nearby_mixed_adequacy
W0456,Okebawo,LGA022,65346,10973,Gridded population estimate 2024,0.5007965872136239,0.5007965872136239,0.0,32725,32725,0,Daibama,Agbkeko Central,Agbkeko State,0.0,0.0,facility_nearby_confirmed_inadequate
W0475,Uzozafa,LGA022,28734,5183,Gridded population estimate 2024,0.3365042814150736,0.3365042814150736,0.1937888062107034,9669,9669,5568,Daibama,Agbkeko Central,Agbkeko State,0.5758880849770451,0.0,facility_nearby_mixed_adequacy
W0483,Birjili,LGA022,84992,12908,Gridded population estimate 2024,0.7920464444752187,0.7920464444752187,0.2440282457497988,67318,67318,20740,Daibama,Agbkeko Central,Agbkeko State,0.3080984043953169,0.0,facility_nearby_mixed_adequacy
W0500,Riytsina,LGA117,156842,28330,Gridded population estimate 2024,0.6636141866628673,0.6636141866628673,0.5153663864407927,104083,104083,80831,Zamjidu,Agbkeko Central,Agbkeko State,0.7766054385190709,0.0,facility_nearby_mixed_adequacy
W0505,Riywashi,LGA117,39119,5976,Gridded population estimate 2024,0.1700397923423434,0.1700397923423434,0.1497197200672785,6652,6652,5857,Zamjidu,Agbkeko Central,Agbkeko State,0.8804981352002934,0.0,facility_nearby_adequately_staffed
W0516,Dailutu,LGA117,21865,3909,Projected 2026 from 2006 census,0.536991354562225,0.536991354562225,0.4037267663376255,11741,11741,8827,Zamjidu,Agbkeko Central,Agbkeko State,0.7518310358399686,0.0,facility_nearby_mixed_adequacy
W0524,Wurbali,LGA117,68250,11686,Gridded population estimate 2024,0.2877338577581135,0.2877338577581135,0.1897154344482297,19638,19638,12948,Zamjidu,Agbkeko Central,Agbkeko State,0.6593434499728426,0.0,facility_nearby_mixed_adequacy
W0525,Funzata,LGA117,56220,8588,Gridded population estimate 2024,0.5399084589163177,0.5399084589163177,0.5080433849714948,30354,30354,28562,Zamjidu,Agbkeko Central,Agbkeko State,0.940980598805988,0.0,facility_nearby_adequately_staffed
W0542,Bantsile,LGA073,17779,3209,Projected 2026 from 2006 census,0.6197417872049602,0.6197417872049602,0.2223913637180253,11018,11018,3954,Nasnadu,Agbkeko South,Agbkeko State,0.3588451969989177,0.0,facility_nearby_mixed_adequacy
W0543,Ngeriba,LGA073,14309,2466,Projected 2026 from 2006 census,0.5551906299541449,0.5551906299541449,0.4281968114093812,7944,7944,6127,Nasnadu,Agbkeko South,Agbkeko State,0.7712608756468881,0.0,facility_nearby_mixed_adequacy
W0548,Uzodushi,LGA073,33925,5842,Projected 2026 from 2006 census,0.6599641825502615,0.6599641825502615,0.3714901348604433,22389,22389,12603,Nasnadu,Agbkeko South,Agbkeko State,0.5628943883362206,0.0,facility_nearby_mixed_adequacy
W0557,Adetsita,LGA073,19311,2946,Projected 2026 from 2006 census,0.5980099721823102,0.5980099721823102,0.244703268046548,11548,11548,4725,Nasnadu,Agbkeko South,Agbkeko State,0.4091959656685246,0.0,facility_nearby_mixed_adequacy
W0564,Katnawa,LGA073,11116,1909,Projected 2026 from 2006 census,0.1652213684563878,0.1652213684563878,0.0017069368415808,1837,1837,19,Nasnadu,Agbkeko South,Agbkeko State,0.010331211135267694,0.0,facility_nearby_confirmed_inadequate
W0577,Daibano,LGA073,37618,5539,Projected 2026 from 2006 census,0.5979730838184187,0.4765881038606164,0.4298885833272623,22495,17928,16172,Nasnadu,Agbkeko South,Agbkeko State,0.7189095880071465,0.20299405314815516,facility_nearby_mixed_adequacy
W0611,Dairiwo,LGA036,9132,1503,Projected 2026 from 2006 census,0.5141957730540406,0.4701942778291304,0.0463647683908359,4696,4294,423,Enumija,Agbkeko South,Agbkeko State,0.09016948567168226,0.08557342850868936,facility_nearby_confirmed_inadequate
W0613,Supdesa,LGA036,23259,4191,Gridded population estimate 2024,0.2005052849369578,0.2005052849369578,0.1405279223504632,4664,4664,3269,Enumija,Agbkeko South,Agbkeko State,0.7008689192140124,0.0,facility_nearby_mixed_adequacy
W0616,Ekejini,LGA036,21152,3090,Projected 2026 from 2006 census,0.4493364774637251,0.4493364774637251,0.33108801491379,9504,9504,7003,Enumija,Agbkeko South,Agbkeko State,0.736837607270642,0.0,facility_nearby_mixed_adequacy
W0619,Malludu,LGA036,27464,5014,Projected 2026 from 2006 census,0.5492771921763405,0.5492771921763405,0.3228402942095448,15085,15085,8866,Enumija,Agbkeko South,Agbkeko State,0.5877547781119224,0.0,facility_nearby_mixed_adequacy
W0620,Gwotsimi,LGA036,28730,5267,Projected 2026 from 2006 census,0.7255924763362448,0.7255924763362448,0.2945203870226817,20846,20846,8462,Enumija,Agbkeko South,Agbkeko State,0.40590330885156367,0.0,facility_nearby_mixed_adequacy
W0550,Ngebasa,LGA077,3763,584,Gridded population estimate 2024,0.1474309014196553,0.1474309014196553,0.0047905465006689,555,555,18,Ngemidu,Agbkeko South,Agbkeko State,0.032493503427974225,0.0,facility_nearby_confirmed_inadequate
W0567,Adenashi,LGA077,15920,2455,Gridded population estimate 2024,0.3166388962774498,0.3166388962774498,0.0204604251934852,5041,5041,326,Ngemidu,Agbkeko South,Agbkeko State,0.0646175357292715,0.0,facility_nearby_confirmed_inadequate
W0574,Gwodeja,LGA077,19357,2979,Gridded population estimate 2024,0.3785318269636029,0.3785318269636029,0.3515092407228617,7327,7327,6804,Ngemidu,Agbkeko South,Agbkeko State,0.9286121157697541,0.0,facility_nearby_adequately_staffed
W0588,Kadsade,LGA077,29096,5141,Projected 2026 from 2006 census,0.1786904220762717,0.043385295296822,0.0063798274401104,5199,1262,186,Ngemidu,Agbkeko South,Agbkeko State,0.03570324232256418,0.7572041366699355,facility_nearby_assessment_gap
W0599,Malsharu,LGA077,47299,8059,Projected 2026 from 2006 census,0.4403500890850588,0.4403500890850588,0.3607356147726019,20828,20828,17062,Ngemidu,Agbkeko South,Agbkeko State,0.8192018662290348,0.0,facility_nearby_adequately_staffed
W0583,Yelwami,LGA119,13065,1929,Gridded population estimate 2024,0.1808569680140512,0.1797959861645872,0.0543148046276929,2363,2349,710,Zammiyi,Agbkeko South,Agbkeko State,0.30031911528823735,0.005866414001707611,facility_nearby_mixed_adequacy
W0585,Dutdeyi,LGA119,28158,4310,Projected 2026 from 2006 census,0.271742961503786,0.271742961503786,0.1521986735517187,7652,7652,4286,Zammiyi,Agbkeko South,Agbkeko State,0.560083222430025,0.0,facility_nearby_mixed_adequacy
W0591,Oluzana,LGA119,15334,2253,Projected 2026 from 2006 census,0.6220978684249696,0.6076977492784561,0.4355002236510488,9539,9318,6678,Zammiyi,Agbkeko South,Agbkeko State,0.700050981935769,0.0231476747910611,facility_nearby_mixed_adequacy
W0603,Gwonuri,LGA119,16351,2626,Gridded population estimate 2024,0.2509343701515059,0.1568795043346467,0.1061841340603916,4103,2565,1736,Zammiyi,Agbkeko South,Agbkeko State,0.4231550026259102,0.3748185860712184,facility_nearby_mixed_adequacy
W0604,Okewari,LGA119,19350,2906,Projected 2026 from 2006 census,0.3877313551814537,0.3877313551814538,0.1439688154656843,7503,7503,2786,Zammiyi,Agbkeko South,Agbkeko State,0.3713107375551523,-2.86338210667947e-16,facility_nearby_mixed_adequacy
W0607,Ngetsiko,LGA119,23816,4166,Gridded population estimate 2024,0.4959857101561022,0.4959857101561022,0.0003162106007443,11812,11812,8,Zammiyi,Agbkeko South,Agbkeko State,0.000637539740096098,0.0,facility_nearby_confirmed_inadequate
W0600,Agbmami,LGA040,27160,3980,Projected 2026 from 2006 census,0.2821202789619929,0.2016738998199786,0.2016738998199786,7662,5477,5477,Gwodewo,Agbkeko South,Agbkeko State,0.7148507741520702,0.28514922584792984,facility_nearby_mixed_adequacy
W0602,Yelshama,LGA040,59006,10631,Projected 2026 from 2006 census,0.7825398493135346,0.7825398493135346,0.5375779233588412,46175,46175,31720,Gwodewo,Agbkeko South,Agbkeko State,0.6869655568728152,0.0,facility_nearby_mixed_adequacy
W0608,Supdedu,LGA040,10065,1766,Projected 2026 from 2006 census,0.0435208436382212,0.0,0.0,438,0,0,Gwodewo,Agbkeko South,Agbkeko State,0.0,1.0,facility_nearby_assessment_gap
W0610,Ngejile,LGA040,24367,4215,Gridded population estimate 2024,0.1256638567679732,0.1256638567679732,0.0301681410842736,3062,3062,735,Gwodewo,Agbkeko South,Agbkeko State,0.2400701511173281,0.0,facility_nearby_mixed_adequacy
W0615,Aderari,LGA040,19719,3028,Projected 2026 from 2006 census,0.1913673329218913,0.1913673329218913,0.0,3774,3774,0,Gwodewo,Agbkeko South,Agbkeko State,0.0,0.0,facility_nearby_confirmed_inadequate
